TMDB_ID,Title,Release_Date,Poster_Path
304192,Aval Sumangalithan,01-01-1985,/atgNNyrLRTrsbSiRl7h3Um1Tixm.jpg
78925,Annai Bhoomi 3D,01-01-1985,/jm7SPWxqXWQpi9waHjgtMKPDsnF.jpg
1370686,Pournami Alaigal,12-01-1985,/nrN8Kl0LVRxsJxXt7jLITIrLAeY.jpg
78923,Alai Osai,14-01-1985,/2mfmEJKpwz6SyrZTUtyDy7jpohE.jpg
66384,Oru Kaidhiyin Diary,14-01-1985,/k19IdtKeiz72IHqs9K3AlquTCV0.jpg
261352,Bandham,25-01-1985,/jQnR9xKTZFMDkBHgfMkmTkMY1h1.jpg
758939,Meendum Oru Kaathal Kathai,15-02-1985,/jeGWaBn7IYSdpr6la3Tzx6Hqlt7.jpg
894184,Paadum Vaanampadi,23-02-1985,/rKb6rHX8SwPDLP3BCv4Xa9DYWtk.jpg
371578,Chithirame Chithirame,15-03-1985,/6bsYYvbVxboSNfayS2Owe8DgkZj.jpg
190456,Chinna Veedu,20-03-1985,/5lLVgVVPmsDHM0EiQbd61K8I9oN.jpg
261303,Padikkatha Pannayar,22-03-1985,/qsarbLZOgA9EiKwypreKbZmEUFo.jpg
66379,Kaakki Sattai,11-04-1985,/fCxQzZigbyF0qxYEdANqTXU3Vab.jpg
277863,Udhaya Geetham,12-04-1985,/wluhYxkkMlBM8eOi8i0w1NzJ7wu.jpg
66274,Naan Sigappu Manithan,12-04-1985,/yeXqE0aLqmdSwfCutMwiJFzTboe.jpg
906238,Deivapiravi,14-04-1985,/pviarCl62de2lNeKYpBMvDYmMqh.jpg
277862,Pillai Nila,14-04-1985,/kEAVcgNWHYf73qVUY7ipBZpSvE6.jpg
261300,Nermai,03-05-1985,/3hgKM1SsUVjf5qJVrqvkLl7t1rJ.jpg
306348,Anbin Mugavari,31-05-1985,/x6m3NjMbivtJPie09CF1JSOsnG4.jpg
304662,Andha Oru Nimidam,31-05-1985,/nM9sGAS6H4Fyhn9Hnd4fwY0ycSr.jpg
277858,Thendrale Ennai Thodu,31-05-1985,/f9zfBhHzrnhCXvNqp70UkyIzZJ.jpg
66271,Un Kannil Neer Vazhinthal...,20-06-1985,/jpDnxRjoJjcThalEqMb50JYdMx0.jpg
281022,Pagal Nilavu,25-06-1985,/9wY4rFiLzgB0HP3OEiQwwl8Pp6C.jpg
514714,Unnai Thedi Varuven,05-07-1985,/h7uk2HiSHxeZJBoZRHnhNefsuKH.jpg
78921,Naane Raja Naane Manthiri,06-07-1985,/hLeWkV3LBwfl19TGI46E6WsSwm1.jpg
550316,Poove Poochooda Vaa,19-07-1985,/xbnzbIl2ioajJiyfLZJZYCgVAko.jpg
66381,Uyarndha Ullam,27-07-1985,/llRrt5Zkk8xQTZcPiZL91iFwX25.jpg
261301,Mudhal Mariyathai,15-08-1985,/47S52ZNIW4ARt3i1wpOBX56AeZp.jpg
277859,Kunguma Chimil,22-08-1985,/oWigQIuzDRwEzaOCG2ygMssX1fZ.jpg
906254,Unakkaga Oru Roja,30-08-1985,/fqRuukyBW40QiRdTGcvFObaWowh.jpg
78881,Eetti,30-08-1985,/nemEblIvmePv8zU4Nj7Q0KUP5aQ.jpg
66273,Sri Raghavendrar,01-09-1985,/8jw8ic41CqATsod6eeFQNYCmntq.jpg
277861,Idhaya Kovil,14-09-1985,/f01l2FVLMnZGbpMSbUzsQOMsVRC.jpg
326457,Yaar?,20-09-1985,/ttEu831OGTWDVkVvxTg2M2ARj5x.jpg
261208,Raja Rishi,20-09-1985,/7s7k4lFThyh7W5d2Dnwbb1pPJGO.jpg
66378,Mangamma Sabadham,21-09-1985,/abp9mqmg7gAOA3fVS9GD1k0i72z.jpg
78884,Neethiyin Marupakkam,27-09-1985,/qhyFFbR45XIR6GMbUzPfBcYfK3y.jpg
906256,Naan Ungal Rasigan,07-10-1985,/1ieMyaZ0sSQ9Z4jbaldGmJ2FpQl.jpg
498642,Saavi,10-10-1985,/5qO0nyoaiFicCNo1ts73aoeCy2e.jpg
313612,Sindhu Bhairavi,31-10-1985,/gcUWVWHmsGu7ahGIzjlyrCnObTl.jpg
66380,Japanil Kalyanaraman,11-11-1985,/reX8oHTLlj2lgna7mIOKVSb6X8I.jpg
66272,Padikkadavan,11-11-1985,/kuPb3S6rbRZSuE8VVZiE8GAxxO1.jpg
304204,Chidambara Ragasiyam,14-12-1985,/1r66G9bbDkBqeKeZ1tLPLixJhQG.jpg
304651,Aan Paavam,27-12-1985,/gtKJka6SxtubFelBk8q3BZ48nBi.jpg
1605027,Bhadil Solval Bhadrakali,01-01-1986,/vI01ScbtUhcorpXZBrjrdhwGFE8.jpg
906275,Paru Paru Pattanam Paru,01-01-1986,/eOOnEWHB5qzYSLD7TFjGOJmruIk.jpg
512269,Unnai Ondru Ketpen,01-01-1986,/2nADVgkZ6tqPGYuLhQR0ZEGYicu.jpg
304264,Kulirkaala Megangal,01-01-1986,/w2GsByQjkun5M3jJYJDnRDG5Fzs.jpg
261544,Saadhanai,09-01-1986,/2OJ0nU10HOWAxBFZgn2JrO75iuE.jpg
66269,Mr. Bharath,10-01-1986,/i8IOcMfgKsehaJ1XnfYabAZBaci.jpg
66377,December Pookkal,15-01-1986,/hK1dsJXHqiGyGTegFtg7QmaltjW.jpg
261826,Marumagal,25-01-1986,/wwhYIliTwjAmxtxLRnFTEHz7uii.jpg
848287,Mythili Ennai Kaathali,04-02-1986,/oYmYdLFPC1cZPqEgnB1IokiJ6L8.jpg
66267,Naan Adimai Illai,01-03-1986,/lw1JzP5UQHdFIR8xysODkkarJBv.jpg
277856,Uyire Unakkaga,07-03-1986,/3DgU1zv0Dd7VcNU9UBYyq1PBV0C.jpg
66270,Viduthalai,11-04-1986,/ty8Zw9OZxZQgdgqiiBAYLBciqbf.jpg
78880,Amman Kovil Kizhakale,24-04-1986,/cvNyhndV2ALXgsmeF5JaDQ712UT.jpg
66375,Naanum Oru Thozhilali,01-05-1986,/z4pvOdeam1jVgbfGmdX0pPW3C2o.jpg
514196,Yaaro Ezhuthiya Kavithai,02-05-1986,/ujUwnOxBNZt6hlKIIGhW3759xbO.jpg
509327,Muthal Vasantham,23-05-1986,/xiQ6hVhugPL7QtvvehiP9Jvyti5.jpg
78877,Nambinar Keduvadhillai,23-05-1986,/fNsxIoKDl8NtiD0MypoXnq68o5F.jpg
66373,Vikram,29-05-1986,/zMgY2Cbu6KZBNOh3QSm5yY2hkgA.jpg
512271,Kanne Kaniyamuthe,07-06-1986,/12foMkbzRfaqlm0WOzSLef4uoCq.jpg
66374,Manakanakku,14-06-1986,/9Xlyzoh5Nh8tTag28kcyWq1CwRa.jpg
387762,Kadalora Kavithaigal,05-07-1986,/pEylJkSXCsCUQGhWTN6hzpcrDqs.jpg
261547,Thaaiku Oru Thaalaattu,16-07-1986,/zTtxcjCuP1ZqwzAs19lXPj3HzeT.jpg
304540,Samsaram Adhu Minsaram,18-07-1986,/niFCOvyQmK3vA9ULvLdVcB4Tjhl.jpg
906271,Aayiram Pookkal Malarattum,08-08-1986,/nBivKv0bVV74sICS7n6UBad8vdu.jpg
82124,Mouna Raagam,15-08-1986,/oXy8bx56Fx53sxozHubeLLDItF7.jpg
78879,Oomai Vizhigal,15-08-1986,/oWs87NAHZhqJBLXlEYMxW1GrnXp.jpg
277857,Mella Thirandhadhu Kadhavu,12-09-1986,/iyniGSgndG1ls3L9CxCwDsQJUr3.jpg
304260,Kodai Mazhai,26-09-1986,/XNyCJmfDDnxPZlJ9WJQUEexRYM.jpg
261836,Lakshmi Vandhachu,31-10-1986,/bpL2rQrEARQopaATnlX3aduxNQ1.jpg
949465,Aruvadai Naal,01-11-1986,/eN3sSlZBa00c2NXSiODbYXYG4BY.jpg
304736,Kannukku Mai Ezhuthu,01-11-1986,/e68bvVYAGCwdBcjP9adDQrI2rs2.jpg
66376,Punnagai Mannan,01-11-1986,/nHncwZsDLV3w6T9yNKjsjTKRsiR.jpg
66268,Maaveeran,01-11-1986,/kkjyxHMTRRmlcEMDIdXZXub2oGo.jpg
1391976,Mandhira Punnagai,11-12-1986,/4XpJGZ7KnRzm7YTx9CswRbJzcEB.jpg
261546,Mannukkul Vairam,11-12-1986,/uMVwjo5Zs03hXXHHk87M88LpnNN.jpg
78915,Oru Iniya Udhayam,13-12-1986,/kfYLulLPUOeQctHGQ67mvR5D5a8.jpg
957568,Enga Veetu Ramayanam,01-01-1987,/bG962KkScguu5KoerK3dG6hMs5P.jpg
872844,Manaivi Ready,01-01-1987,/xS1cSUUUDwrE6NB1OlQxAJvdquJ.jpg
306415,Iniya Uravu Poothathu,01-01-1987,/fhGpO6diCjxUCJeBRkKXdXYtk7C.jpg
461209,Poovizhi Vasalile,14-01-1987,/7dIjinOMusFEnscxWVrKsqh1Yhj.jpg
66370,Kaadhal Parisu,14-01-1987,/rBBU3Mhzf8fTuKXR5soch5r5dpg.jpg
304619,Thirumathi Oru Vegumathi,15-01-1987,/mes7vecuxOm8oWwQ6zJ8ya3GTEF.jpg
326419,Shankar Guru,20-02-1987,/6gpT0rWIbCLdxt7l9VUfUcJzibR.jpg
361056,Chinna Thambi Periya Thambi,27-02-1987,/88tZ0lrbPnbCnI74SOgpX1wZHz.jpg
277854,Rettai Vaal Kuruvi,27-02-1987,/zrSTFCPsFQlWSC14blP6ALYghS1.jpg
66265,Velaikkaran,07-03-1987,/2M7A9tVLcC19OQKlNCdSVV3mQns.jpg
78870,Velundu Vinaiyillai,13-03-1987,/owAnfefs6gwZzuOpgQNKxFTJxOZ.jpg
894003,Ananda Aradhanai,19-03-1987,/9m8IpLj6z6QjFMKItEqqCGTpSy5.jpg
848219,Idhu Oru Thodarkathai,11-04-1987,/6gYwcSq2MMD2Pi3AhO3FUyShbMr.jpg
281367,Enga Ooru Pattukaran,14-04-1987,/e9wHOPYirOpNPWK4e1gXn4Wewrz.jpg
78874,Veerapandiyan,14-04-1987,/9PjL7pk8m4lpHhHuF4pesyFQxMF.jpg
66263,Manithan,01-05-1987,/kZWorIfxb63hvpx53sFaC8QgMDP.jpg
261835,Anbulla Appa,13-05-1987,/g572oSvzNV2NRfKhZJPlNWr3Wuu.jpg
906283,Paadu Nilave,15-05-1987,/gerUBF6mK0ZfDbP4WR6PXuV11hw.jpg
846524,Kavalan Avan Kovalan,29-05-1987,/eGpq4Rgbh3sujNc0z5iv81a9sgF.jpg
78869,Coolikkaran,05-06-1987,/6YE2I4dMXMvEgP69Mhqb4h9HzPl.jpg
66371,Kadamai Kanniyam Kattupaadu,12-06-1987,/lsYEeJUfe6mHWa2kWuaQLVjzF5k.jpg
66372,Per Sollum Pillai,16-07-1987,/yFYZclkECGlCk4waBpYcXAyYWC9.jpg
906308,Ninaikka Therintha Maname,11-08-1987,/6QVJqMoX432r3EzmKbcQgTd5Ge9.jpg
261840,Krishnan Vandhaan,28-08-1987,/xZB6ooYD080fAvyQoayYViFWBbL.jpg
244997,Jallikkattu,28-08-1987,/9Lctuh6uX1Go6k17iK0OwjFd956.jpg
277855,Theertha Karayinile,05-09-1987,/s056un0ac1k8GsYTYgRPfzu2tRS.jpg
78913,Sattam Oru Vilaiyaattu,21-10-1987,/8ZmUlJXkTrEpHFuVUkLF74NgBtt.jpg
29971,Nayakan,21-10-1987,/hnCKKPG5VkUiGQV0DTniyMTEZsT.jpg
534401,Arul tharum Ayyappan,27-11-1987,/bwoAXHyObbGkwN7CBYFIw1nZzIM.jpg
758951,Ore Oru Gramathiley,14-12-1987,/dLSTDkPt7ZAen92tJmwM1ZwoSZO.jpg
281375,Gramatthu Minnal,18-12-1987,/f0H9DYDSdzKdrPy05wn8sQ1HYj7.jpg
106844,Vedham Pudhithu,27-12-1987,/ewNo8yPqaiKZxI4ZyEd3t33GNca.jpg
335934,Anna Nagar Mudhal Theru,14-01-1988,/exkN7vxbTebnNr4UsPzXQiuKkE1.jpg
304689,Irandil Ondru,14-01-1988,/kVb5fDR1r6ld6R2JlAIeWgmbIOE.jpg
860674,Veedu Manaivi Makkal,15-01-1988,/l8hntZ50romawi3TYbfTbYM27fy.jpg
66369,Sathya,28-01-1988,/cDwU6KmVzX9HYcjHT7tSZWW72KA.jpg
504050,Ithu Engal Neethi,12-02-1988,/6SHzbbwALxnXkkekwSZv7ucbs4.jpg
906314,Kunguma Kodu,19-02-1988,/p0nU7hGg5kOmGraWhmUfozZ7hcW.jpg
508640,Penmani Aval Kanmani,11-03-1988,/wXcDUCRLor2GpVOka1zhiC7Xc2r.jpg
304610,Thaimel Aanai,13-04-1988,/f2mm4Yk0hxSW4AADserAJxEOMtO.jpg
258278,Kan Simittum Neram,13-04-1988,/hsbXSvKOv2fBFTQ29U25Q1sUxLj.jpg
66260,Guru Sishyan,13-04-1988,/fM3htrPTUNsGZExLi2KNRG1SLuW.jpg
505081,Pen Puthi Mun Puthi,14-04-1988,/xphe54zpSOOFwdezYXpRX5JBRI7.jpg
694848,Oorai Therunjukitten,15-04-1988,/6boKGrAd2BUmO85TcAJveuXkVbV.jpg
306403,En Bommukutty Ammavukku,15-04-1988,/rcEOJvUGELT3PwsuEDO3lU3eXsJ.jpg
78748,Agni Natchathiram,15-04-1988,/rnm8qlFvQnU9Acj0o1tvJsKlzmk.jpg
758903,Paasa Paravaigal,29-04-1988,/8v3mh9VZTjGSKmvkxVhJXc2emrM.jpg
88322,Kathanayagan,20-05-1988,/ps9JM5xGWz4jlg4UV0T9gsF58xh.jpg
78867,Poonthotta Kaavalkaaran,10-06-1988,/2q6RA5cRA1RSPsbJ9PzkE28n0gJ.jpg
199860,Patti Sollai Thattathe,22-07-1988,/3uYjZ9wGqLWXCGJ9SbRZfArzymL.jpg
66368,Soora Samhaaram,30-07-1988,/z3VQspNEOnwXjEyZ6WwuhdEh18F.jpg
339671,Idhu Namma Aalu,05-08-1988,/9f7HoyV0We8I1ork0BFZhP7DrwU.jpg
879166,Mappillai Sir,12-08-1988,/wmHN6WFnDxEvkOYrDV4yYKaKUHa.jpg
66367,Unnal Mudiyum Thambi,12-08-1988,/fnOZVSiCFICKOyPvFuUOxI36o9s.jpg
957395,Enga Ooru Kaavakkaaran,27-08-1988,/xmGwGZ3V3xFXOCZhNJSPE6Jhhzc.jpg
78863,Senthoora Poove,23-09-1988,/wYq5hdKjK6tzVxsWQAVk1tPkz54.jpg
66262,Dharmathin Thalaivan,24-09-1988,/7OncugHQl4RNj89dqKHMrvnX0uv.jpg
758892,Poo Pootha Nandhavanam,01-10-1988,/suW4L3kuzaISOUCeVASfpYaErPd.jpg
78861,Thenpandi Seemaiyile,01-11-1988,/6X2TVVc3NMolwW5uIMy5yAFnKgY.jpg
512272,Namma Ooru Nayagan,08-11-1988,/z2SY4CZ2lfH7kJM9HkqQLTz9Uw3.jpg
78944,Poovizhi Raja,11-11-1988,/lmweiMvAP9hmrzAKqz87bNuHygl.jpg
331589,Veedu,25-11-1988,/rWwVqlSfNJePZ2QmmFyredCMIJw.jpg
277853,Sahadevan Mahadevan,30-11-1988,/3I2XaT0ulSYHgshqNI0vrUWtKop.jpg
906332,Vasanthi,02-12-1988,/iDLcRCTeh8GBf8lhTvDkt7ldMHI.jpg
1322306,Amavasai Iravil,01-01-1989,/ly1nu1o83R9Zv0WaiRJvElWofAg.jpg
957580,Kaaval Poonaigal,01-01-1989,/7TdMVmVYftUES3IFxygN8A9Mmne.jpg
906356,Oru Ponnu Nenacha,01-01-1989,/nPVgqNcYxeydRJYgsSY5h0DpYDJ.jpg
906351,Shondham 16,01-01-1989,/d1GbmQlGmrbHCAChJjIFoAz1adz.jpg
481193,Chinna Chinna Aasaigal,01-01-1989,/xUVvdkszTQb65X3dO8fQRJgomQa.jpg
304334,Paasa Mazhai,01-01-1989,/rqlvqjSVubArJybVOrbQWqXj8Vt.jpg
338357,Sandhya Raagam,11-01-1989,/8WjZVIiYwaZaLfZoXGhTWpKwfTg.jpg
508628,Oru Thottil Sabadham,13-01-1989,/gmY2e6vTeY5XCiVSfv6nGZDNDjx.jpg
560182,Naalai Manithan,14-01-1989,/fzAaBdr3iLXmcY4a9u6OD4Yuf9b.jpg
322072,Andru Peytha Mazhaiyil,29-01-1989,/6aFoLpLqEyBXXGUoe9xNj4uSB5I.jpg
78910,En Purushanthaan Enakku Mattumthaan,03-02-1989,/vORrsh8JG6ivY1mAhbWtGmKxZor.jpg
281385,Thaai Naadu,16-02-1989,/s2IDZxOV5R7vOaAQoEmE5IohMP7.jpg
481083,Vaai Kozhuppu,17-02-1989,/shAMh5vVKWlrDPXyvTXVRPq2rpp.jpg
78745,Varusham Padhinaaru,17-02-1989,/zSjYKBZOvvCZHCnXBKeHzhM393t.jpg
508307,Ellame En Thangachi,03-03-1989,/aEwKRfJNTWmrIkaFm1rOq1TOyyL.jpg
296640,Rajathi Raja,04-03-1989,/yKMghnJJ04siCTi4Rm6XAteYCVi.jpg
78858,Paattukku Oru Thalaivan,17-03-1989,/j7dnlI8EFqL9H49lCUlHkGk8dQX.jpg
306404,Enga Ooru Maappilai,14-04-1989,/4Q1ZFfticq1hgVstEdBWLUamhv8.jpg
66365,Apoorva Sagodharargal,14-04-1989,/jqhffaAgfjNf5TlHUwqdTHVx3Cz.jpg
66259,Siva,05-05-1989,/ixroHEUCIBxvThwe9DKlWGipF4t.jpg
339835,Nethiyadi,11-05-1989,/gJjBSyqJxRiSoq5ceZUsyNdxoS0.jpg
266976,Karagattakaran,16-06-1989,/cn3aJBTaYBkGcPsDFcWkoGjBIH9.jpg
695186,Sakalakala Sammandi,07-07-1989,/ndtNyHzuyOz0zKYmEdbz1ETRVqG.jpg
281807,Pudhea Paadhai,14-07-1989,/bIz3sAoCV3yuyPfpRB5fyi6joQW.jpg
66258,Raja Chinna Roja,20-07-1989,/aqldDxluanw1JhC0qPesAdWUCCe.jpg
935548,Chinnappadass,28-07-1989,/18UxwfWqkjX3pT0NybHZI9bNrzy.jpg
511056,Nyaya Tharasu,11-08-1989,/6uu9kK1742FQp0ELFJhO2DwUDtD.jpg
510382,Manidhan Marivittan,11-08-1989,/ztSS83oGSb6KYKG4mOSsSf5IJa3.jpg
508358,Yogam Rajayogam,11-08-1989,/dKDobHJ7GMNIc5vBwAu6oNXBc69.jpg
78909,Ponmana Selvan,15-08-1989,/gm5IGUW5tYDkfQXtHiGD6hOO72k.jpg
331568,Mappillai,28-10-1989,/1lSLaVxmiptlPc454x6yijZapXN.jpg
282004,Pudhu Pudhu Arthangal,28-10-1989,/jsU8ZafahxttUTn4EF04HwUlqjG.jpg
281372,Anbu Kattalai,28-10-1989,/fJN79pzdFsKe7sr3RfBoAsMMFFL.jpg
78859,Rajanadai,28-10-1989,/jWSOBATvpgHGDb2SvGo63jZNLIp.jpg
78857,Dharmam Vellum,28-10-1989,/yngR0FPaWCvEVMIW7yMlF4QbQFX.jpg
66366,Vetri Vizha,28-10-1989,/hkCfRKtOqIpI2mRS6dhUmIH44nH.jpg
508348,En Kanavar,10-11-1989,/cWH9kC3NmbRJTUkeJAIPK6NfSdj.jpg
66261,Kodi Parakuthu,10-11-1989,/410RNMQFnAUxUEU2X4IYimL3bbJ.jpg
1573176,Ponnu Pakka Poren,22-12-1989,/53EJllPSnHy8E9n2fYzjtE79sh1.jpg
1391974,Pattanathil Petti,01-01-1990,/1vs6YDFQnMGs4mHv6x9gzX9xZd6.jpg
756839,Children of Mini-Japan,01-01-1990,/wZjegy3uBwSuMA78pUfLUTzDDzM.jpg
659230,Thiyagu,01-01-1990,/7oU8DpyGRBUbl22XhRXlinXTQ64.jpg
1126679,Nalla Kaalam Porandaachu,14-01-1990,/3abeP3fdYfGTyhl1AYLERd9FXpO.jpg
78738,Idhaya Thamarai,14-01-1990,/9TOGaRZHkO9k8IDChhqLguUHDns.jpg
78580,Pulan Visaranai,14-01-1990,/4OsX0XpLETZRbnz3wCRRuUUcnxs.jpg
66257,Panakkaran,14-01-1990,/1gH4ul7bC2AjLIyACOjqzFdOpYR.jpg
510037,Vazhkai Chakkaram,09-02-1990,/5xRdDkxfxSnFIVh76RaHHm1g1qJ.jpg
381029,En Uyir Thozhan,16-02-1990,/uMgikT8bh4f5pABs6BycfCG4uTL.jpg
270990,Arangetra Velai,23-02-1990,/43xnfhnZvMyTMq8NglTduJWCcLC.jpg
327517,Marupakkam,26-02-1990,/8RqkNr8qHD7QEP7cifKEzJVKzh7.jpg
14445,Michael Madana Kama Rajan,01-03-1990,/3TzfpFmdTuwRczVmJzB3P9xsHGD.jpg
908146,Valiba Vilayattu,02-03-1990,/d7c6rRSuQ7e9olVG4WsL3L2aWKT.jpg
908157,Jagathalaprathapan,17-03-1990,/z60GPMjal9gmTplwdObdNH3EKJj.jpg
322082,Ulagam Pirandhadhu Enakkaga,14-04-1990,/5NP94joIur768nnPlO3MAJ75Mb0.jpg
78605,Pudhu Paadagan,14-04-1990,/i8A4xmqh4ooofsUd5hezDuj5szl.jpg
504703,Maruthu Pandi,27-04-1990,/nI5qdvLHApaUTa3aZA8e2gBU0IZ.jpg
1308761,Neengalum Herothan,25-05-1990,/p7hoxreqsEws0167Lp1fup6lAMm.jpg
66408,Sandhana Kaatru,01-06-1990,/d7oia9muLwruou3a0vkYFLm6NLE.jpg
371576,Periya Idathu Pillai,02-06-1990,/7IWyBDB3NbvA0qNBpa9isRF9Y0q.jpg
413899,Mounam Sammadham,15-06-1990,/yuVmnOsBsIRC8NZT5NdCWy0RKVB.jpg
66256,Athisaya Piravi,15-06-1990,/4URplSfCzCM4FIGHeAw8eIB4VAq.jpg
519379,Nila Pennae,03-07-1990,/mwKQ9QVdxqtHStyUN5TZTZB3KYt.jpg
651492,Adhisaya Manithan,06-07-1990,/jiP9uewMyCdWu55TRCeTTwvMDtc.jpg
223365,Anjali,12-07-1990,/sCIqLX6yNBmFgI4OSLklVJP0Umh.jpg
281369,Ooru Vittu Ooru Vanthu,14-07-1990,/6eXz8UnaoFBTZsman7UFG8R5rzS.jpg
304250,Keladi Kannmani,27-07-1990,/rJzqvwpW9SnQRwgeyASXoqd6mnv.jpg
445952,Inaindha Kaigal,02-08-1990,/vG7u4xo3FrJtqVn3VIvWcDfkZyL.jpg
704349,Velai Kidaichuruchu,15-08-1990,/jjlRhC0XoUIYrI2ElcsYM9ItWvX.jpg
66363,My Dear Marthandan,24-08-1990,/jUuIVw785at3jQN4qiwwZv87Swi.jpg
281809,Thalattu Padava,05-09-1990,/pwHjzuZEXH9EmAcFoocgumvGjEC.jpg
281354,Puriyaadha Pudhir,07-09-1990,/hCV90i9OSR9qT1UimbkqzaQHjwZ.jpg
260656,Enkitta Mothathe,14-09-1990,/A9erygUgrLYHsm0XkYWe20J75jw.jpg
509173,Pudhiya Sarithiram,11-10-1990,/jzlNuFLkWZT2OMujGocI6crPXz5.jpg
387759,Avasara Police 100,17-10-1990,/o33gpusr87kybv424uhouM8sX26.jpg
78986,Chatriyan,17-10-1990,/f67xYI5MyWZK2wblXaLdCGBx0Mg.jpg
78679,En Kadhal Kanmani,17-10-1990,/zVXoXNXf6vmThuL3L6mbXzVL28y.jpg
322635,Aatha Naan Paasayiten,23-11-1990,/vS4Bd1WvGHS85inIBn9wrRquwQ3.jpg
335930,Nadigan,30-11-1990,/6EQEvS8Wkixz3kYGn2mwm61NBgU.jpg
1126682,Urudhi Mozhi,01-12-1990,/tJMyP7NSoRuWPeV8762aU9PQmdH.jpg
534410,Engal Swamy Ayyappan,28-12-1990,/37DAwOGc5noNgo5yv8Vxs6KsgFS.jpg
411049,Nee Pathi Naan Pathi,01-01-1991,/xlYwKRRKzOxBLCF2WGFGiw7LAWX.jpg
304629,Vaa Arugil Vaa,11-01-1991,/bRpEPiUi0geOtWC68z1biVqIPgA.jpg
282233,Sigaram,11-01-1991,/hBnXLGMUiQjPzvUCNgzqYRuh5nH.jpg
704502,Eeramana Rojave,12-01-1991,/dT8tS7ARdUNrkQe34BwqnJkLrIU.jpg
717632,Kumbakarai Thangaiah,14-01-1991,/pJaBd5UhYpnY9ujd1li4fln2TdT.jpg
66255,Dharma Durai,14-01-1991,/p9jnogmYHj8c5XUauAJRmnEBTpY.jpg
508669,En Pottukku Sonthakkaran,15-01-1991,/7f8NSFQX5odLEV6gcycitGJcMyl.jpg
504695,Amma Pillai,08-02-1991,/i5L95utZEtQsRPA5BNSe3bMvxS2.jpg
1562625,Naan Pudicha Mappillai,21-02-1991,/pKSTtM93O98g7xYm7x4jY47r2Qf.jpg
1121867,Vetrikkarangal,15-03-1991,/m9erzyMD7tjIbrZWARXDtxOMy7Z.jpg
74416,Uruvam,15-03-1991,/e84Khm5THkT2VqYStucS3JUyGIu.jpg
78737,Gopura Vasalile,22-03-1991,/p0zaJWirQMQL3fN6gYuB8Qs4mQi.jpg
353174,Chinna Thambi,12-04-1991,/nHETRq3kJStEBKHzRTzwLJXSYpu.jpg
1660657,Officer,14-04-1991,/dDQkvUcomh3jfNeGbNDziPeAxoG.jpg
428911,Veetla Eli Veliyila Puli,14-04-1991,/ofOlW0sBhK9PJomk4O5aVWgbTWx.jpg
404627,Pavunnu Pavunuthan,14-04-1991,/xFlwsg1KmbzZq6pon4SmTKpRvft.jpg
66428,Captain Prabhakaran,14-04-1991,/eXTWfqdPFPBoKhgxY2p1W5hF2fC.jpg
66414,Idhaya Vasal,17-05-1991,/cZkcLk2ekeXuRTd4ZFAm5qz3oo3.jpg
281345,Cheran Pandiyan,31-05-1991,/kj732E4CZjdaoIzhWwt3fPxNrqU.jpg
504041,Manitha Jaathi,07-06-1991,/zfd6R9zgUepvS4niohbhGNafbEj.jpg
78680,Thanthu Vitten Ennai,22-06-1991,/b487Ah0PIXLButnMyP3y9RlbUjk.jpg
78985,Maanagara Kaaval,28-06-1991,/wzvaMyemnkaCpRVAiRKcGlVdzYg.jpg
278039,Azhagan,14-08-1991,/2crIcEJz0VQXVdOSCcIfzGOw6Qu.jpg
281020,Idhayam,06-09-1991,/xlQ1fsV9Yo97aq3aDGvM3yPPLoq.jpg
327963,Vasanthakala Paravai,19-09-1991,/tMuTXr61wIPV1BgFq6M0KJfRBRs.jpg
455621,Bramma,05-11-1991,/vYAP4oN0dkxksRHA0Rx6nI9yCRa.jpg
408394,Rudhra,05-11-1991,/hmYmrWyFMwbOK3QqBmtEaMa36dE.jpg
66359,Gunaa,05-11-1991,/ifSabca6z8WY2MnGJ7S4vec6cWt.jpg
29811,Thalapathi,05-11-1991,/dpF1Ck1UvpW0ItT1EoX0xNYEhS8.jpg
413898,Putham Pudhu Payanam,22-11-1991,/7lXn4Q9HcIxTgzRXwplklOy7kvj.jpg
531760,Pondatti Sonna Kettukanum,28-11-1991,/wO71pgDJUYshHtnGD1qdFYpYHdU.jpg
304490,Paattondru Kettan,05-12-1991,/5EH6c1OT3c0b1Hnyb5eXT31RvkK.jpg
477115,Rasathi Varum Naal,13-12-1991,/5Sfaq4pa2KjUZUXg5Fk4h7TFAjX.jpg
319546,Rasukutti,01-01-1992,/A38XQToBApDBQDMgKu7ZmMOLfdH.jpg
280260,Vanna Vanna Pookkal,14-01-1992,/oASdy2EUmsM5R9A03kQu90WXTR1.jpg
78983,Chinna Gounder,14-01-1992,/sVMKVjPdJqA17IsUcCOEZOLSoZh.jpg
66241,Mannan,14-01-1992,/sw0NWcFEsy7q7i8WqJ6S0dxROf6.jpg
335958,Rickshaw Mama,15-01-1992,/A1VI0YfbvVJka0B1bxopcLDnWNv.jpg
78771,Amaran,16-01-1992,/6UhejYX4FbMWUWb89UoykKNCKMn.jpg
281811,Unnai Vaazhthi Paadugiren,13-02-1992,/3QOvZjg2Ar8dngMuh6dabVpHB5G.jpg
701209,Naane Varuven,27-02-1992,/wdbZLQDKujlr2nglIbHgCMVVllc.jpg
278016,Thanga Manasukkaran,19-03-1992,/s6mZlvQHn1a5qzbJSoGxp2xoq8X.jpg
66360,Singaravelan,13-04-1992,/uqa4iWJHhFTXJkD1sEOwAr349sG.jpg
508659,Uyarndhavan,14-04-1992,/tP0kJHFYXNTbWdcCuVIjig3qNXY.jpg
78982,Bharathan,16-04-1992,/ddHIZpIq6iQdIWbOJIYsfo3gozP.jpg
78772,Nadodi Thendral,18-04-1992,/qLE9HT8bEZA6F9BHfJqzWgHoDk5.jpg
882011,Oor Mariyadhai,01-05-1992,/1OvSJETKNo6QQ5LzJW1iMVmkEO4.jpg
280264,Unakkaga Piranthen,15-05-1992,/bxOywT4tOVxVmZ9fbo4XrsPBQHS.jpg
324616,Vaaname Ellai,22-05-1992,/7kBk3Upvpkqn0eMuRz4OIygr47m.jpg
722369,Oor Panchayathu,29-05-1992,/xXCM9I0chnkZays42SXBQZeo6hZ.jpg
259255,Sevagan,05-06-1992,/6MxitMahTj2qddLC797MbinxfmM.jpg
48757,Annamalai,27-06-1992,/e96hSrmolvJ2SiaxlDNs3Ye2WEo.jpg
78597,Suriyan,01-07-1992,/bukHw0J8TuF6vpsEENd8b36PGqf.jpg
846531,Urimai Oonjaladugiradhu,14-08-1992,/97RK1X6zwBR9dXEQXkgL2aReqY5.jpg
21463,Roja,15-08-1992,/4vsfaW8actUgPRK79zgGlgpSSeB.jpg
758956,Neenga Nalla Irukkanum,02-10-1992,/6d02mEDyp048GRj9MhkGcuJQwmL.jpg
335938,Thirumathi Palanisamy,25-10-1992,/lqhEyNNeXCnRwUwFMidTYCzuA6A.jpg
69618,Pandiyan,25-10-1992,/cUe5hgdvnUjqqF6DqYI7fnOB7VC.jpg
66362,Thevar Magan,25-10-1992,/wL6DTw3fNDXFnWRdZyvJWpGQaeY.jpg
281021,Chinna Pasanga Naanga,05-11-1992,/yOspQc1iSWLIkod4byYf9hhEclN.jpg
991449,Onna Irukka Kathukanom,20-11-1992,/tnSFxTJPnmeSkrmlYAvuT435PeN.jpg
281383,Villu Pattukaran,27-11-1992,/8RdVGUXBUgrWNYXQqqcYUzOAtue.jpg
63648,Naalaiya Theerpu,11-12-1992,/4k2p95mNHUrEV3uEll4WUp6Ql4c.jpg
245575,Meera,18-12-1992,/2JkTffjWr3IxA1B7X2ADvEi9ViE.jpg
318858,Marupadiyum,14-01-1993,/buvHwSvKZrnIPqyB6kcSATcsLTj.jpg
185575,Chinna Mappillai,14-01-1993,/ud2loVKV98oicTXuscEIrl4adNK.jpg
69617,Yejaman,18-02-1993,/cs1uWKExJCHIwIK9fBoINLtGooU.jpg
882017,Suriyan Chandiran,25-02-1993,/kbedpv9q8i6qPmWpe6AxBZwWm77.jpg
66358,Maharasan,05-03-1993,/373d8Ch3PMH7ZZeS6cLZcECbG6a.jpg
66357,Kalaignan,14-04-1993,/ojBdsUIs9U2tlsCZiAiImybPzdl.jpg
281361,Aranmanai Kili,16-04-1993,/qHIwqpzR9cLrhCNAEht3mqUQsmU.jpg
596071,Lady Killer,14-05-1993,/wH0ak3SzItRjv2ShTw50aYJ7Mrk.jpg
1546690,Porantha Veeda Puguntha Veeda,21-05-1993,/cIjl3ZpBsb5BosEm1sZF8o0QRxv.jpg
78669,Amaravathi,24-05-1993,/SWguFshTu9sCrxs5bGluoZlG4d.jpg
281827,Pudhiya Mugam,28-05-1993,/dajXTX2faQYY9zXtLoIXRwWUlph.jpg
78773,Chinna Kannamma,01-06-1993,/6VUlUWpB1NJUy0qRX1DhL45l8W1.jpg
326321,Gokulam,11-06-1993,/3qhIB6PjZw8uII5yZaiypVYbMys.jpg
66251,Uzhaippali,24-06-1993,/uXyxTAkg7Z9wFRvHbR9IyLB5FCV.jpg
758915,Pathini Penn,25-06-1993,/mB6f3lL7GxF3WacWKrrfPPFXGmJ.jpg
298005,Band Master,02-07-1993,/y2cAY6CW03ufMo5OyBeCWHUeMMQ.jpg
864644,Naan Pesa Ninaipathellam,09-07-1993,/sa6I0I2lVYPNOGR0AgLQDmii8bY.jpg
78978,Sakkarai Devan,10-07-1993,/nKBtXXPXjlnCQap4pQl6lQgEq4u.jpg
361057,Dharma Seelan,16-07-1993,/eLchuuzzOXg2UeiBOoUxFZvf4XP.jpg
1562954,Parvathi Ennai Paradi,23-07-1993,/TbGNc0637gRKyHi5nyUyE4B7ZK.jpg
509099,Pass Mark,23-07-1993,/6qnSBT07JvgJgIbVykNouOXHv7j.jpg
504032,Aathma,30-07-1993,/q9qen4oADAzJ9edM5NtctEUu600.jpg
66530,Gentleman,30-07-1993,/dCQ5YBMRGhTuDvbpeOx5NWGqt5J.jpg
78767,Ponnumani,01-08-1993,/fd2Ql6ZkPLt4ldQxTGglS9kKhwG.jpg
995326,Udan Pirappu,15-08-1993,/msKjlLlktfx5oXd8wdSOEasuO3k.jpg
66249,Valli,20-08-1993,/zKnaVI1qn6Rp5HJcN54eDyUotnW.jpg
801488,Kilipetchu Ketkava,12-11-1993,/2jxKfFuNlakm22BxgDz0ZHITnu2.jpg
281829,Uzhavan,12-11-1993,/c992LeEWBoOLRAstYEQ5Xbk6FPX.jpg
281828,Kizhakku Cheemayile,12-11-1993,/dNnBfZqHS42Bdtr42c7Tf6e7N2B.jpg
112306,Thiruda Thiruda,13-11-1993,/9qnecMIRerHdKkuFTeCZXNNVU9z.jpg
63651,Sendhoorapandi,01-12-1993,/m21rsG8pJyUVfFXRt3S2M7UVWkA.jpg
462144,Airport,09-12-1993,/wdldOiku01jbP25ofbyfBlcfpzP.jpg
992686,Thendral Varum Theru,01-01-1994,/4KCoh2mMPdbyzaAinjmoDk1Avaw.jpg
992667,Puthupatti Ponnuthaye,01-01-1994,/3vdT09V5HDoZTZDHjDOKYyhreRR.jpg
178029,Amaidhi Padai,13-01-1994,/zlkSMxj2Sto8pnqQadiLVSEGrD6.jpg
78973,Sethupathi I.P.S,14-01-1994,/ywrSp12t6QdWiBPaX4cWGF5A7CP.jpg
66353,Mahanadhi,14-01-1994,/2tfkpsl73EpKlBQygbKiYqtfpg5.jpg
279877,Paasamalargal,05-02-1994,/nzBB7GpVpHkoFFfoxfIQr7DRycr.jpg
872849,Subramaniya Swamy,11-02-1994,/bS8NVfda7rW9A3tM5uEsyYRW7e4.jpg
991851,Aranmanai Kaavalan,25-02-1994,/cGPPrWjhLsenmMm0KnaeFcCFl8r.jpg
938892,Captain,25-02-1994,/aC3zyNXE8cfTCCYTJE0EJ3rPH7j.jpg
66355,Magalir Mattum,25-02-1994,/nDuWcFyv1dqPki0r0vYVvw7cSFe.jpg
509829,Rasa Magan,08-04-1994,/rRMjdWSNV7lbrlyJV8qZstFXTkj.jpg
456235,Varavu Ettana Selavu Pathana,14-04-1994,/4TUdGaTX2XX2yYOh5ueK1TFUQsd.jpg
249980,Adharmam,14-04-1994,/36ewDjLYpvZQ3jlgYNz5uvGhaR5.jpg
249447,Indhu,14-04-1994,/hSlGK6BHk0VlPwIFx7Dqi9kCJ4X.jpg
66248,Veera,14-04-1994,/4p10tdNfx7Cz2ygKUfwAAVtYMCG.jpg
281830,Vandicholai Chinraasu,15-04-1994,/hontgoKfwppifeQmm0MCbpn5A58.jpg
66528,Jai Hind,20-05-1994,/x5XxNVosZSQjR8YzDTd2Y6SamHF.jpg
49031,Duet,20-05-1994,/4Ew2KerQE5FN19xYUrzIbNhomnH.jpg
1123609,Pathavi Pramanam,10-06-1994,/wo6CBuC43fdvJQia8U8lUsPf1fa.jpg
78659,Rasigan,08-07-1994,/nouT9OZUcqUmMNDZt6SWoh1evVO.jpg
1613989,Mettupatti Mirasu,15-07-1994,/uUkkCtIx8WdYBIltDX0DJRekPXG.jpg
373461,Chinna Madam,15-07-1994,/wDxlGOmMSOGv3EM357jJDZyFqNi.jpg
326326,Sadhu,22-07-1994,/4jac9KCx0T2pfjy2oYzV4dSB2TR.jpg
669979,Senthamizh Selvan,12-08-1994,/2s40Pe2HE1jpHWfVhuakjIjWXPc.jpg
509539,Thozhar Pandian,12-08-1994,/lsvW6Lj8lU6sAdfgDmQZ8lAusWD.jpg
992684,Thamarai,19-08-1994,/lobDdCoyOtb3LFSsvkyMxVcsFxb.jpg
78974,En Aasai Machaan,26-08-1994,/xdeC3DGm6qGyikZxTaYEc6N8540.jpg
1190617,Rajapandi,09-09-1994,/WkilQxlbhN6YU8EShV4sPuhv89.jpg
281831,May Madham,09-09-1994,/jBbsCZmDyHdi6QusXduGAY7efoX.jpg
335950,Thai Maaman,16-09-1994,/8GGzM0vq3xttbYA0GNOHDI6iVlT.jpg
59265,Kaadhalan,17-09-1994,/pt56OBUH0MjPIDSgx6YpJQRc5vA.jpg
78976,Periya Marudhu,02-11-1994,/rsdqBaUXb2JXULqAqk7yJ9LNOCi.jpg
78670,Pavithra,02-11-1994,/bDcbTZSyldLQrj6fbYumXxT1Vm0.jpg
78601,Nattamai,02-11-1994,/ljhXjovfOjfNQEi65KsnXJeL7PK.jpg
66354,Nammavar,02-11-1994,/mwjmLQsaIDU0RkuZ8bQJhGWpGFK.jpg
509841,Veera Padhakkam,03-11-1994,/6iFGjvHgJpbMVtbbiJj2QWtZtfe.jpg
322099,Karuththamma,03-11-1994,/z1twvvC0OWPIwZfL4M9qmUrE8zP.jpg
78682,Pudhiya Mannargal,09-12-1994,/ieb2f7g3jBseZTbtgegBZD9giki.jpg
504010,Vanaja Girija,16-12-1994,/lvLxswFOOqZJU9Y8aPUOFAZLK5q.jpg
78971,Karuppu Nila,06-01-1995,/qxiTFcIdXXbvbFzfDL0QuNVjqtl.jpg
49074,Baasha,12-01-1995,/xPSw9PLzYFKTVphw9ErZcBPKUsd.jpg
1581071,Naan Petha Magane,15-01-1995,/o4SpRgJEAHFZ3kDUw9ZHIeOzCor.jpg
466711,Oru Oorla Oru Rajakumari,15-01-1995,/cc2qFOrfiwkHQCfKjMOuvXSRpXw.jpg
66352,Sathi Leelavathi,15-01-1995,/gJjxDw7uogiHuDtvkxk3GKD9UGu.jpg
1223808,Paattu Paadava,10-02-1995,/gcOo3gpp6yr9DUpecJYsTlD96L0.jpg
78660,Deva,17-02-1995,/vh7ugzooasJdZnm4MudcOz01vN6.jpg
1140587,Raja Enga Raja,10-03-1995,/zUSMQxWDm2yNq1iUfdRO1TV8ODr.jpg
26247,Bombay,10-03-1995,/g1FXpdQogl84eztCsLI3h8Kmp69.jpg
700701,Aanazhagan,11-03-1995,/Xru1oMlm53n5NDKxIhIEGAsWFU.jpg
326325,Karnaa,14-04-1995,/25UGqYl4AvjfJxHVWR0kLTL0mlz.jpg
78765,Lucky Man,14-04-1995,/61VVKGpKFZtx8A0CBWLRUnk3mq8.jpg
78619,Coolie,14-04-1995,/tYHUD7msZUU3phU4Yr475Q7rJDP.jpg
304564,Chinna Vathiyar,11-05-1995,/aPTQ1KGCSKeOTpkXqW23n6fBqvj.jpg
281832,Indira,11-05-1995,/zZz7yLr7zkNsisWZ3y2tpHxenZs.jpg
78908,Thirumoorthy,11-05-1995,/msqUo6vsQRpjT0sclicSeiI56gv.jpg
78757,Nandhavana Theru,11-05-1995,/f8BEW1CgDAqALXsBV0TQuoCjRvo.jpg
694826,Mogamul,14-05-1995,/hoDoNGI3dmO1MtT9g2aVUazkutV.jpg
374236,Murai Maaman,19-05-1995,/12zWHP4OAMXg9flJ4qFNCINCKzl.jpg
968029,Villadhi Villain,23-06-1995,/mdrTqFC8iM7Cq0AFvTRvQrCDwGX.jpg
1192315,Marumagan,07-07-1995,/pX2tbmLOjarRHq8Uev9tSPWfWyw.jpg
623081,Asuran,21-07-1995,/mr85JWqmmmacq8RjwRPzwB2m1U7.jpg
78656,Rajavin Parvaiyile,05-08-1995,/esxgYQU2XU08Od57OxdCdQIyQBu.jpg
503875,Mayabazar,12-08-1995,/40a5i4fZh2dpc4TrWi2eJ1RQ096.jpg
78661,Vishnu,17-08-1995,/2WQU6lHZMd7y1JHDsTIIgXpFlol.jpg
881996,Periya Kudumbam,01-09-1995,/PXTBEW6Pj1me065miWngrmddTt.jpg
758922,Kolangal,15-09-1995,/aQ6EalIRLdXfTgJkjTu3WEP1AUk.jpg
550361,Thaikulame Thaikulame,22-09-1995,/6KXESbS1bvVGqfIjGbkiSymU87d.jpg
69422,Aasai,25-09-1995,/baIB9Ufp9xsn8Op6mWt47XMw9vh.jpg
78617,Ragasiya Police,23-10-1995,/wIBRDwUR73N3vb2P6WNCqSwc0Ej.jpg
66351,Kuruthipunal,23-10-1995,/1nb44tkZV1eRDCTp7nw2ffQER0U.jpg
66247,Muthu,23-10-1995,/6tL4ujxvyY6Csxv5sKt0fDsCzf3.jpg
326290,Ayudha Poojai,24-11-1995,/k5xPaXEAwAg2ZY6j68LZl3xu678.jpg
725257,Jameen Kottai,14-12-1995,/zVNt8mjNK18Q07hEmKFxEykwCTc.jpg
78758,Thotta Chinungi,15-12-1995,/oW41EDnOqYn4lxoPuqp5qEwpZqv.jpg
78654,Coimbatore Mappillai,14-01-1996,/rgsvkNovRY7Vmf94f6kLKfgTmiN.jpg
410313,Love Birds,15-01-1996,/8rjDYUtNgGkfLCzelHCoqUCLkGD.jpg
278676,Vaanmathi,15-01-1996,/lKSexqFrACWrQqdgsa7tTfZhPGF.jpg
78969,Thaayagam,15-01-1996,/vPMhoOLuYwsvj2BFvc6XvoN1iTP.jpg
78782,Parambarai,15-01-1996,/zKS4mSbD8DbAwbECqYqwGub7ZZ0.jpg
687217,Meendum Savithri,09-02-1996,/e9FuaW4w6w3r9AxPuYPglJUxdo6.jpg
78653,Poove Unakkaga,15-02-1996,/e8iXosfdM17Nl54uPmWpFQwTOCv.jpg
78671,Kalloori Vaasal,18-02-1996,/9W805bulxFq71ugKVxyZcovbQkZ.jpg
1192005,Summa Irunga Machan,15-03-1996,/i6ha7zUn3DMOjGkIj2t7zV1IWOd.jpg
503663,Irattai Roja,05-04-1996,/7InpRGfyIWSNMbqAQoNOGLhh7qq.jpg
78655,Maanbumigu Maanavan,12-04-1996,/rTZclNNzvS6EVjNL0QGgot6y3Dz.jpg
531713,Kaalam Maari Pochu,13-04-1996,/nh2snJvU1hPqTKDd0OW8zTO7swm.jpg
256825,Sengottai,19-04-1996,/vpjWJujWbUDve8SvC8eUWbmdFD9.jpg
31521,Indian,09-05-1996,/zhGayNbH2ZHWaJkhSv3qEhs5fy6.jpg
395891,Anthimanthaarai,01-06-1996,/jZqrNYdKdR6UgMCwPzl0n8e8dVf.jpg
279880,Minor Mappillai,28-06-1996,/j1AyrDYUqQnapyYXmYd5tueRM6N.jpg
78755,Ullathai Allitha,01-07-1996,/zwSeljBqowO9PqjMb7KyyWUmGub.jpg
69423,Kadhal Kottai,12-07-1996,/eUOkKAbc8hAiTWoLxaoDWRMWnKC.jpg
503839,Enakkoru Magan Pirappan,15-08-1996,/50EYrxtBAhjQfchnh6qxMxYkI3I.jpg
12258,Kadhal Desam,23-08-1996,/uHxsoJuYnmH3owTCyVhwNpsLWMR.jpg
262426,Metukudi,01-09-1996,/mMi4ZlXfi1Y2CCOavXYEcYBso6q.jpg
512746,Vetri Vinayagar,16-09-1996,/54vHWpqlofldMCT3shIwVNXh705.jpg
1126684,Subash,20-09-1996,/dppmK3QnI1HZCCWkC2wqR0qhFg7.jpg
301660,Mr. Romeo,01-11-1996,/tYWxdhuzzUmgVv8A6xLLebI5UPW.jpg
324622,Kalki,10-11-1996,/tYzx8AMJVVYwgGpSzqQYn6SEaDR.jpg
280970,Gokulathil Seethai,10-11-1996,/z1e8xXc4IJ0h10UjEFAsYIU76uw.jpg
78991,Alexander,10-11-1996,/ygFJ2zLGoIMSlM58j8sHiepXMef.jpg
69575,Avvai Shanmugi,10-11-1996,/bBSyJ3UM6pvqswgn6LwkxtIb2PI.jpg
78662,Selva,01-12-1996,/iwmrVmQtdyJFu6y9M3o4L6Vq5es.jpg
872852,Gopala Gopala,06-12-1996,/yJX7EExo2szJhNwXlIjiSCqU9s9.jpg
461007,Poomani,06-12-1996,/usyN7a8t5noINdlJ69E4xu6Sn9R.jpg
503629,Karuppu Roja,13-12-1996,/4t5IVbaC5tRIedK0tRAhBJgzsuw.jpg
758928,Purushan Pondatti,16-12-1996,/mMZkgk7sNLOuKo9DzOVCIgcLW8t.jpg
373099,Sakthi,10-01-1997,/3AtqdF9Epdz3MXMkD34JWbaWJrw.jpg
1156584,Nalla Manusukkaran,14-01-1997,/s02jpyeJpimjZrHDvYFiaNcq8qT.jpg
487090,Periya Thambi,14-01-1997,/brZreICkS3MR3hzPh2QPnMqX8Un.jpg
79328,Minsara Kanavu,14-01-1997,/h7a3GSQdt0r1dfQKw9CAkXfEiTk.jpg
78672,Nesam,14-01-1997,/xMkCJYyczz6aj30QoOslKdXFBwT.jpg
78650,Kaalamellam Kaathiruppen,14-01-1997,/ttkZs8PpmaZkwfoJVTQ5sxFI3CI.jpg
49032,Iruvar,14-01-1997,/tyg4Fi9d6SzsemN8uhTuznKZUmD.jpg
80224,Bharathi Kannammaa,15-01-1997,/zbMSUMdkenUjzXR7j3dH9FBp7M5.jpg
268427,Pudhayal,30-01-1997,/jGVXdTUql3DkQ1Eexk65ly8QGWh.jpg
816249,Vaimaye Vellum,14-02-1997,/j3I0KJHeIBCjiImcv1FbOVv5j4a.jpg
503620,Thaali Pudhusu,10-04-1997,/jed9VL9F5OyyYWol3L3xqAdo0ZE.jpg
66245,Arunachalam,10-04-1997,/vplqDhbUk5GMPUosMuQy91NePxv.jpg
503382,Dhinamum Ennai Gavani,14-04-1997,/9E0QCwdvCCThFqgPJBXOy6vkPwu.jpg
78764,Sishya,27-04-1997,/MY5y2nl89nimmpN2MdntM3LD5j.jpg
531757,Pongalo Pongal,09-05-1997,/3v9Gcp3Ar9kj1hhHD5Ud1vjPXPw.jpg
78651,Love Today,09-05-1997,/n8TqVLaqyB2dDnTI8aJfipvIQJW.jpg
78517,Pistha,09-05-1997,/z4laMPWYM3GNEPaqyNbyHTno04e.jpg
78675,Ullasam,23-05-1997,/bzLKv4aRW7DMtIosOEiiAjX3dDl.jpg
98897,Aahaa..!,01-06-1997,/u1Y8XhRnK26gQEhURDCdG5PIyrU.jpg
992579,Pasamulla Pandiyare,06-06-1997,/sKthSn8uO8MlToLTnDyrt9BBpO7.jpg
371373,Devathai,27-06-1997,/dTMBZrvWun1KjKaEGa0U4xgevst.jpg
78612,Suryavamsam,27-06-1997,/m7JjzetBAEP2BOvyp8StzuZTAFb.jpg
273574,V.I.P,04-07-1997,/iM4xp58o7LotAV9xzRDEyb75ZDS.jpg
261844,Once More,04-07-1997,/4CrcRVrYb4EIB4zoZ96WX5Cur7O.jpg
807018,Periya Idathu Mappillai,22-08-1997,/nhCTCJRsKV4FIGu5QtgFTgDJh9w.jpg
486979,Raman Abdullah,22-08-1997,/yCM42DwBElttn1N0Ar8bYTYfS6u.jpg
66197,Nerrukku Ner,01-09-1997,/ziOIIjYY6826RebWErF5bDDtlrC.jpg
503380,Kalyana Vaibhogam,05-09-1997,/wFPKON5f4HYuGm1s3KEcmkjc39e.jpg
503347,Aahaa Enna Porutham,19-09-1997,/wUoYpW0MwK1tgh63CLAHWziiqWV.jpg
1632722,Paththini,26-09-1997,/jopFT4v46Qh1p1KdjTLdiXVWWhx.jpg
501392,Samrat,10-10-1997,/uaUaMzlxYtqZMvKGIFz3sMQnzfP.jpg
179848,Ratchagan,29-10-1997,/852gvRFHLxlzM51kEYc5hnziffV.jpg
246471,Porkkaalam,30-10-1997,/qTzZ3z62q5VWyMSGmRfFK5B6guG.jpg
78778,Thedinen Vandhadhu,30-10-1997,/1xBi8ZvgNMRiXbY1ty8p74HAad0.jpg
758930,Arasiyal,12-12-1997,/pEKlWevm3WdHDN4E2AqMlVo1Yza.jpg
279885,Rettai Jadai Vayasu,12-12-1997,/z0U2Q9AiF1triQensXfza6mWvOY.jpg
69660,Kadhalukku Mariyaadai,18-12-1997,/JWhGtMqWatEdePEcTaTNXLXTzc.jpg
501603,Pudhalvan,26-12-1997,/bzCFF428EWsgHR3lxAaV081XphK.jpg
262425,Naam Iruvar Namakku Iruvar,13-01-1998,/dbxjoQr0Ju8iXblcBRmqCavgbMh.jpg
461015,Kizhakkum Merkkum,14-01-1998,/zYQpIDPHBEqEsnU8d6V82PAU5G8.jpg
78966,Ulavuthurai,14-01-1998,/xwL8gcpXjO6gdeperd5e7IFf0aT.jpg
78785,Ponmanam,14-01-1998,/xTsuARGwAKQ3duFIjIFRs1kobpc.jpg
77017,Kaadhale Nimmadhi,14-01-1998,/mx0NpxaZBKhcn63pGwt4nztEQCF.jpg
358357,Kondattam,06-02-1998,/vApeAis2AF7o7OhDqBlU5pg3OQ1.jpg
281824,Swarnamukhi,20-02-1998,/jEoJuorbYytXKxjQUbn9OUVGhkT.jpg
263464,Kangalin Vaarthaigal,06-03-1998,/zsRdUW5sY0nqWNEkGOY4BzpR0CH.jpg
69420,Kadhal Mannan,06-03-1998,/pBRu82BSltCBLtN1JeIrnhVM0oI.jpg
280281,Thulli Thirintha Kaalam,11-03-1998,/bxdzAQmBAfP2TInYSFAppwrghlw.jpg
992109,Ini Ellam Sugame,18-03-1998,/HdYyhsv6yuWgwnsZS8BrRHu75C.jpg
239017,Veera Thalattu,10-04-1998,/xhlcOl26ZATVK8xojKkL5J2flaf.jpg
78647,Ninaithen Vandhai,10-04-1998,/pliW8t6LKHe9xEhM01oWSKRVKeS.jpg
66349,Kadhala Kadhala,10-04-1998,/a499eAixHz3C3P7WbGnKzy8sSvv.jpg
30086,Jeans,24-04-1998,/uICyDD1FuQIjAm0M0gL6wq5RgPZ.jpg
78676,Aval Varuvala,01-05-1998,/hnWe6pUwxIT8FxLrxoCivxXvJSt.jpg
511640,Golmaal,05-06-1998,/u3uTEbsuvoT81crmiO6yGvNsFjq.jpg
78664,Priyamudan,12-06-1998,/4i5KE2A31HAk6uAhWo1RXmJwZSi.jpg
78610,Natpukkaga,25-06-1998,/jOnbcNtE5KvbPlzSLTaKLzBDL98.jpg
78990,Dharma,09-07-1998,/fo5BvQPR1fZmHQREGfDLmBWVNCZ.jpg
77018,Sandhippoma,09-07-1998,/zR6UH2gHQHWjfV1UV6gpUv98n70.jpg
439115,Sollamale,31-07-1998,/sS91gF1vOtWUbTZzBsvYQ9si5Jg.jpg
78663,Nilaave Vaa,14-08-1998,/5agZjsvX3TLXmkShCsoPhmZKEiA.jpg
78514,Unnidathil Ennai Koduthen,14-08-1998,/58iugAOSOwWP6dvR7wyaDAWU5m9.jpg
326429,Thaayin Manikodi,29-08-1998,/3BzFrQAjENBPXpvxOvw01IYiw2c.jpg
503114,Ellame En Pondattithaan,05-09-1998,/vFEU028xJGw4M9vylgmG8IqxjDM.jpg
277874,Kannedhirey Thondrinal,12-09-1998,/A8NIOLF1QVarZzO3A0TmIOHE36u.jpg
48233,The Terrorist,12-09-1998,/5h3Kuoi5dBdh99aSGr7D1tktXeY.jpg
264804,Desiya Geetham,19-10-1998,/voQUpB13xsZsftGr1UdDMROgAm9.jpg
279887,Uyirodu Uyiraga,21-11-1998,/bQuF0h6DGYIK937x6hUm2uuP59a.jpg
503557,Kumbakonam Gopalu,26-11-1998,/lj27SWAHytZN3kTt8pChNhbneSO.jpg
78513,Pooveli,05-12-1998,/625Ie2acywqQPIB2YKKxeyM8Zt9.jpg
277873,Kadhal Kavithai,25-12-1998,/9gfWZzXoAYGrMgosiVLxQ337FKn.jpg
994593,Siragugal,01-01-1999,/uwH7UTIFdHavs5Ik6sKfPXY2MAb.jpg
326424,Suriya Paarvai,14-01-1999,/sG86XvrzH9YZ85fnxX8pfR4NVhH.jpg
279890,Thodarum,14-01-1999,/p6mjzjE0OqVuH0w7cPq1TEpekz0.jpg
1299006,Ponnu Veetukkaran,15-01-1999,/irvMVMqX3w5CVw47NgItluDfoEw.jpg
78644,Thulladha Manamum Thullum,29-01-1999,/oTCPdMsrntsDDezIBVcB6pNQMwJ.jpg
279891,Unnai Thedi,05-02-1999,/7igRhU1VY8sdxp6arZ3PONnd8c6.jpg
78963,Kallazhagar,06-02-1999,/5JWi0dmkiyn5FiQrkqK4Ce0FfC3.jpg
369261,En Swasa Kaatre,26-02-1999,/cP9w5CoNXiO8r3zoaquXkBGW3gC.jpg
698703,Ethirum Pudhirum,04-03-1999,/emjVmgbZ6P5V0TMoUEuPXwo55Sx.jpg
78665,Endrendrum Kadhal,05-03-1999,/q2YbSjRa2WMasN9Ire6VnnoKQO0.jpg
1697873,Annan,26-03-1999,/aCzEwvrsdMLxJtrQxC8xp9hqJl3.jpg
47940,Padayappa,10-04-1999,/8PSYF0AtpLbSlTDneCUo7zP4qL1.jpg
77020,Periyanna,14-04-1999,/1YE9W6hxYOrC0iP30uJty6f8AUC.jpg
139035,Poomagal Oorvalam,30-04-1999,/qKhnyvvxSP1ZBFzlnbulCTmlJXD.jpg
78512,Nilavey Mugam Kaattu,30-04-1999,/5e5KImDk0NOzDcgtZy5vKhopQaL.jpg
78606,Rajasthan,01-05-1999,/33UjSwMclwQ8wzpZbxMqD5MgXfc.jpg
69428,Vaali,01-05-1999,/gHu0yg869aw51CZXEVAW8P3N0dz.jpg
78775,Kummi Paattu,21-05-1999,/8RCQhPuCW6quJ9XL9HpVV30egnj.jpg
78645,Nenjinile,25-06-1999,/233xiCOK24s4rzD8NAh0xLIM0F4.jpg
271721,Kadhalar Dhinam,09-07-1999,/uGSrQnlrC90sfOnZ7SM3B0yiu3b.jpg
457304,Viralukketha Veekkam,16-07-1999,/vnSzxJspmusaZNdGevPiIkfg5St.jpg
281833,Sangamam,16-07-1999,/6F0EYUBzblKkhji8E9yPNAcEepK.jpg
281825,Anthapuram,16-07-1999,/it2w50d5rVj8NOT9q30zP2pVbef.jpg
78510,Rojavanam,30-07-1999,/pJnjGDae7k7iWQD6HyxUPRlkS40.jpg
335962,Malabar Police,06-08-1999,/nuYRdiRIuJwaCxP4PanLq5aJ4PS.jpg
281031,Kanave Kalaiyadhe,06-08-1999,/7YIefxuacET9vxro9Epngb0DuUS.jpg
77025,Poovellam Kettuppar,06-08-1999,/uyScAhSSaVn0S2zokKzn3nNpMk4.jpg
326323,Kannodu Kanbathellam,13-08-1999,/rQ97hr2YMUURyrWmXfF3ra25LGN.jpg
80225,Nee Varuvai Ena,15-08-1999,/56MtAHOjHHHlbbGCqjLukKxzfCE.jpg
69427,Amarkalam,25-08-1999,/m811mOJFIGSmf2vGbPRhwhgngaZ.jpg
277877,Jodi,09-09-1999,/6XR0QnoTspOduRgs5XSwjparfmF.jpg
69655,Minsara Kanna,09-09-1999,/nQO4fmS667ySGnGo32G0YvZDsqx.jpg
908175,Anbulla Kadhalukku,17-09-1999,/rT7h7pc8RvrcAS2B8UzKgiHF1XX.jpg
80245,Poo Parikka Varugirom,17-09-1999,/jhDCIZmmaHVtjM6DvZOQlq7NDTn.jpg
476956,Malli,20-09-1999,/9Cxj6jC8dpFTwkxXHl1mjxQ5FZS.jpg
78511,Unakkaga Ellam Unakkaga,24-09-1999,/szKT42vpJbcqL7F5Ek0Qbm0NeWV.jpg
277875,Hello,06-11-1999,/uA8i38ri4MpaWI3Lcy7fnWOIZMK.jpg
1413127,Pudhu Kudithanam,07-11-1999,/A7ZZp0T77OWDuyzzBuIrn4i7L1P.jpg
504717,Taj Mahal,07-11-1999,/9cZ0OfwVTT7hQc6D8t1YBwfDgii.jpg
280983,Ooty,07-11-1999,/qMgp20OxQDd4rMGv4PH2PIbwJHI.jpg
78964,Kannupada Poguthaiya,07-11-1999,/9HczeejV6FxVkZkoWyeCiz7dw3F.jpg
66526,Mudhalvan,07-11-1999,/k69lNVmDJcLLJb4LBCk3L2yv4Vw.jpg
336827,Unnaruge Naan Irundhal,03-12-1999,/LPt5jUUTN09ZigZ4ZUswJg6oJI.jpg
78776,Thirupathi Ezhumalai Venkatesa,04-12-1999,/iYNdK51zq2ULAisot8YA47fdLkN.jpg
925771,Azhagarsamy,10-12-1999,/vjRyL0QWfs2t32EFVvvIR4J7eWV.jpg
69669,Sethu...,10-12-1999,/ak7L2zzWojsnmwk7Bb3izV6ZkFr.jpg
1532107,Manam Virumbuthe Unnai,17-12-1999,/boznFcLxaMOcFSZpyER3MDPVXDb.jpg
78607,Pattali,17-12-1999,/ew0edlVZhielf7NNtiMdgSyP8uB.jpg
78961,Vaanathaippola,13-01-2000,/nEk8DvA38XYBaB0bXjP1a3AZKO9.jpg
503104,Kaadhal Rojave,14-01-2000,/5sSkBUSpa6Q7xtQOxup13BdWNPZ.jpg
69656,Kannukkul Nilavu,14-01-2000,/dYsVevca2nzJ1srdx595dDK3NcJ.jpg
264173,Thirunelveli,15-01-2000,/z8WVZolBU8YwEhi05Kg90GjofSr.jpg
69404,Mugavari,02-02-2000,/yy8wGIhuVaDDBrJHc9m1VkjsT7H.jpg
280963,Eazhaiyin Sirippil,03-02-2000,/pi9xv2aeLZoWZGQPne6IotEHfEV.jpg
339799,Good Luck,04-02-2000,/smVJFkueknCngihxdriwrFf9jjS.jpg
60579,Hey Ram,18-02-2000,/v7MM2hogZ6XwPaoHFC66g8g26Mo.jpg
78468,Thai Porandaachu,19-02-2000,/ejWSsFrCouhd6Dq1KnPF3ZcGfKf.jpg
356059,Sudhandhiram,25-02-2000,/iYzE6tUtM7Z20UNvgyHQV8OFEx3.jpg
277879,Appu,31-03-2000,/xfnBVUGpoYJ4WQPrOykBXXhdXVj.jpg
78962,Vallarasu,14-04-2000,/gFsBIbQCtVZ1LVN3a3qkKmdQpFC.jpg
78471,Sandhitha Velai,14-04-2000,/67DriMSFEOLiTnmlfcdK1mNlDsE.jpg
49035,Alaipayuthey,14-04-2000,/rnN492zNPK5zvXvDQILm0KRLwD4.jpg
1176272,Veeranadai,21-04-2000,/fO1d2p2LDgB2Azdq9YqUJIW0XF1.jpg
280964,James Pandu,21-04-2000,/rXAF5kiss2RMdHImbAXSSxO2cd3.jpg
69426,Kandukondain Kandukondain,05-05-2000,/fA4oMpZpLc487DrtZGBeNnGGtoi.jpg
69654,Kushi,19-05-2000,/n0bz0nX3GqPKfoXY8kH8QFTyWCs.jpg
69424,Unnai Kodu Ennai Tharuven,25-05-2000,/g0X7BhFZQ82cEDedKpoHlDoPXN9.jpg
1599294,Forever A Legend,01-06-2000,/cDTEcrNcseTTw5qBvFmc3wwb1cH.jpg
469349,Ennamma Kannu,16-06-2000,/4X2FOi1qmDbij5Q7XjVkPoTAzdk.jpg
264806,Vetri Kodi Kattu,30-06-2000,/fMla2GlgaJa0aQsuclxmboTfOiz.jpg
443716,Koodi Vazhnthal Kodi Nanmai,15-07-2000,/9ZnI2H2CQbCObstMDKHewXdS8h9.jpg
78620,Pennin Manathai Thottu,01-08-2000,/2kSfNByg61f0lgSir9cBfdln41X.jpg
339823,Parthen Rasithen,11-08-2000,/4O4gB6nAJYdItqbqhFnRKJxHSZP.jpg
280965,Doubles,11-08-2000,/gT5lRreCn60u9WC4nIwiEckFtTH.jpg
78621,Maayi,21-08-2000,/meVPYEae3MqvXTVbjMbsAFXG3aC.jpg
1121874,Krodham 2,01-09-2000,/xQhcmZQU1loW3oR8Jx1EtVtv50I.jpg
925765,Unnai Kann Theduthey,01-09-2000,/dSr55WqhB8Fvv0c48fF103yVfbW.jpg
502276,Sabhash,01-09-2000,/4nQHaAKysCnbGt9PVvPImMDv1vw.jpg
338843,Bharathi,01-09-2000,/matJXpmIycu6qW24FzQ7dlTJKsr.jpg
373320,Budget Padmanabhan,08-09-2000,/4hYsZXXtITVkeQBZeZ7enotcbXM.jpg
69446,Rhythm,15-09-2000,/qEUETISm24DWeJReO8dNmxjGvCu.jpg
264069,Uyirile Kalanthathu,23-09-2000,/iGusRlasllSuD93eoEZ3MDejF8C.jpg
280986,Kannukku Kannaga,26-10-2000,/bn95PyTdfPmHWJ7IzNpythpbxPt.jpg
69659,Priyamaanavale,26-10-2000,/ne9ILFrEQP2VsSy00ACNuPJ7s56.jpg
69577,Thenali,26-10-2000,/e4YrxXEx6IsriIRUj69WZVZ8cGh.jpg
66521,Vaanavil,27-10-2000,/4OOpCISAWa11RoqMviitpWezCi5.jpg
476903,Palayathu Amman,28-10-2000,/wcdAB1Pb4uIHXPAwdeXG5jQKbwA.jpg
821331,Vanna Thamizh Paatu,17-11-2000,/zqnNQKn4IHj2BqVukaLlj7FmcNf.jpg
422044,Snegithiye,24-11-2000,/4n6nWpHW4iwXiLdLgomhnKGATjT.jpg
478472,Pottu Amman,08-12-2000,/pZfXVImuo4Iffo8Vv3dJBNQ7BJj.jpg
331659,Ennavale,22-12-2000,/7ToDxTiAUtAzGOuoI73P4mSNtQR.jpg
270040,Manu Neethi,23-12-2000,/6XCdEAJx89LW6YU5NqZON4WmftL.jpg
395780,Ooruku Nooruper,01-01-2001,/iMEZT6RcCNt09iNNhrpQMGI6K13.jpg
366252,Middle Class Madhavan,01-01-2001,/vnqyQBnxBLyAMmPQirWGICQv9oh.jpg
876076,Looty,14-01-2001,/lPlkitJH7zNo8F6ZUjbYzzCHrIZ.jpg
108248,Friends,14-01-2001,/iOCOY9SAD8u9N5JWCaLILrlgpzP.jpg
78958,Vaanchinathan,14-01-2001,/e87AYobsbiEJvjGOnBQP8HVaiPf.jpg
69401,Dheena,14-01-2001,/mL8HvuTOo4SNGkUOjUVATqP4HB4.jpg
467594,Engalukkum Kaalam Varum,09-02-2001,/6iV42Iq3RX0q2hNqiLV75pHkp8I.jpg
1033833,Thaalikaatha Kaaliamman,16-02-2001,/uGhfPLnLIcn1pKI1NY6UhNR10sN.jpg
339832,Piriyadha Varam Vendum,16-02-2001,/62oOK8qr9Ms5uizQylhN7y8OUsZ.jpg
318299,Rishi,16-02-2001,/2x1DC13xtbiR1LblLnQnCLAc6bM.jpg
47938,Minnale,18-02-2001,/gRrvcl7js9oNOx3wmzXwSRzuhSu.jpg
1190038,En Purushan Kuzhanthai Mathiri,09-03-2001,/1slURPfKBY2qCUbSMqHvFD9WzGX.jpg
882913,Paarvai Ondre Podhume,16-03-2001,/536wVyaRpezPWoUSOZXJNRfBlXU.jpg
78622,Vinnukkum Mannukkum,30-03-2001,/ueDFS9Ctt2YFTfM99CvkcAm6fmo.jpg
376073,Little John,13-04-2001,/lcfBOm9ReGV9XkrdkJlmeNAJFIy.jpg
305860,Sri Raja Rajeshwari,13-04-2001,/9sURBTxA2WGB2O8ldo5wk35ZZqN.jpg
63826,Dum Dum Dum,13-04-2001,/vBV5gOp2sqJDglFfTY19Zs26MbC.jpg
69653,Badri,16-04-2001,/vywiSMBCsnXyWTwSD5KcYKkviYM.jpg
78424,Lovely,01-05-2001,/qDRH1sVrBkLbfJR894YRLhXFWDX.jpg
69666,Dhill,05-05-2001,/czukGGA4GYvJYQVFMjP0flvjRft.jpg
712929,En Iniya Pon Nilavae,11-05-2001,/28ilsEzq5IE8eU05h2LVUuELI7V.jpg
153223,12 B,15-05-2001,/75Pq4aabWWQo2T3X2Zb9ifOWAxn.jpg
694810,Sigamani Ramamani,18-05-2001,/9zCAoGfFonIoXTarIPY3BnOvBRR.jpg
383344,Asathal,18-05-2001,/rXIHnSjGRoNlng3G8uKqC2aGDQa.jpg
263899,Sonnal Thaan Kaadhala,25-05-2001,/fK1DYCNAcIW3dYQ3pYuMBFbPGgn.jpg
99109,Anandham,25-05-2001,/7lVSh8EsKv1Ogg6xJmQLalpq3Tw.jpg
385313,Kunguma Pottu Gounder,08-06-2001,/yViD1qfk1z6V40lcbTmRSb1qzro.jpg
69399,Citizen,08-06-2001,/A7OYNRIbsDA91PIE3EgzfyA1Swb.jpg
273575,Dosth,29-06-2001,/8dzOcUADTCiSLK3akKE46uCoxax.jpg
78957,Narasimha,12-07-2001,/6U8PeXXy2WWhle7VnCNFi3QyzzR.jpg
339826,Star,17-07-2001,/ytd0ADHThS6J6wx4492wmb6hPai.jpg
463169,Kalakalappu,27-07-2001,/3WqtP0rZZY1D3dGMKJNoLjA0wbl.jpg
1289060,Nila Kaalam,03-08-2001,/cbmpPewgiL36tFsnQbbiB6qLuRC.jpg
502479,Viswanathan Ramamoorthy,10-08-2001,/4gEKLNycwvscWeAPsyhNOod0ShE.jpg
445329,Kutty,10-08-2001,/s135449fIru0RbzlWYSRe6pwAex.jpg
224930,Poovellam Un Vasam,17-08-2001,/hFspkdWyTNe6FFdDsAO6QqoP8JT.jpg
326452,Vedham,24-08-2001,/wpESanFZMZMefMSJET8CHd0EhYg.jpg
78625,Samuthiram,31-08-2001,/baEZdkLuwq2WTS0STUHpnaYcuA6.jpg
80251,Chocklet,07-09-2001,/xqFsN3B20fNTDVDSxJ5eRbx5uxg.jpg
760109,Veettoda Mappillai,14-09-2001,/wjnn52kBPNVZ0o6NMBFYx1lmjls.jpg
371378,Maayan,14-09-2001,/wipAAMdbyD4TSqbcx0uyEOJRqtq.jpg
280966,Alli Thandha Vaanam,14-09-2001,/iIPsrcI8lOEep9MGVEGOgykddYm.jpg
275736,Pandavar Bhoomi,21-09-2001,/7Kbjmfdlr9GYrNO3BLPiyKg5NqT.jpg
872863,Kabadi Kabadi,28-09-2001,/smzlnqxeYTChrpcQyUiexApJ9Zt.jpg
1035203,Mitta Miraasu,10-10-2001,/yvRhL4W93srJVKpCUoVqJDIav1S.jpg
509482,Aandan Adimai,14-11-2001,/vDr4UeC6HNgIisF8QNgcD9JqsAV.jpg
280967,Manadhai Thirudivittai,14-11-2001,/AsVlLUF2cTNRXxLphL5ggtZBwrR.jpg
111614,Nandha,14-11-2001,/fl7I3LPqyMU1HjeHxxTt0bCDUHk.jpg
78959,Thavasi,14-11-2001,/eYIexF1pwsxJFgGOnw7AiGLzzFS.jpg
69665,Kasi,14-11-2001,/h65xR5tbH3DNCgHfe9ps8jMvOmB.jpg
69652,Shahjahan,14-11-2001,/gd8e02xtmP25LsljKPtxh9gI3jR.jpg
69591,Paarthale Paravasam,14-11-2001,/lxyN8fPb5lVpoUlWO9sKIcwQdao.jpg
66346,Aalavandhan,14-11-2001,/u6C8youno9ycdYfO7DaRi01meax.jpg
78417,Azhagana Naatkal,07-12-2001,/6u2o21ntj4rkoKy7tCbDXGcDSCL.jpg
476941,Kottai Mariamman,14-12-2001,/ptWHyP4DvXmEUoWFKe4eW0iTL1B.jpg
339819,Majunu,14-12-2001,/72lHNCNYUTFR8cbKyEiXVgftAwG.jpg
361051,Azhagi,14-01-2002,/1kCZbrfYmpmSaCdyR6i3GAmaR9T.jpg
278531,Alli Arjuna,14-01-2002,/h1uWmSIdmLgvaCoicwTWx0OvrxM.jpg
269723,Punnagai Desam,14-01-2002,/b4NRDcN5Avb6A5ShvAKdFvV9jrk.jpg
66344,Pammal K. Sambandam,14-01-2002,/ypJ9WzEyriBqer4Z2z12HicdIta.jpg
702364,Dhaya,14-02-2002,/jXyzquNg4n40sCKal5fJ2e0y29z.jpg
280968,Charlie Chaplin,14-02-2002,/AgzxTa433VAz0RAtFwyi5OTpsqc.jpg
40998,Kannathil Muthamittal,14-02-2002,/eypuf9fEWnTH6cSx6Pm82QGqp4r.jpg
281032,Kamarasu,22-02-2002,/4s63cIKLs1XSI9AjfWdCtGk0ujH.jpg
79409,Roja Koottam,22-02-2002,/1WVkOAXlEwI5wXm4qAxqupLu84u.jpg
69664,Gemini,12-04-2002,/xNB30KsiQENcq1VTFm2qqCcb2nB.jpg
69651,Thamizhan,12-04-2002,/3Y6SCeHkCz1JBakEnDqG6xwbn0o.jpg
339829,Thamizh,14-04-2002,/7iR3Z3OtyJVgbaGn2FK0WLF5NN2.jpg
78956,Raajjiyam,14-04-2002,/ylmdZfrCkejmXG1bHj90fPW0LaR.jpg
919660,Sri Bannari Amman,19-04-2002,/6Y6BM73P3dd5Dl3Dl6jStlaPdWp.jpg
278049,Junior Senior,19-04-2002,/gJ8DpvnYPcQzORXLsDgzB0Wk5pw.jpg
505127,Varushamellam Vasantham,03-05-2002,/u7bGKZ9RqpUPUfsePwGbT5rokAo.jpg
69663,Samurai,05-05-2002,/8NPoHZK4vkDEfY0YiHMVcqebS9C.jpg
69419,Red,05-05-2002,/rU2dFHJLKvPwpmMAi7WGCfUAWLZ.jpg
69590,Run,09-05-2002,/9aGNzJwCxhDrDtrHWoKqsMsThWy.jpg
331481,Unnai Ninaithu,10-05-2002,/g4NImD52a4aKiwn3XNEktE6PlIM.jpg
69534,Thulluvadho Ilamai,10-05-2002,/2e6Fn0fSg0jyhjWIgMhgTVmmPX7.jpg
781370,Enge Enadhu Kavithai,31-05-2002,/pViYMWZ51bNHSr7jGmXpyFDNvdu.jpg
78422,Devan,14-06-2002,/ivCprShV3CK9TTsLS47cJaYJp3i.jpg
78623,Thenkasi Pattanam,21-06-2002,/bZ2MDvGzb7is9tND4j3SE3v8v62.jpg
69443,Ezhumalai,21-06-2002,/1kyYeIK365W69kmpgAsgXiQ36b0.jpg
49033,Panchatanthiram,28-06-2002,/ofTPB176uIsjGTdsZbQrVE86yxA.jpg
69418,Raja,05-07-2002,/vB7PbDBI0kq4M5rQXwkimTILg4C.jpg
99177,Yey! Nee Romba Azhaga Irukke,13-07-2002,/kOiOLwfUXmCm5G9lXnwb8keNFkG.jpg
281820,Ivan,14-07-2002,/9CeQLXGCrrQCOYAMdqK58iyktHG.jpg
1632710,Guruvamma,19-07-2002,/cIyNE9UwBMpD7mw2G0d13omWQDz.jpg
264066,Shree,19-07-2002,/bk4Sco8eASAcJHap69nvY3vJE8e.jpg
69650,Youth,19-07-2002,/1qwP8Y9zWFHW8r0RJ47iINjEfKy.jpg
99101,Album,01-08-2002,/dx9LAAdTCiZIyFgtvGmDLr4ZFiK.jpg
429780,Karmegam,02-08-2002,/lHyIpYlfzEZ79tdzzCkIE6LTKER.jpg
66243,Baba,15-08-2002,/4r5Kne06Q20OuzEzV1oGlVv8mEv.jpg
1189952,Naina,30-08-2002,/1PIQx5xs6MLPljZiaYkCwL5cu3S.jpg
280988,Sundhara Travels,06-09-2002,/xk0sarwHNu8rHf9rtqfadsROuR9.jpg
69662,King,06-09-2002,/lXwfgJftS0kH8iEZirxTQDn99Ku.jpg
276257,Arputham,12-09-2002,/3cX2oWZfzALrp6GRk66rSQWPxjx.jpg
281033,Namma Veetu Kalyanam,27-09-2002,/2XVn3a8YmOrWU3jceE75ZNvuHpa.jpg
78624,Samasthanam,27-09-2002,/qdjRNntzh7O5q6vlwoHQqAvUa0j.jpg
497446,University,04-10-2002,/ytASGrJJyq31HHzoER19boKxBvh.jpg
99139,Five Star,04-10-2002,/vL7obvYAVcuBp4RTqCiviWmAP9z.jpg
927649,Game,04-11-2002,/jpAiFivHm3svknYK4paHsXkn3lo.jpg
502273,Padai Veetu Amman,04-11-2002,/uv2XDrF3vRBp2IsWb6pSSldMGBK.jpg
264807,Solla Marandha Kadhai,04-11-2002,/qc3PXG0LVKSIvzuybcVYMZ1b9f2.jpg
78955,Ramanaa,04-11-2002,/qcMxg4Tdj1ojbq0lAqJVKyq621L.jpg
69648,Bagavathi,04-11-2002,/2YQPo7auhlviwYHxkgresGCVgSm.jpg
69417,Villain,04-11-2002,/y3eoYGx9HtfYoq7AHOGAM1pQIUC.jpg
66215,Kadhal Azhivathillai,04-11-2002,/fMVaDg1X0T1MHSTX9e4oxE1vDQt.jpg
781708,I Love You Da,29-11-2002,/pk4Ahy01TPSy5onjHWdai5PAUtk.jpg
99116,April Maadhathil,29-11-2002,/t5gU0HQJEZHwZgDJPaFY2t5suOC.jpg
281392,Mutham,05-12-2002,/nz3a4n52gnAlIXCvhYjDgYGHm6E.jpg
1479991,Jaya,06-12-2002,/j9pQXbxX0EWbCH45j9FL9zdXEyN.jpg
322928,Bala,13-12-2002,/xMHWIrQGANvLXUvt3LmcjYGj6kc.jpg
111583,Mounam Pesiyadhe,13-12-2002,/nvgnteJqmaxIyyaJrZuoRhYi5kb.jpg
1586255,Style,20-12-2002,/9hBRGZ07dpIVF80n3wmiHEZ7b7K.jpg
269721,Virumbugiren,21-12-2002,/a0Lt4fQh9XlTvyOd0RcUnLgDioQ.jpg
281038,Kadhal Virus,26-12-2002,/rRPRmLWf9Yjgln8VBYofBSvDPhw.jpg
26910,Anbe Sivam,14-01-2003,/nT556HbikCCLABe8xQ4zQ2QIb0O.jpg
335963,Ramachandra,15-01-2003,/kzCErbMwE2tPxKZyxSs1mYRsQmx.jpg
69661,Dhool,15-01-2003,/oz3a9QkNMLozHegJE4bDY0oxO4Z.jpg
69646,Vaseegara,15-01-2003,/ph0HoT40bV1t8vGGHDj7I8ZKcna.jpg
312228,Aasai Aasaiyai,31-01-2003,/ePvtTC5FQYfma76jFpjSF1kI9OI.jpg
257075,Julie Ganapathi,01-02-2003,/gChw8ncSoUmUkbvNAyMlxPsMam7.jpg
280990,Kadhaludan,13-02-2003,/newGazmEnr85LGPf7zPV360W9pF.jpg
1317973,Student Number 1,14-02-2003,/iKU0jET1AADSSuyrraKj6WVpbik.jpg
303042,Anbu Thollai,14-02-2003,/9bWBFJyNPsoqplMwQV9RUgH67Vk.jpg
413413,Yes Madam,21-02-2003,/uKZbwp45tiBBkAHHgFOMPFXMMDQ.jpg
1586248,Military,28-02-2003,/p1sHgJKSFobRWJJa3amT8Vl7r50.jpg
505150,Pallavan,28-02-2003,/k1uvU1hzHLaB1xe4pjfsw9iWDeD.jpg
69565,Jayam,03-03-2003,/bssAgHHqN3z3enCtwJn3vKGYUgf.jpg
69558,Thithikudhe,03-03-2003,/v6gPoHgkK5CVJE79uGvyZtC9lpm.jpg
69416,Ennai Thalatta Varuvala,03-03-2003,/se2Fq5D4CTSmvqCv7lQHLh78kt7.jpg
275922,Manasellam,20-03-2003,/ukHgI985dJI24QtVahtgcliqQdl.jpg
263881,Dum,12-04-2003,/w9FJqr4TEi6sMWqD5rdbEyOKwkC.jpg
69667,Kadhal Sadugudu,13-04-2003,/hXU5VytWxzjW13njSVItbzJURrm.jpg
1035027,Banda Paramasivam,14-04-2003,/kHzCavLLFXaptmltcL3uD4s3SmB.jpg
78630,Arasu,14-04-2003,/sStMufzt8EJZZ4RoDTfbW7nf2BD.jpg
413144,Punnagai Poove,20-04-2003,/jZu1mqfuTUz4SKIKyLoqOtuixrR.jpg
322930,Anbe Anbe,01-05-2003,/7lIt1TgdwBkAvlaShipmL4v3d5i.jpg
69442,Parasuram,05-05-2003,/h45mpnKMZGiqYWzbsf9UY2OnVMk.jpg
69415,Anjaneya,05-05-2003,/jn3eXGEkAMDo3ufmlTWl0TFcGCg.jpg
49029,Saamy,05-05-2003,/932IkUzs2H5tuRxbKyTO4XdGcty.jpg
63646,Puthiya Geethai,08-05-2003,/sLb9hJ0TzModbi7EZMXmTqEpaQM.jpg
111540,Lesa Lesa,16-05-2003,/fELrKgjqKc7hfjbUqlla6KpWP91.jpg
79412,Parthibhan Kanavu,23-05-2003,/dhyrahTvPlKKKwpOwfkzApa95W0.jpg
78629,Paarai,14-06-2003,/36wG9OefNgnWZVh5nPx1YWMvvlY.jpg
66343,Nala Damayanthi,03-07-2003,/jsmnTsLQHmrAbVhjS4l1R69zvsu.jpg
280971,Whistle,04-07-2003,/ugnurr1C2zBTnHprw0lyFpJQCVq.jpg
69533,Kadhal Konden,04-07-2003,/kqyE6xNR3YsSxbNephE08LvYjtl.jpg
69630,Alai,08-07-2003,/zvxzL3rHvAqIZ6KwHNp4JU7GAAq.jpg
664556,Indru,10-07-2003,/hJgksu17QD4tia0TvG1dwXxpkqW.jpg
276029,Priyamaana Thozhi,11-07-2003,/xAbeLoKEkOg5nK3uuB2imWvJlr9.jpg
330629,Kaakha Kaakha,01-08-2003,/d1tXC8fqHr9khx9rt6W6lVSOlmn.jpg
505151,Eera Nilam,08-08-2003,/f6WxTRfIx3BOX2i03sNOLui21wB.jpg
78953,Thennavan,15-08-2003,/5oNPpAopjp4itaOSfoDxn9JGMM4.jpg
75076,Boys,29-08-2003,/oQBEA5Slv40HHHM5WA1ey8D7nnl.jpg
69531,Thiruda Thirudi,05-09-2003,/pIFIZl24G4xrE50sz9JBpH9JDmi.jpg
335959,Aalukkoru Aasai,12-09-2003,/jOG0CUJKcTfhKVfOXYumBzUpDxl.jpg
996760,Galatta Ganapathi,26-09-2003,/vm5KFpbWkQ3gNcFhtOyozj8ZEYL.jpg
879607,Three Roses,27-09-2003,/6RZDDVt0fbUzB6vMUijRoztjpDp.jpg
277880,Winner,27-09-2003,/pGdTtKmQGoMpuTLqPwk67QpdS79.jpg
78626,Diwan,10-10-2003,/7l25KoOX86bbUGBpDBxjDSTcIek.jpg
69657,Thirumalai,24-10-2003,/kdWYGd1KnfsFuwpslVMLCDtS7EW.jpg
69638,Pithamagan,24-10-2003,/rVjlkoD5jfSkSrVJlaBlxFOQ4X0.jpg
69441,Ottran,24-10-2003,/hDV6y9jVikZrqlgn4usqCge6Uj9.jpg
166228,Jay Jay,14-11-2003,/jAOh9rx3ORpvW81BjF9fXHQyvUf.jpg
281394,Iyarkai,20-11-2003,/cBxswEDjuFr69IP7OjZLprZ7yUo.jpg
63819,Kurumbu,21-11-2003,/jCF9NxP2FAvcK78JNb9cj8oxIn1.jpg
756883,Nadhi Karaiyinile,28-11-2003,/1qfXh439GBZOEy54AWQVFkUpTKA.jpg
322341,Joot,19-12-2003,/bfYIh1MjyFL7tH2aZQrDj6e2zy6.jpg
99122,Enakku 20 Unakku 18,19-12-2003,/hmvwlPu5yeHXya6J9WqZiCijYzn.jpg
281821,Kadhal Kirukkan,25-12-2003,/385E6ZeWlmbO3UvarjuVNvhTP3j.jpg
1604680,Vaastu Marabu,01-01-2004,/443GBmimS2Wlg1cbTyntVKXzZwH.jpg
69414,Jana,05-01-2004,/fu2NwlFtqgwcKWF2VTIxcodbm9p.jpg
69438,Giri,10-01-2004,/3MRyKMQyY6IrEV1zIMCQPQdN23S.jpg
277881,Jai,14-01-2004,/wU3d1jFWX46jZulD0GgzIExwAP4.jpg
69629,Kovil,14-01-2004,/3b8gaiVsRrvqntYlBDdUXdytWbm.jpg
69528,Pudhukottaiyilirundhu Saravanan,14-01-2004,/2at4TpDeDo8Spb1BSxp36WrTsq3.jpg
66340,Virumaandi,14-01-2004,/iV24YxRf7JohgzhK7jw9CpSNFaX.jpg
78952,Engal Anna,15-01-2004,/9pddhQjfcEvKI9YiRXup2TdI60m.jpg
78628,Chatrapathy,03-02-2004,/abeTFrScKjQ37fnic2BSSe671N2.jpg
280982,Thendral,05-02-2004,/6rlp00FojLoNkR3slQVfmekjdM0.jpg
269720,Varnajalam,13-02-2004,/eiNMWrFxknyv29sZCqxZJ1Y9lIL.jpg
254169,Kamaraj,13-02-2004,/wBxU5ooB98tKtKlAOd15lTOUiiC.jpg
333774,Kangalal Kaidhu Sei,20-02-2004,/yEtLoHmoRCxuPXB5qSR92Es8bpC.jpg
140299,Autograph,20-02-2004,/icy3xHF6LcHSys9RxNAuI4xyAW1.jpg
856110,Adi Thadi,05-03-2004,/rp7iuppyyaaf8H2KD6ZRVWks5x9.jpg
69658,Udhaya,28-03-2004,/rTCLFuy4XrKZbLnsUtCFWAUeI42.jpg
78627,Gambeeram,06-04-2004,/eulYuq81w6vL8rgRI48V5FftahB.jpg
69628,Kuthu,14-04-2004,/j5u1jkVNEwOYNid07sIKnG8Rkpg.jpg
353757,Vaanam Vasappadum,16-04-2004,/y94a2SwRAxxMECkdj5AD9DQa8VU.jpg
77013,Perazhagan,16-04-2004,/kjVa2WukH3MGLiDVFMuPuiYOzjN.jpg
63647,Ghilli,17-04-2004,/aUvUohnBgX5sbuMKNyKDAPAoVNc.jpg
216676,Aethiree,23-04-2004,/qe2QAAR8HUJhOuzdwlhsDwRtXoQ.jpg
262600,Shock,01-05-2004,/ksp4bEWP3UWoW5ZdRgFWpr8DNQD.jpg
63674,Arul,07-05-2004,/dDEv1rGGyLNs1ZnOSDDL29cwA7Q.jpg
63825,Aayitha Ezhuthu,21-05-2004,/7SJMzuXWaVwjUHfGJaMzU0cTtJB.jpg
78631,Manasthan,11-06-2004,/g0kJjXlx6rQFjwKErQHCQhLkPfs.jpg
502070,Super Da,25-06-2004,/3RFrLne8UTzNmrmu3yQXELrQfKe.jpg
80227,Kannadi Pookkal,14-07-2004,/xNEa2dAhLp9YuDKfnmGu9OxYksM.jpg
60589,New,16-07-2004,/pZImlxvmBO1x251g53hWUjyNxb7.jpg
69525,Sullan,23-07-2004,/sZZxrHNJkRHoMbfuXymEH1vqflh.jpg
63678,Azhagiya Theeye,30-07-2004,/mUksXUhQk7motOM2V7SZTouuaVO.jpg
575278,Arivumani,10-08-2004,/rmmJO4Iyropi8r7xb5QsAKHKrKG.jpg
48760,Vasool Raja MBBS,14-08-2004,/fJwUMkSMHGhvJmGnbXhxL1goz9u.jpg
269718,Bose,15-08-2004,/8MyKtcpUXUxck5B746hNZwKqK28.jpg
1586243,Azhagesan,20-08-2004,/mRLP8h59XDQqKcRUw14LKhuJoS3.jpg
63644,Madurey,29-08-2004,/oCykBqQkGwFK90SldyT6ILdwLXN.jpg
63816,M. Kumaran S/O Mahalakshmi,03-09-2004,/ArVe9XK7XyGtG8lP6o0n7TUP0FC.jpg
76967,Chellamae,10-09-2004,/wGukw0joXvHflfyGdlQAVBuaPsL.jpg
69439,Arasatchi,22-09-2004,/tWfzGQfBslc9ZxnYa9qYNYcqLad.jpg
66505,Gajendra,22-09-2004,/i5b5yjhru041eWUPY1FKsAL9yYU.jpg
423348,Adhu,15-10-2004,/9KzL1kROEvVa8TpVPabqJG1ol1J.jpg
24448,7G Rainbow Colony,15-10-2004,/87qT4iZ3ksBBsiKdqHUJEtZcnum.jpg
277897,Vishwa Thulasi,22-10-2004,/e9C3VJWwIkhcpns0W1NC9r7T2oy.jpg
79651,Dreams,01-11-2004,/nymyk3SNdFvXGSMxxyRhbcdwgy0.jpg
78951,Neranja Manasu,11-11-2004,/jTfhZDeVcYAFz0S5qQgMuzmefgo.jpg
335946,Jore,12-11-2004,/sGYDsLvHRvlmgCYmZ5o7cZDElD3.jpg
69627,Manmadhan,12-11-2004,/wI6xh3sukAIkZqsDR2PHUo9hOd7.jpg
69394,Attagasam,12-11-2004,/yrG9GWyTz2EYXko1leZSEqNnZdf.jpg
80250,Aai,01-12-2004,/soPupf6fHuh3oGtanJq1aYoaWOR.jpg
335913,Maha Nadigan,03-12-2004,/bc1yIWv6p0ccdQWrhAmnE6GgEIx.jpg
281396,Birth,16-12-2004,/2LXnJTdEQmSNWqdweNlKRBs1SgX.jpg
1613991,Meesai Madhavan,17-12-2004,/cW6GQQ1OEE4rCtTAfk5VVt3xB8t.jpg
79789,Kaadhal,17-12-2004,/rQlj2nfvkBJLiZA3OTvzZrsjavU.jpg
69440,Jai Surya,17-12-2004,/9Oua24rSooJJ7EDy6NFqyFCU68D.jpg
1123791,Pillayar Pettaiyum Kandhu Vattiyum,01-01-2005,/v5aPXVFWoNEkDpagTWzhjLJyUUk.jpg
705356,Uyir the Soul,01-01-2005,/n9ObH42wgE17HeD5cCd9bVUCU65.jpg
395777,Navarasa,01-01-2005,/u1BYvZ5rPVzHxyZSUyvxBwxvWlz.jpg
309888,Englishkaran,01-01-2005,/y3o2GHNGSLyfAktkVpaDA152EeD.jpg
604217,The Gravel Road,13-01-2005,/jcrGWIxbYVC5tvSQFgzeNrEA3LF.jpg
269724,Aayudham,14-01-2005,/9Z45g4qmSO0o0H3jBzQCKHxU1UA.jpg
69523,Devathayai Kanden,14-01-2005,/qgsHuHXlQDEqZ5EQ7I9jiXuH0Fv.jpg
63642,Thirupaachi,14-01-2005,/2DLhmWDkJiAMKS2VDtjNVrYXm2F.jpg
60578,Ayya,14-01-2005,/514NdnX5jPBbGMnmzDaWrWKGytC.jpg
277883,London,31-01-2005,/q7Ly8HbMnJCwIN8pYywPQh8v1vt.jpg
69413,Ji,11-02-2005,/tjqzne0lJCAulScQf0v2Gkk0KId.jpg
331226,Mannin Maindhan,04-03-2005,/4vnYkKEnBCNRwCH1rzVtXicJtbG.jpg
69556,Raam,04-03-2005,/x2ABa7za51NlpojRlu2DE3wb3Rc.jpg
335793,Kicha Vayasu 16,24-03-2005,/2IDD7XMVEQjq0kLJiVogW1PF8Yt.jpg
332805,Thaka Thimi Tha,31-03-2005,/srBmHFd0zwQTGtqouudw4cVHRch.jpg
69587,Priyasakhi,14-04-2005,/eIg9iM8YXO0xKdpBHBFy8O8VfB2.jpg
63641,Sachein,14-04-2005,/9AUF9tuykPsiAkjqewliulPNT4y.jpg
53122,Chandramukhi,14-04-2005,/k5VwUvsvY0ft1vccTWBbbSTCVkY.jpg
69572,Mumbai Xpress,15-04-2005,/iRoC6isEOUBr8VEeSrKG2ZtRkih.jpg
69637,Maayavi,05-05-2005,/m6G8dxB4ftDiCarLn7arf7Nbx6a.jpg
69436,Chinna,05-05-2005,/nCmBvaMqobVDJwEj1I5El5NRj6u.jpg
69435,Aanai,05-05-2005,/u1uCegidpYpC1JQx9V7LvqZD8LF.jpg
332807,Karka Kasadara,06-05-2005,/yQAOiWkn2xxJvwLlgTWiyolnLCj.jpg
81130,Jithan,06-05-2005,/gbARrZi3QbNNi89MBjogPNHeYfN.jpg
63638,Sukran,07-05-2005,/5VhK388UeEjhNMiiZzp2wid2hSW.jpg
69626,Thotti Jaya,09-05-2005,/2NM3QPPEP2gMwNar4sIybXaSbA9.jpg
99193,Kana Kanden,13-05-2005,/vMRBZ2kifGbhGCuYWQWYMGChR0e.jpg
63666,Arinthum Ariyamalum,20-05-2005,/4z7yADvly0iM9f6vEeBkNxdS4jl.jpg
758937,Power of Women,27-05-2005,/6zbbvrSbbKMe4dyV5RW3Phyoc4A.jpg
77081,Ullam Ketkumae,03-06-2005,/fR6GMW94ie29tY34OXCIcu2y3G.jpg
19978,Anniyan,17-06-2005,/c00EX1zqb8DppHIRB6d51kN5Y27.jpg
79804,Feb-14,01-07-2005,/ivWoj6CWtdfsgTWxo50zJUVr2Ag.jpg
273902,ABCD,12-08-2005,/yxKiWLBfWPxl3xl5MIyKDDsyUMj.jpg
77095,Ah Aah: Anbe Aaruyire,15-08-2005,/lgIzLThcqR1Wsupo3aoFcb24Uij.jpg
63679,Ponniyin Selvan,16-08-2005,/bf272SLdk9TnLlAJq9jJYfSbT0i.jpg
1123617,Andha Naal Nyabagam,19-08-2005,/uoZs5OT9pj6uKcS9ReBusRFxM63.jpg
519852,Chidambarathil Oru Appasamy,24-08-2005,/Ar0nNU8yqHQfG6TgQnoYxAOqnkG.jpg
79413,Oru Naal Oru Kanavu,26-08-2005,/o0CC7j0rE6mHp5zk8KwBrTOK3oM.jpg
63822,Mazhai,30-08-2005,/xFWyYyo3Cybvc7Z27VJ7513Cv21.jpg
77082,Oru Kalluriyin Kathai,02-09-2005,/4qkCiMBWfBa912s7AGZlW7tszpI.jpg
80246,Chanakya,26-09-2005,/n5xyGHE22St5ngVjm6NyqkesiSn.jpg
80229,Kundakka Mandakka,05-10-2005,/4FVxPXa5VYCR2GcD2ZK4wgVHqzi.jpg
69636,Ghajini,14-10-2005,/fWCiwGeABg5APrLGHV2IgxoP20N.jpg
262601,Thavamai Thavamiruntu,31-10-2005,/tFVhm4dTrg9ZatcMohGp2QkZ0iS.jpg
48759,Sivakasi,01-11-2005,/cdyiZ7y9WBUwpGBk3B4cQmfgyAp.jpg
79653,Adhu Oru Kana Kaalam,02-11-2005,/ojQ9cUvmu6Qq8s0FNeg2KOM24t7.jpg
69670,Majaa,02-11-2005,/Aw9K3Z3lVypmv6wWqtJdg8Gqe4X.jpg
460849,Bambara Kannaley,18-11-2005,/ig1zlGQ0PXWj4m01G37WXQ6OxFI.jpg
99414,Kanda Naal Mudhal,20-11-2005,/zS5EgM1d7LHgWmVp7GN9bYfMkVI.jpg
63823,Daas,02-12-2005,/8tj5vNW45kgUAtpElrQnQr65TGf.jpg
753853,Vetrivel Sakthivel,09-12-2005,/oblNVym72mreDDj0z8TDKGQdXhB.jpg
35643,Aaru,09-12-2005,/ihNGwszP89k2h4OHaYAnePQ15xc.jpg
76965,Sandakozhi,16-12-2005,/yXkfLBmQq19FSGlKdN2a9WPsUTc.jpg
279529,Pasa,14-01-2006,/d66XoLXcLe9SzQHch29piwrsVHt.jpg
69412,Paramasivan,14-01-2006,/uLP6P2M9fJW0eIUuKY0FxMiWQvJ.jpg
63637,Aathi,15-01-2006,/h0tDFt9uqFLG4YQ8wfjH6OtGovv.jpg
69625,Saravana,01-02-2006,/ngH32R3Fc730M1Tf2pjiDaY3MUC.jpg
63817,Idhaya Thirudan,03-02-2006,/h3QkrVlItFrIA1Ow746w6okq7Sc.jpg
261905,June R,08-02-2006,/mx9KxlVvOCFepHJnu2dWouwQIRJ.jpg
79667,Chithiram Pesuthadi,10-02-2006,/iXyR6BPB9ANT0vk0N6CUYufCBBg.jpg
77096,Kalvanin Kadhali,14-02-2006,/jEAOWoO7SGBSVKPqlKdU7VMefBk.jpg
224932,Kalabha Kadhalan,16-02-2006,/rSGhN9cloQkP227IeIm9NbKXynU.jpg
63818,Pattiyal,17-02-2006,/gLASre6Bh78nvSNYl8vPxhiFVUK.jpg
69584,Thambi,22-02-2006,/bCptmUo7Pi40oeb0vT55lnd8tGL.jpg
280975,Kovai Brothers,23-02-2006,/b8U7EQrWpTom4uCep7U48YeuNcx.jpg
79417,Mercury Pookkal,16-03-2006,/pQIFmRPPGTeRUl3Rpq44cjxz6Lt.jpg
78844,Nee Venunda Chellam,03-04-2006,/lWG1kOHy2JKUqlSOz5JJsass9EL.jpg
80230,Pachchak Kuthira,14-04-2006,/3DfQk2KhIRkFnB87W5ih5aM94Xm.jpg
79813,Azhagai Irukkirai Bayamai Irukkirathu,14-04-2006,/2TF3eESDuWyAOX9P3TFmVxVj5oj.jpg
69410,Thirupathi,14-04-2006,/tNbU5tPjPIuYwKUbeQCRTVL51SV.jpg
79674,Thiruttu Payale,21-04-2006,/o8UiaOSTxk8IDQV6aHtRyn7HxJy.jpg
78948,Sudesi,08-05-2006,/fHxdzdOiJy6j6YIij5dsuEhzlN2.jpg
81131,Madhu,12-05-2006,/cOdBKhtCZ7U7wHMUVFmaqaRQpI.jpg
69555,Dishyum,12-05-2006,/7CnHNszgCW2e7sU68IeHyELORKO.jpg
259642,Thalai Nagaram,19-05-2006,/1PBrW0LU2WNGJ7xT6NBToDpRQMB.jpg
69520,Pudhupettai,26-05-2006,/blrGDOlcTbIit4BBS9gW4PsCuYv.jpg
263902,Uyir,01-06-2006,/bwtro7QfU2uqufSa73Q73MnK6J.jpg
339978,Parijatham,09-06-2006,/AcuZaswB8LCb3lDcRCRf328gwoR.jpg
63815,Something Something… Unakkum Enakkum,18-06-2006,/2jBF95UVce5prCBVbBSRCApulrC.jpg
79665,Imsai Arasan 23rd Pulikecei,08-07-2006,/7hznECYaMhreYbpnQyiESUuibac.jpg
66510,Madrasi,10-07-2006,/8l77TTc5liMSTriPX1LHmJVESXt.jpg
453433,Sasanam,28-07-2006,/njZxX78z04vZGETRUw5laY8SjRU.jpg
1632698,Kadhale En Kadhale,04-08-2006,/29v7NeoAFVsh0NhZhdPKAKm8MST.jpg
76968,Thimiru,04-08-2006,/oUREfuUcj8vcdbSPxfaziFMWw9i.jpg
78412,Kusthi,25-08-2006,/orhKZfOjRKWvIai1nooXZrHtqgV.jpg
63670,Vettaiyaadu Vilaiyaadu,25-08-2006,/pdFuSN7rz8dk61jFBR9zjqhcwzK.jpg
277884,Jambhavan,01-09-2006,/kRvvwNNZlxWBglrUu2NA2o4Mgqi.jpg
78632,Thalaimagan,01-09-2006,/yaBCdxPsYKGyMEQVjcURWVoAQFO.jpg
79787,Em Magan,08-09-2006,/Anx8xtLTXpbILl5NF0xW3ueJ5Re.jpg
69635,Sillunu Oru Kaadhal,08-09-2006,/vMReGYKwnxSqmItDRKYiOiqmyku.jpg
78950,Perarasu,14-09-2006,/5IpW8QFTSlvksWaBsh2w2Gmq857.jpg
323011,Manathodu Mazhaikalam,22-09-2006,/mOkkfkvOc1UCxCFkW0wB6qcL0YY.jpg
191745,Aanivaer,23-09-2006,/7EsYcwzy8zazxLJfbKnVeCCnaEl.jpg
224609,Kedi,24-09-2006,/iT7v3aaoQuz4naY2GQOj6cZTUbX.jpg
69434,Vathiyar,15-10-2006,/ORRWWcoeaS97T7HShuYYvypfUf.jpg
69407,Varalaru,20-10-2006,/t7dz2gl0LyJdnUU6sV4TMFO0vDd.jpg
78949,Dharmapuri,21-10-2006,/bZRVDrhUy9Ydqx7yFTzqjBXBilB.jpg
69624,Vallavan,21-10-2006,/6B8pIy9jtiDqweVonX7jdb8hjI3.jpg
69506,Vattaram,21-10-2006,/pPSETOUOuNphPUBdADtjkGqBLT6.jpg
53880,E,21-10-2006,/4j7TneyVJemEmcp7hArj7kGxG39.jpg
79416,Kizhakku Kadarkarai Salai,10-11-2006,/yE1VwNE11TYr0oGjNra5axEh0pj.jpg
1174215,Mann,24-11-2006,/abc9aT2bkJN4beDIp7PYzLIt4u.jpg
76969,Sivappathigaram,24-11-2006,/kJgnNe912Jrn0FyrP6wEXu1gjFW.jpg
69583,Rendu,24-11-2006,/wrUxmVT9y4TMwrefUA4dsy5yTep.jpg
521416,Iruvar Mattum,30-11-2006,/enfYVP5Z9jnDF9KwxgD6YZuhjWP.jpg
66235,Chennai Kadhal,08-12-2006,/38zOfhe4nPovhlZEvKszCrE2AXd.jpg
598098,Nenjirukkum Varai,15-12-2006,/cTqHStGpZoQgM2UKfo6P6VB6yyV.jpg
112309,Thiruvilaiyaadal Aarambam,15-12-2006,/9FJcjUBLSTYlARdPid3hNPPmEwZ.jpg
1123806,Ilakkanam,22-12-2006,/8OUr58JT4Wdo1DG8sHeyO66Zuuj.jpg
461583,Azhagiya Asura,22-12-2006,/xsJfGY3KwOoNUNz8F86WYk0M56y.jpg
66224,Veyyil,22-12-2006,/z3NeGFnf4kQhp1Z8gK2hDxTsn8T.jpg
63677,Poi,22-12-2006,/gXzjNusdzdgA0GCSJezShJSM4UF.jpg
111587,Naan Avan Illai,01-01-2007,/hY4U86rWQuCWgJaA0Sw3HC3FbGL.jpg
59872,Pokkiri,11-01-2007,/uuLSscvrnDcxE9e0peMGRHbY2IW.jpg
69409,Aalwar,12-01-2007,/qDmedvAT4oYXSMMt8qab5Ku3AqC.jpg
76974,Thaamirabharani,14-01-2007,/8rbf8IG9M0JW4f0n4DeMPBOihRl.jpg
63821,Deepavali,09-02-2007,/lTalxE0qHzsAYb85hVysWs6UNaU.jpg
517481,Lee,16-02-2007,/9F52DiIdhughsy49ONJeJKG8b6s.jpg
63669,Pachaikili Muthucharam,16-02-2007,/eAkM2EXdF9IndayhU4PHpEl4nwq.jpg
69598,Paruthiveeran,23-02-2007,/otDs2Cfi2MPZ5DmsH7QaN8clEpR.jpg
63675,Mozhi,23-02-2007,/wlm43lNhQGPyZfxUDOZkAQwPdoC.jpg
77097,Viyabari,03-03-2007,/9Ok5hPKyqssq3vbgMpB33Wf3k1m.jpg
562691,Thirumagan,09-03-2007,/tUVQzymG1uOFBnlnS8JCGg88XL.jpg
78947,Sabari,16-03-2007,/pNiNUwtIX1mnK2XGGynpMgeZgfY.jpg
502069,Kuttrapathirikai,23-03-2007,/hL7H9b2PjmnzOPp0vhD2Y79mNe0.jpg
927663,Adavadi,30-03-2007,/qzqeEdAh7O1aS04oz9CmJ5lhuP8.jpg
79790,Koodal Nagar,05-04-2007,/njg9pPYoJuZ2MSHu7WyR2vOcFwO.jpg
112322,Unnale Unnale,14-04-2007,/2B3onhVoBYN6RmAssdkPHwMzNj.jpg
81133,Madurai Veeran,18-04-2007,/486KVKdl5nGtv9fAtb8mVeWC87W.jpg
76839,Chennai 600028,27-04-2007,/mQz0VCWp7yzZqs4lA8h8OEpJs2X.jpg
69518,Parattai Engira Azhagu Sundaram,27-04-2007,/lBBWGyWQzX8coZ4wg6dgIugjy3X.jpg
335956,Periyar,04-05-2007,/cpemic49iYF4UrFDoyho4fwr8ss.jpg
69433,Manikanda,05-05-2007,/8FC7ebZP05vwXt7Ksg965nI7BrC.jpg
1131355,Thiru Ranga,11-05-2007,/scUGeb6t5E6bFqtJEPzFLuH3M9q.jpg
329828,Karuppusamy Kuththagaithaarar,14-05-2007,/kIc8XEDMWPVLjKJo1V0EzSQp5Ne.jpg
1123970,Nee Naan Nila,25-05-2007,/rkJocjt0FSJHSKuztQGgzhVoJBP.jpg
1123732,Pirappu,01-06-2007,/4XN5RgM9qSjqxNTGOfBByFfgkM0.jpg
938674,Goddesses,01-06-2007,/ePsL0PHMJ0eHFoCBeDvNcleKWJv.jpg
24049,Sivaji: The Boss,08-06-2007,/t5oPb8q91gdClkyJG2hxyebEglv.jpg
69551,Pori,07-07-2007,/34g1Ffl33VwOvAfLEgDksCddCg2.jpg
1131358,Thullal,19-07-2007,/lcrLcyICONKbuEOnpYzVo3U3okB.jpg
1054047,Athiyayam,19-07-2007,/5qi2KTnh7gHzWYuq7vW2wQYL0pn.jpg
69402,Kireedam,20-07-2007,/31Vj2cKVWjin01Sc1Vz26eemFao.jpg
429769,Thee Nagar,27-07-2007,/vNc1JsWyoPfQ8XDE5rTgiisp5zh.jpg
103352,Veerappu,27-07-2007,/mEPX5wi3fZ29c4HLeTJliGUf8o4.jpg
535020,Thottal Poo Malarum,03-08-2007,/qGnMPWw36P5HU0ER1ItJhKS47N7.jpg
469671,Pallikoodam,10-08-2007,/nUaT00hoPC8UQRGpB9epWX5uV3r.jpg
69580,Aarya,10-08-2007,/ijFOlYwcxnnnaB6Jp8oN6pi5Nyu.jpg
1620172,Urchagam,02-09-2007,/m999uaSfzUR6UT1TIjlVSbCLMZe.jpg
854468,Thoovanam,07-09-2007,/4z1CRwEPi1lYBVN00TOlkBOkMQW.jpg
69609,Cheena Thaana 001,07-09-2007,/aI44US20mZv99PPCDnM8LoMDkMM.jpg
66507,Marudhamalai,07-09-2007,/yzYmDBOzbvteVND06Eh5U6XZo9a.jpg
409051,Inimey Nangathan,14-09-2007,/fCsL9SFwR3N4jnOydZva9CnJJW0.jpg
112235,Satham Podathey,14-09-2007,/ijzi2nXbD9iqahs9P2Kwav38xKq.jpg
69549,Rameswaram,15-09-2007,/1RfZs1lcFvjHK1iWcANyT3xvpBe.jpg
512967,Piragu,21-09-2007,/nJ0W3tHgbYkoB4906ZyxTPtttwf.jpg
324008,Sivi,21-09-2007,/rwIJD7kh5dMhQgPKZ0mxS8n44Wm.jpg
78633,Nam Naadu,21-09-2007,/4k02QoRLmwZlrJVUov2BDw0UKUp.jpg
1287935,Vegam,28-09-2007,/fR8RO2eEocyrc5zAnO7K5JZrqU7.jpg
76973,Malaikottai,28-09-2007,/9unEiTbc396j7spujVwwi8hOlwn.jpg
224957,Muni,30-09-2007,/5tKgyBz3O2QNAYF0FdhNILIG8gE.jpg
757903,Sringaram,05-10-2007,/irq4T2WvxDHjXzqhx1vukwX9snK.jpg
281397,Thavam,05-10-2007,/lAzF6Gxet2HDvgZ5Tfll9zrLIP7.jpg
69550,Kattradhu Thamizh,06-10-2007,/gFbTox7xmHrBM7LvM1ALmUvcbpk.jpg
335926,Kannamoochi Yenada,08-11-2007,/vZmRsFoKmKVpsMoYDiRyOMCChMp.jpg
69634,Vel,08-11-2007,/6mUp9lW0qYzySB5znUxZA2oYVbe.jpg
69516,Polladhavan,08-11-2007,/amHEVzgBKDnlNzxArcOpbvqVDrY.jpg
63636,Azhagiya Tamil Magan,08-11-2007,/mft5HEwgoUz9Ve393y0ruXlV6Pc.jpg
335944,Onbadhu Roobai Nottu,30-11-2007,/mFTjWmF48GeCz4McVplrbOLcsie.jpg
69505,Oram Po,30-11-2007,/F71EIu2IniA1sExQsN3ErhE7WW.jpg
724121,Our Family,05-12-2007,/hPnwRFfAQryqZ0LtjCJPe8Vho6h.jpg
137888,Kaloori,07-12-2007,/hIjfUrVmZvKeULJMcuMSUxz8tq3.jpg
69582,Evano Oruvan,07-12-2007,/sHeWDDwkhojWJ3Lma8sqjWYU8wz.jpg
263917,Mirugam,13-12-2007,/jH76zckQdABRGD2iYPcNMtGhUCG.jpg
23767,Billa,14-12-2007,/g9skD62F7y6VJR5nPZOgpz1ckso.jpg
81135,Puli Varudhu,21-12-2007,/hDgvmH0PNdM5Rb4Rimpeh7CBwYA.jpg
1311772,Yaaruku Yaaro,25-12-2007,/qultG43PFf3WfBeNEU6ytVwfmhz.jpg
1124014,Mr. Pandi,01-01-2008,/6A7ZpKoynKydqAPWY6wGvJypZHe.jpg
330798,Block B,01-01-2008,/uxF1lfBlc55isTNoy2O7O0tXnvx.jpg
263896,Kaalai,14-01-2008,/uwz22tSrs7U9ua58sJrCFA91OFz.jpg
111786,Pirivom Santhippom,14-01-2008,/6TIsG2PPW1fvsGm2nokfyzsmEIH.jpg
69595,Vaazhthugal,14-01-2008,/8LRFhVKwqQtv1oytQBWmD48Ly2f.jpg
63673,Bheema,15-01-2008,/p5Kl5NqdNL6DeRcUbVo9OV5R47l.jpg
262562,Indiralohathil Na Azhagappan,31-01-2008,/22Tbh2o83U5mTUloahUVSIe8fap.jpg
1308763,அசோகா,01-02-2008,/nPh19d08zWbP6j9ZTg9EUDlctUt.jpg
995428,Thangam,01-02-2008,/vjLrJNP0QEEus3oBWpcdGmt0uoq.jpg
111790,Poo,02-02-2008,/tO3VVM4iZFeWg4rUsN57FkPr6WC.jpg
245572,Sadhu Miranda,08-02-2008,/4RYhPAuA46VWjKebWWbDqFx2FdE.jpg
511386,Nenjathai Killadhe,14-02-2008,/yo9torINwzwDPkx7pJTeWT7F5Sg.jpg
53883,Anjathe,14-02-2008,/iVo2eFHIc3X24Xi8elGDP3KGoa.jpg
262550,Thoondil,21-02-2008,/8Z3Sp3UUIz4qlc4Hy3MfkEwK2D4.jpg
1423986,Akku,22-02-2008,/51T8Xfvmq2MkoIIQtOLWRxJy1do.jpg
1123686,Valluvan Vasuki,22-02-2008,/2lZFqViWZxKXGxU2BkbfNvuoxo9.jpg
429775,Vambu Sandai,29-02-2008,/70yHAugwGnTP9kEspQhjA5PAG3u.jpg
333844,Thotta,29-02-2008,/51BkICUY84MAhhxEudTIltbAP5p.jpg
63676,Velli Thirai,08-03-2008,/su5wPGK0AEjPfUj3aTbFJuMSOON.jpg
78946,Arasangam,09-03-2008,/idjPwpX7btg08USF3HfghCCBlrc.jpg
112486,Vaitheeswaran,14-03-2008,/leEPGDkMoyk6Qam751wEtR0xK3W.jpg
152967,Kanchivaram,19-03-2008,/Ex116BvfefLbXRkJzWWZoeG5sq.jpg
322954,Inba,21-03-2008,/sbIz2PEXZ095dWeOuTUgPUixQ7D.jpg
112128,Sandai,21-03-2008,/djMCZMAb9uQ4rqn68Wx1N5HxNA5.jpg
281398,Vedha,28-03-2008,/bMxd332wruDgQKcy7GDGqgAf3oP.jpg
69515,Yaaradi Nee Mohini,04-04-2008,/cUxzchnYYoeFJy7s4sD9bRdIGwx.jpg
342864,Thozha,11-04-2008,/Ami2fTsnLONYUaGWkFrM3BXq0d3.jpg
66223,Nepali,11-04-2008,/RxXGNUS5iD2dhjAzhcp4Zmikfk.jpg
63813,Santosh Subramaniam,11-04-2008,/op0ojhYFdF78oEJSVVe0exjJQvX.jpg
79662,Arai Enn 305-Il Kadavul,18-04-2008,/o6wOS995uJS7xj1laFXISWjQuDc.jpg
53877,Kuruvi,03-05-2008,/lR0BpNEuT2IRjCRrcGCRjiV9uQo.jpg
66500,Bommalattam,05-05-2008,/kYiDhP2Lou52TjWDEYJEp5JHPJj.jpg
112259,Silandhi,09-05-2008,/syHKBxLFD5NW7Yn5QeDcSp5cRhh.jpg
8903,My Magic,23-05-2008,/9mu3YmNDsp4BX1qvm7wuB5SSw0n.jpg
927670,Kathavarayan,30-05-2008,/nyZOT5e4qpVdNgIfVOeb2bD0DDA.jpg
17888,Dasavatharam,13-06-2008,/iD6ilUABEPd1hbijxdWCYHSetoi.jpg
99118,Ayutham Seivom,27-06-2008,/tL3MpiFm5dNR2MvOx5S5UZcohwr.jpg
76850,Subramaniapuram,04-07-2008,/n6fX9TDrzNPEYBK6ia1FMz84g2j.jpg
66228,Muniyandi Vilangial Moonramandu,04-07-2008,/4CIqG5CAAVxJYiMYrKEFPQCMvue.jpg
890180,Pathu Pathu,25-07-2008,/eC8UyPEGks5WVKRnnXlDoaGIb7b.jpg
277852,Sutta Pazham,25-07-2008,/uAU5QyZDWRw8ufCMdwmqMuhksRd.jpg
12274,Kuselan,01-08-2008,/6Cp1L4hhPa83IF7bA3Ac2VDRN1F.jpg
112241,Satyam,14-08-2008,/rRZq0OMtdXHOO3oSu2MoRs5QRBC.jpg
79334,Jayam Kondaan,29-08-2008,/6OCxTBXRTOmQKR3bHFfICwUK0pC.jpg
69568,Dhaam Dhoom,29-08-2008,/xmuDcgC97Tf3P1XxHMHRPC2JO8A.jpg
230105,Alibhabha,05-09-2008,/bWs32cfBbLgaMp4UWf5AAJlF8sM.jpg
54389,Saroja,05-09-2008,/A0337hxuF2MzwREwgBi6AFysERA.jpg
76719,Poi Solla Porom,12-09-2008,/woWfNands6RpSeTRc0YVeiYcfTG.jpg
66502,Durai,12-09-2008,/bcfHq9Fq97nMYL18PmITB5yKcqS.jpg
757893,Mudhal Mudhal Mudhal Varai,19-09-2008,/tydXEGCQ3wVSEhMSBiVIyRImDRI.jpg
342866,Pandhayam,19-09-2008,/5CU0EheZKYaLydvksR09G0yKlyL.jpg
65095,Raman Thediya Seethai,24-09-2008,/7zz5YALFlRXluy92TctHDlfJwJH.jpg
115953,Kadhalil Vizhunthen,26-09-2008,/t0YVVam2bmaTbez1pGOmIKWopXH.jpg
112126,Sakkarakatti,26-09-2008,/kxlADOdMS8yXUoG6WqBf5YPAOKs.jpg
1324933,Netru Indru Naalai,09-10-2008,/aXoI7ioCmOrxfz28VJZcf3MlQ8y.jpg
69389,Aegan,25-10-2008,/zIVXgCGEEGOC4qB4p2qgKdzVPP4.jpg
66219,Seval,26-10-2008,/vq3fEyH3DWqOWrSXIQE8G6fP8Hr.jpg
38637,Vaaranam Aayiram,14-11-2008,/3PxkiDTObsws7pzkdUiHCjOxVA4.jpg
69546,Thenavattu,21-11-2008,/viiHYhXndErW9ffw2byWSULn1sn.jpg
1123654,Mahesh Saranya Matrum Palar,28-11-2008,/8kC2FA3dOxobL66Y9d01cmFNACQ.jpg
511378,Ellam Avan Seyal,28-11-2008,/buu3DhMEa5lS6wRiWSDygsGOthV.jpg
102287,Dindigul Sarathy,18-12-2008,/xQxSkTzEFgItPpDMdwvIC6vba1Y.jpg
69623,Silambattam,18-12-2008,/lvDyaKXxAPQuNSGEsYIxKUMBMPr.jpg
66504,Thiruvannamalai,19-12-2008,/2Fx4HLMPCsAF6TjOGuMcVVWKymo.jpg
40617,Abhiyum Naanum,19-12-2008,/5shSpO2q7FmO5FJLmWsveQP3XHc.jpg
1633050,Nari,01-01-2009,/6ZqBY8b62ZXFAJ5N8KbjLGqlLJi.jpg
79936,A Aa E Ee,09-01-2009,/xpN0Lz9rDmLY9QSgj2borY9rqVl.jpg
24383,Villu,12-01-2009,/rya0ivrIeTy6EzgJpoFrbNxyZam.jpg
1131324,Kadhalna Summa Illai,14-01-2009,/6dZgmGSJF1eGWec8xRHH9YrpArF.jpg
69513,Padikathavan,14-01-2009,/3G8JAGuM6JeSCpV3TeJ6fM69bfd.jpg
112876,Vennila Kabadi Kuzhu,29-01-2009,/ggBOPLDJtNkEcF4yCnG7JZTD5NL.jpg
69499,Naan Kadavul,06-02-2009,/he18aYmVT6gLGgbV6QDhcy55Lc2.jpg
410346,Laadam,09-02-2009,/9S9rEbKa8pj2XSju60SCf4ZMKmd.jpg
63664,Siva Manasula Sakthi,14-02-2009,/vYajr5280tllnXRDBF44ge0lv3g.jpg
54247,TN 07 AL 4777,21-02-2009,/85EK56Wtjfi5cyqS64bu2ufEL7e.jpg
269726,Thee,27-02-2009,/Auxqo6aHqqh1G1RaQzxbL6R2ADa.jpg
77004,1977,06-03-2009,/tJBI6yhDOoRVHNjPYJMhbgkUSgW.jpg
19950,Yavarum Nalam,06-03-2009,/AvecQgxUwMuc1VTlkFm5RpAibZe.jpg
1124000,Pura,20-03-2009,/hs027MTouzGZuDsSvFqmK3evPyf.jpg
262568,Pattalam,27-03-2009,/ciJTPoiT7HVqr0lnvPi48E7YCvQ.jpg
20049,Ayan,03-04-2009,/49UwEe5U1GuRC6W7difviwCgde2.jpg
323152,Ananda Thandavam,10-04-2009,/6sb4G2JlLY3SA5owHoSaUJkrlm0.jpg
1123844,Kamban En Kadhalan,13-04-2009,/gXlZ5uw9OnpJhzE9yV5zReAZcqr.jpg
1131340,Meipporul,24-04-2009,/2IWMzQZ3l5KP8peLWQm2jdMReUj.jpg
20045,Guru En Aalu,24-04-2009,/rhip6gKJEbUW5CarcwNwJZ6ZRwU.jpg
1123797,Ilampuyal,01-05-2009,/cDp8RCaT7XvUbMGBYxn8J4yO8Hy.jpg
323178,Newtonin Moondram Vidhi,01-05-2009,/xmsVowCAwV46iKIf8Rz7THULp6b.jpg
114904,Pasanga,01-05-2009,/gDGN0txfJTC8O72jUvSlKG2fp30.jpg
837160,Parallax,05-05-2009,/pSxKrZxi8DHkL5PMJ4slxejKCEw.jpg
69497,Sarvam,15-05-2009,/uPV9jH4tAC0eY1wryxLBoKdE5Da.jpg
76972,Thoranai,29-05-2009,/9LLqbWfJrXWBNM9PezVh55mMmIK.jpg
111558,Mayandi Kudumbathar,05-06-2009,/9qCfz4COacFBYn30kqArJ7J9NlN.jpg
505932,Kulir 100°,09-06-2009,/3OgZUeCwwzwIrbALxmQF0pHMxgG.jpg
262558,Muthirai,19-06-2009,/h9r0CjHTkHMteIhJatwDeM3DH2Q.jpg
111543,Maasilamani,19-06-2009,/eEwruMQr81FeY3TPoJybZJ3j5IX.jpg
25122,Naadodigal,26-06-2009,/leiEeREi2dLjykqfDsT5ZFWUveF.jpg
544684,Gnabagangal,03-07-2009,/xMNpd51g8pIqUg0OBFuRXHu9R36.jpg
336830,Indira Vizha,10-07-2009,/lhk9tKb2ulR7ylxzbuNFRVBnbjy.jpg
79352,Vamanan,10-07-2009,/k262nB7xt8T9QgUyzCp5d9xirOo.jpg
466507,Palaivana Solai,15-07-2009,/mdEEa95dWB338ktWg7quuw2naOG.jpg
809437,Kadhal Kadhai,17-07-2009,/c9B2stal5IBz7B41Mk1D4Kd18vN.jpg
69615,Achchamundu Achchamundu,17-07-2009,/uqnXdaZZwUKXCVJc3YkI5OMmj2e.jpg
269728,Ainthaam Padai,23-07-2009,/igf6eAmrZKDKLZnfkBggBjCRXLl.jpg
111578,Modhi Vilayadu,24-07-2009,/xQEGKDAC7q5KebUhjuSELhsbkZM.jpg
749031,Sindhanai Sei,31-07-2009,/9HNTxCmt5EunuFmsEE12KjzaWtg.jpg
322941,Anthony Yaar?,31-07-2009,/ix8XKixXIWARXWyhYpnVGDaQH6L.jpg
1188332,Azhagar Malai,07-08-2009,/v3RstDO9gHNJ0LEq3ChB0cpxAIQ.jpg
111787,Pokkisham,14-08-2009,/th7wTDuFbmFZ7WejkvZiHSiVtJo.jpg
25120,Kanthaswamy,21-08-2009,/sH1X4a8B6LDeXtchcKnd51F2HcR.jpg
512946,Madurai Sambavam,04-09-2009,/cyhkuNPYqGRQ75b6dAahdaGDylP.jpg
111622,Ninaithale Inikkum,04-09-2009,/nGOWnsmpn0LgZuCyBDXdZOIYIiA.jpg
66536,Eeram,11-09-2009,/tJ3wB8JxnOlXfAu7gtYK0hvKRBu.jpg
1123726,Solla Solla Inikkum,18-09-2009,/tuRfWDLXN0Q8VL3CmR3dQW7CQL5.jpg
25121,Unnaipol Oruvan,18-09-2009,/35GMJaA9VeW6gQY5jlruEu6WEF4.jpg
252033,Thiru Thiru Thuru Thuru,25-09-2009,/bsTq34VnpWSrN8nPhL3CQ7rxUie.jpg
66225,Aarumugam,25-09-2009,/x98jA6QW90uDJFBpbg0fXVmBc8n.jpg
224958,Rajadhi Raja,30-09-2009,/tbSfVHcG4WJPWfg74kjbmNQ8R9B.jpg
117414,Jaganmohini,16-10-2009,/sSldvIuimv8CMqsHCxj2M6qBeSN.jpg
69566,Peranmai,16-10-2009,/gP2CMKlkiIociCaP3MwsXA3Fm0S.jpg
55951,Aadhavan,17-10-2009,/zInbT4vo0w9liEIbtydoOIUWifI.jpg
66226,Kanden Kadhalai,30-10-2009,/7jO7xRBvq6ErN0UavGBAxhUguua.jpg
98904,Adhe Neram Adhe Idam,06-11-2009,/tXQjLpwXefioPkp0UUh4KSBTwMu.jpg
262564,Mathiya Chennai,26-11-2009,/42pIsgk8HhM5TzgYxLvNdXKtPRf.jpg
111585,Naan Avan Illai 2,27-11-2009,/rCQnDRs8YitYh5E2rJVnQaEsyhL.jpg
112118,Renigunta,04-12-2009,/2pfKaqdklmcqjOl6HAtNHnfy2KF.jpg
63635,Vettaikaaran,18-12-2009,/Izeu2M0T0EMqtJWziKraltXvAU.jpg
250499,Kandhakottai,19-12-2009,/uJz500dB6tTnSLbf95kUTVbV6vs.jpg
99418,Kandha Kottai,19-12-2009,/qxYhpiUJ3jJqWosC4aeQm2aFDVO.jpg
1131350,Raja Leelai,01-01-2010,/rJvvsTD3XA9cEQlGLjUx1ZcdADr.jpg
263908,Puthran,01-01-2010,/kEwRXbGU1Xo0nUvmWVkR2zDJ0jN.jpg
112316,Thunichal,01-01-2010,/pNri5BeXPdHM3md2aFhEC333n20.jpg
112112,Porkkalam,14-01-2010,/3OAkNEHjyQWxu3oN4HqESCvyrlN.jpg
69613,Naanayam,14-01-2010,/xZGdzQU94WqY4uXlBdLxQMnyJFc.jpg
69597,Aayirathil Oruvan,14-01-2010,/9lrbtKE8vKIpYXxjj0hSwhnC81o.jpg
69512,Kutty,14-01-2010,/ascpakL0ikVKL0up37KWMAZ8z0T.jpg
107590,Thamizh Padam,20-01-2010,/uHxFRg8EwIft7KSfUUkIpW2F2sp.jpg
99182,Kathai,29-01-2010,/hGRmOhElFa9SofhpMRbZMzZEJmc.jpg
78593,Jaggubhai,29-01-2010,/4ZyFrQYqw703rNVzOBsYf3xALZ2.jpg
50093,Goa,29-01-2010,/tHU76m8pX0SGxZSBkxi9WPisHXB.jpg
68380,Asal,05-02-2010,/7qPtyQW1gERHNtAWVkXsagCg5Kv.jpg
262555,Rasikkum Seemane,11-02-2010,/esEJ08UVq5BNnV7HnCZ9t8lJqkM.jpg
34632,Theeradha Vilaiyattu Pillai,12-02-2010,/yBdNx2zYlPBBpw1aY3eaSAZb5v4.jpg
112566,Masala Mama,16-02-2010,/uFo7dTXO1FwFPJZcYlk6050f5VF.jpg
1065894,Endhiran Making of Robot,20-02-2010,/tNoPUFEcGFaHmfy2B3sdk1NwNbT.jpg
37941,Vinnaithaandi Varuvaayaa,26-02-2010,/AldNCoRJlhkzkBzKPmUalBdRCts.jpg
1071907,Meet Me at the Mango Tree,01-03-2010,/ulG3rKH6d3MCNI24bhn7nlzCvNe.jpg
79353,Aval Peyar Tamilarasi,05-03-2010,/g8bzO7IiTHEAtaN6OsRa9otKIzb.jpg
66231,Thambikku Indha Ooru,05-03-2010,/5HKjVjxebDGNyyW8Ogem8cdMofw.jpg
116646,Maathi Yosi,12-03-2010,/adpzpqcIV9iZgWtvTNwzIGkD4w.jpg
63662,Kacheri Arambam,19-03-2010,/sXfueox9ZSF6YS01ggOHBHQJcPu.jpg
39525,Angadi Theru,26-03-2010,/gvi0ZmWA4dECTmJ3NgVfW0Wm3aT.jpg
39523,Paiyaa,02-04-2010,/svnjrFTdJRvP3nwGEI7gEQF6fv.jpg
731125,Gurushetram – 24 Hours of Anger,08-04-2010,/qYfTp40AjIssChjybqb2MpAWDyr.jpg
322765,Rettaisuzhi,23-04-2010,/kV7RDPAFVUM9Vs9f3xOtHcGh8zy.jpg
39491,Sura,30-04-2010,/xJVRc4xBZ87TPxJCcAYkIKWLPLS.jpg
112319,Thittakudi,05-05-2010,/avMB1jacpLUwJ11U59lOZRFRIzm.jpg
521986,Kutti Pisasu,07-05-2010,/eGv6QsKViJ0y13rTia0MWZ8I7nK.jpg
99166,Guru Sishyan,07-05-2010,/A3Pdb4RhExvnnLJxSkRW9sr3V2W.jpg
99160,Goripalayam,07-05-2010,/q4wl7u7BXLR3SHFYCxW92TIXiAD.jpg
79661,Irumbu Kottai Murattu Singam,07-05-2010,/7uasEIhXIX7jVKpNmOfgYAjS0yU.jpg
111545,Magane En Marumagane,21-05-2010,/g6sd8Tl8InwzXB4UqPL9bMBJ8sH.jpg
99407,Kanagavel Kaaka,21-05-2010,/d1eFJniHfTFihaFqt5EbSbpRugg.jpg
78641,Kola Kolaya Mundhirika,21-05-2010,/ZSLgSo7AOhw3MarWBvBKBjCcc9.jpg
78398,Maanja Velu,21-05-2010,/wiaP6DLSmbXeD8p8Z2dYRH8t83t.jpg
1054746,Nadanthathu yenanau,25-05-2010,/yJKXSFCppDCjCYF8pQGmucUi3uh.jpg
901138,Kadhalagi,28-05-2010,/woGGouMcr1JO5TBHoqQjAC1zkaH.jpg
586296,Kattradhu Kalavu,28-05-2010,/xeUQ3u3FInbYZAD4qgFVScC9SHI.jpg
62756,Singam,28-05-2010,/g7bsLSuEg3FuCY1o7uSzbxMUJLB.jpg
63827,Pen Singam,03-06-2010,/9c6PPlYGm7SvthggfAcvf7GjxIx.jpg
833324,Drogam: Nadanthathu Enna?,11-06-2010,/r4p11mJuBtZApzlPnJxQMchn7Lh.jpg
54456,Raavanan,18-06-2010,/4mVJLb1lnLvlFlgvx4QPrlkoldw.jpg
99191,Kalavani,25-06-2010,/2Au11FAdviAONUbCUXsEyR31xsM.jpg
99105,Ambasamuthiram Ambani,02-07-2010,/hPzfgv8khBhHLbRXPQBM3xeOAAZ.jpg
117012,Anandhapurathu Veedu,09-07-2010,/2MoDl9aDRfDpd5JsRi0T0kJ8bdI.jpg
44050,Madrasapattinam,09-07-2010,/7bqcgfkzdVPxxBbap8Cy7spXiDj.jpg
1055530,The Angel,14-07-2010,/qVFVBfVuLLiCqkvioOtJaQadVJl.jpg
63812,Thillalangadi,23-07-2010,/el80HjFo2lbXtdpeaJKossULUgG.jpg
55795,Baana Kaathadi,06-08-2010,/7sRAChIvlYvXFn53vVIKutqN68N.jpg
112491,Vamsam,13-08-2010,/av0M48b0MUeOD3YsUclP8zasdOZ.jpg
69501,Kaadhal Solla Vandhen,13-08-2010,/m1Bqfq19uWQ89e431RQWgCbpfJX.jpg
50939,Naan Mahaan Alla,20-08-2010,/aCuaY59YaCDcO1FhtU2EWNRgVf1.jpg
111581,Moscowin Kavery,27-08-2010,/mnElu2Vjphogat2R6VYuV9FfKiN.jpg
1054737,Nenjuku Neethi,31-08-2010,/cRaS8qpUBve2hF53mrF2Jp5ThL9.jpg
1131327,Kalloori Kalangal,03-09-2010,/la1aXkj0Lbw7N0SVPLrg14v6nvu.jpg
116648,Sindhu Samaveli,03-09-2010,/mbqrzjSzUYFaAflMHdjtzbm1FCu.jpg
78848,Drohi,10-09-2010,/9lAwx4eFopyycB2VWDWn1v04UBj.jpg
69432,Vandae Maatharam,10-09-2010,/wam4MXXv6dcGzPmVRzDt2EfqnM5.jpg
51867,Boss Engira Baskaran,10-09-2010,/47IzljgWEI4AkFfh89MJR4W7Bsg.jpg
430163,Inidhu Inidhu,20-09-2010,/d9ybpjJKXb340ZB0ztJSRlymPTz.jpg
55642,Kanimozhi,26-09-2010,/wYBCNMfUNCRugfftgMKcTnWX908.jpg
148284,Enthiran,01-10-2010,/hai6CSCLxULO1RThjDP3lWAqOtQ.jpg
69502,Va,05-10-2010,/fY40DB1idKImmGzYkOZ0ncTy7bP.jpg
80249,Vaada,15-10-2010,/dy5NEvUT0acO1Rfp80uUi0eg82E.jpg
1020735,Undercover Rascals,28-10-2010,/ffaG6xoBkLxgXknJHiiCnVHgnMV.jpg
69511,Uthama Puthiran,05-11-2010,/fFqkawVG6vet7y8zazcMu39zgm2.jpg
66495,Vallakottai,05-11-2010,/ajAv5zFpAFDLNQ1MJcx4okB1Y4J.jpg
55796,Mynaa,05-11-2010,/m92brmiTFzALwWs3beYOiZAyM2j.jpg
450213,Nagaram,19-11-2010,/k83rSteovjp3ueeVZgA6BsyLSMx.jpg
55552,Mandhira Punnagai,19-11-2010,/wLOGstMOgWJ0ODPNjcxBgYoz2PC.jpg
111592,Nandalala,26-11-2010,/shhLI0t0tiLWnFsVbKbawwYoysP.jpg
55737,Chikku Bukku,03-12-2010,/pXGYv3gBkspURP3O6PuhSPqHnv8.jpg
262432,Ayyanar,09-12-2010,/5U7l3mSZNyjrQexQSAqGaZx2n9a.jpg
262431,Agam Puram,09-12-2010,/nIT0OY9l1gKUjfrtEXG8xdoYmbW.jpg
112255,Siddhu +2 1st Attempt,10-12-2010,/bVe0RqstJGNUaM3rtkfhCWLbfxJ.jpg
76844,Viruthagiri,10-12-2010,/grLIW7HWv0UDqLvP0ELqelJwSuP.jpg
55793,Easan,17-12-2010,/AaJncHzQQXjGHpyhylmU4xeXs94.jpg
52645,Manmadhan Ambu,23-12-2010,/qK752uiBVcMNzj97335SvVIUdus.jpg
116187,Aridhu Aridhu,24-12-2010,/hfdYfciHt1loOTh1A2h997mKURv.jpg
79336,Thenmerku Paruvakatru,24-12-2010,/itUCSkISE2XW107zSYWdEbtyQLv.jpg
68016,Aadukalam,14-01-2011,/osU8Egxu2xhS6RwkxDbfOMYjZZ2.jpg
63448,Siruthai,14-01-2011,/wqXmZXcBKXNPp67KhTHo2FHB1q0.jpg
58723,Kaavalan,15-01-2011,/9LmnnPxfkVZC3b2J0rrOTsessjG.jpg
70988,Yuddham Sei,03-02-2011,/8N2G9vM5UC94aEOXSXXAtnKve1G.jpg
112314,Thoonga Nagaram,04-02-2011,/t5zs9boOUNYatBf4qgrumMQh7on.jpg
1054729,Facebook,14-02-2011,/1bbF1S2Z1wcyb4X7BmKedUBGahV.jpg
111589,Nadunisi Naaygal,18-02-2011,/eYblKi7Zd7atSM2THwCcvjPelpT.jpg
69507,Seedan,25-02-2011,/23FANJ74te2PIWoCjktOGsLHtil.jpg
1384699,Thappu,01-03-2011,/mmVZtUfjCJKKbBQoHmNtQCkIinF.jpg
412521,Nanjupuram,01-03-2011,/6Xo0vwQZH0TLE3zyrP7QZcdovYZ.jpg
63661,Singam Puli,04-03-2011,/8g50IUDwuYEKJAdHIU2WV6TOM1p.jpg
63692,Bhavani IPS,11-03-2011,/rYj0SzZG9PTVcomS2BGCAGUv5LA.jpg
262556,Muthukku Muthaaga,18-03-2011,/jY7AMGoh0WLwpLzxrIADdoPVXZO.jpg
262433,Kullanari Koottam,25-03-2011,/4EpJwn2XbPi0axvNqEWGxhfxVTx.jpg
69508,Mappillai,08-04-2011,/qV7wRgaIsY74L7KWvowmm85uBG8.jpg
69602,Ponnar Shankar,09-04-2011,/aaZpBcMxShyVKVsp2ggubexa5Ju.jpg
63654,Ko,22-04-2011,/oe91RGQkLROh0rTNoStnse1p0qw.jpg
66207,Vaanam,29-04-2011,/kE9kN2iFaM77suP00RHYMOoqUos.jpg
63810,Engeyum Kadhal,06-05-2011,/z5pwxRWdViCo9dLmvH9ejku7eyZ.jpg
66204,Azhagarsamiyin Kuthirai,12-05-2011,/sH0GfsCOMNu2I2wnN2Wm0cWWrvS.jpg
262578,Kandaen,20-05-2011,/sEOtYp3xM6VY5Dbi0rjjCnn3g99.jpg
262552,Sabash Sariyana Potti,27-05-2011,/1X55VkFmLrbspEPpKpcjYQGAyTT.jpg
99132,Eththan,27-05-2011,/vbYCc5jYnGbBTVmOFvf4b2TRH5l.jpg
262560,Aanmai Thavarael,03-06-2011,/5PdJNX0fNQvktpqc2rULdI87o6W.jpg
63964,Deiva Thirumagal,03-06-2011,/ovfLSxsgLFYm2ISjfH1Te0lNyEr.jpg
1088602,Shanthi Appuram Nithya,10-06-2011,/okr8zGwzIuEKmCxWtyNXiirZrho.jpg
119123,Aaranya Kaandam,10-06-2011,/zZRzn7DXOLANE4hTUv4ziU7O6Zz.jpg
65518,Avan Ivan,17-06-2011,/jVxsUgXOcpcHgtbH5ubxIfo36eB.jpg
842461,Udhayan,24-06-2011,/zkocFenn4NLEzTjhvM41EAqGGb6.jpg
81136,Pillayar Theru Kadaisi Veedu,24-06-2011,/zsHaCvM8p98AjWEb90w0h7jMaud.jpg
65050,180,25-06-2011,/ll2NK2ITb2s9t8tcZecWXssRDcQ.jpg
69509,Venghai,08-07-2011,/dEn0zEOsvwXp3MDjXQYW1kkiEEP.jpg
75064,Kanchana,22-07-2011,/imGP0yeKkK8u8LCboD3ufUvaFnT.jpg
99425,Karungali,29-07-2011,/iiQoNzicEOSVZeDM0KSD83uox8j.jpg
83829,Veppam,29-07-2011,/v2Lq3VnmW9rX9MwOm4qcIySnKsp.jpg
81166,Doo,05-08-2011,/gdOjoi6aoIR33Byz1vAa2jcIQqA.jpg
466990,Uyarthiru 420,11-08-2011,/xORYGeeBdItTeQeqSm2VEIcgZpo.jpg
272604,Sankarankovil,12-08-2011,/6HRAdsGPREFPTvWRJCEREFtlBdy.jpg
69539,Rowthiram,12-08-2011,/tCWOicmEOERvOS6bTqIL01rN8vz.jpg
75985,Puli Vesham,26-08-2011,/uEFUZKfz7GUbN7z8N22vtcHXZQZ.jpg
66233,Yuvan Yuvathi,26-08-2011,/5AQp7JAe8cYaZ9CV3xgDVizx0Bi.jpg
76788,Mankatha,31-08-2011,/tZnDKJyUYfZKKPfBgVheU9vKlUo.jpg
124734,Mambattiyan,01-09-2011,/9LAn401PmaJJkTAY0elINkpxFLu.jpg
69612,Muran,15-09-2011,/6NUL6LtTPAb5BDoxm4ONypqXCzI.jpg
282525,Kalla Malla Sulla,16-09-2011,/njuMK6KS2F5wBJSstVkbfwmYr6P.jpg
79354,Engaeyum Eppothum,16-09-2011,/ybuL8UIIQ1SOTz3CILzCuCBeA5E.jpg
69541,Vandhaan Vendraan,16-09-2011,/pOUZGFbpiYnZWCg4C1y6DrteugC.jpg
1382627,Thigattadha Kadhal,23-09-2011,/1tR7RVgaQAFp7IdUCWTdEVeuXJk.jpg
115271,Vaagai Sooda Vaa,30-09-2011,/xYv0VsgkvHXcyorhQkcLFADTAAi.jpg
76897,Vedi,30-09-2011,/vGLKZ0FB1hDs7rTx0ErOf0WcwBr.jpg
112847,Vellore Maavattam,05-10-2011,/qjSFsPZyeiNKCjSUtIPCzKdWNFd.jpg
463168,Raa Raa,07-10-2011,/1NPF2iPm6d5Xf58TrfZXMhqrPHc.jpg
536464,Vilaiyaattu Pasange,13-10-2011,/nL17NrU0GJeckg4qH1tVV7qSxLM.jpg
86718,7Aum Arivu,26-10-2011,/lsQGGZxIztBnk5HzAu79Ug6TKpu.jpg
63634,Velayudham,26-10-2011,/3AMmKdLbeGr8KxbsOwERzRM3xdy.jpg
525692,Appalam,15-11-2011,/lE8t8iYSVkupMaCEH16q8ej9l1i.jpg
677682,Invoking Justice,22-11-2011,/nhNHy75yjVILpPRwyO05STJ1TKr.jpg
78847,Osthe,22-11-2011,/gzmgQcucf9QB4y4p6vAzKykP4t9.jpg
324513,Paalai,25-11-2011,/zsXe0xcq8LEAt1NRbGwCkI2uzSG.jpg
76976,Mayakkam Enna,25-11-2011,/szikIRSbIApMeVbdcTKIEK5UpZb.jpg
1088615,Anaagarigam,26-11-2011,/jIgp8rJNMcISZfXmeIKjn0qf0Nr.jpg
742353,Sengadal,29-11-2011,/592Fc5WsLc8mgPXKvXhj86LdyR0.jpg
79333,Poraali,01-12-2011,/nb2KZIS9xQbSiAik96fjWm1Qbav.jpg
318791,Uchithanai Muharnthaal,16-12-2011,/wN105ZZ0AMhEMGuLFRkorrC7Hc7.jpg
146671,Mouna Guru,16-12-2011,/qe7FqkGEHOzITtN5b6VjrD733zI.jpg
1366182,8aam Number Veedu,22-12-2011,/yuop0OML60KaM8QGMNDaNJiAzkM.jpg
251918,Rajapattai,23-12-2011,/8wOj2ctqt0IVqwh1nW67dVTPEEe.jpg
536462,Zha,29-12-2011,/mczTUL7thqzAh21A29Lksvw0nS7.jpg
262570,Mahaan Kanakku,29-12-2011,/np5dnoZZzfj89yC31lfvr4UoS8p.jpg
115430,Maharaja,30-12-2011,/sSqmbHOz4VTdcXC3rMoU8j0zE61.jpg
69537,Nanban,13-01-2012,/dmhPnvYQVtx4xS1dkA9trCpQXvY.jpg
69504,Vettai,13-01-2012,/t95ezCpUmGcCy7gn319wgGmtr9u.jpg
111563,Marina,03-02-2012,/AonblxdmTf6oYbX1KRJNvesl3St.jpg
756854,Adigaram 79,10-02-2012,/8JQ6w3urw1784jnWnFsuA5Swaug.jpg
117072,Dhoni,10-02-2012,/liCUJ1Ri4lewwQMmMfTaCdW7tb2.jpg
81137,Oru Nadigaiyin Vakkumoolam,10-02-2012,/92TsYFVEfAqlOibwNwKTcrU0jKb.jpg
262587,Kaattu Puli,16-02-2012,/zp0KvigiZXvS9NYlKWQQVyJ4Dd6.jpg
114623,Muppozhudhum Un Karpanaigal,17-02-2012,/bslJmoV5ryVn6ZmpZHjZ4KFcHGP.jpg
101793,Kadhalil Sodhappuvadhu Yeppadi,17-02-2012,/61oKNx1ojPwkF6KzSs3cRnKMwkb.jpg
80238,Ambuli,17-02-2012,/os2L9wzQzJzdK4Hlq2tSRlpduBh.jpg
262435,Kondaan Koduthaan,01-03-2012,/zDrGVCLeP2njMEjfZaR6Ej47Ffo.jpg
114756,Aravaan,02-03-2012,/nCfwCzWAOoGFGO3TtTtOWDu1oOD.jpg
117663,Naanga,09-03-2012,/6WWs7DNDUaRhrdf9itKQvzJ0CoG.jpg
665131,Ullam,16-03-2012,/qgfCTszXGPmNGwmzwjko4vDDs7N.jpg
146925,Maasi,16-03-2012,/qEpmiA35wA7dwz6N5fEDxDXfFdf.jpg
78843,Kazhugu,16-03-2012,/dnON3BtMRVvMGnGX3GBJvbz2Iqr.jpg
79660,3,30-03-2012,/3JB3worSWdCp64oGxpncfotoAG0.jpg
732873,Mazhaikaalam,06-04-2012,/7ITKtyETLqbZwbDK4ZwBXP9wf4e.jpg
77089,Oru Kal Oru Kannadi,12-04-2012,/cy7D4RFuTM3dwZzrZdsjiDBrfZ3.jpg
115270,Leelai,27-04-2012,/6fp8pYfJsOwHwBy8Hf0kRpzxcZi.jpg
131107,Raattinam,01-05-2012,/RdMuWODYEpj5MxISjYPM0cDSqF.jpg
109835,Vazhakku Enn 18/9,04-05-2012,/nVqwQPARr6Ak8OVm1Gqc3pSDMIC.jpg
134702,Kalakalappu,11-05-2012,/oTvh7AaE3YK7gVe07XrIlrGq7VI.jpg
262563,Mayanginen Thayanginen,01-06-2012,/sau5azzibIGfNKBHWDg5ZRq3BeP.jpg
138952,Thadaiyara Thaakka,01-06-2012,/8CMnBbgO2q9j6QYNJMNc9RBGjfl.jpg
114900,Manam Kothi Paravai,01-06-2012,/fT6tRx63zsozINi5usFTSTfoI4A.jpg
262569,Murattu Kaalai,15-06-2012,/bL6PXjs8YKMYwuUW0FVmyDFhH0B.jpg
277327,Adisaya Ulagam,17-06-2012,/s8UjpvYLYzuSwtV0Ly8rrQe4rIM.jpg
67635,Saguni,22-06-2012,/5rzFSSlDZnfDWHSWnN3zyZpKLU5.jpg
814397,Dharmam,28-06-2012,/kDGolBjnmsdrRFYRO87hzHUTMG4.jpg
116185,Billa II,13-07-2012,/gADzX6C4pGHneBoU148LXFMDyMr.jpg
128912,Maalai Pozhudhin Mayakathilaey,27-07-2012,/wgYD2fsmbnMNTeetS0gTCPrLRQ0.jpg
128916,Mirattal,02-08-2012,/hd9i3R6Y04I5SRC1JnMRywfDvzR.jpg
262579,Panithuli,10-08-2012,/whp81ZA8DHumIgkkoMOIpqdi7m8.jpg
168242,Eppadi Manasukkul Vanthai,10-08-2012,/eoy6UJU5FEJImi5V6G0WJDjSukw.jpg
134508,Naan,15-08-2012,/5JOXVScmQ2UXMy27Q3t1UnGstNq.jpg
129848,Attakathi,15-08-2012,/gajS907XBZjbRAGMSSdX69YcM21.jpg
343881,Etho Seithai Ennai,17-08-2012,/7B07C6YoV0waFjSbAaNf4ILiwIz.jpg
134696,18 Vayasu,24-08-2012,/mlTpBXxhtHyYD50nLW8YjoXhkxS.jpg
69536,Mugamoodi,31-08-2012,/oSW1xrdNMPVRutxYzEOuxIn6gBH.jpg
117666,Sevarkkodi,09-09-2012,/frP1dHYnfMQn2VrldytQOwFIXeM.jpg
134016,Sundarapandian,14-09-2012,/gm3esquylldls0scdfQ80BgLDE6.jpg
141296,Saattai,21-09-2012,/q0mpaWgJHJKklc6MYH3Ti5iDr8K.jpg
78686,Thaandavam,28-09-2012,/tCUGqY1zN8JX7Vg5iK4oDUD3FBn.jpg
1193299,My Mirror is the Door,04-10-2012,/hp9d83zXvpeEA96X6g9tcaIbDap.jpg
139662,Maattrraan,12-10-2012,/q2RdAKjrGI1ibjetUff7wJtp0g7.jpg
139357,Pizza,19-10-2012,/ojC9NacZhfSwUn9aAMXUtDLV52e.jpg
79794,Thiruthani,19-10-2012,/tPe2l3WDvdrooKoL6hI0Zg9sMKZ.jpg
146853,Aarohanam,26-10-2012,/uaKvV08BKbJVEcBV5fuVJ8M6eEd.jpg
117660,Kadhal Pisase,01-11-2012,/Ai2fFsQw19E6xa1DFppVHN87Hky.jpg
146874,Ammavin Kaipesi,13-11-2012,/wLImpDKESP5qpTqLVLGsnq30dvR.jpg
143010,Thuppakki,13-11-2012,/18Hvx5MDIVnoexyehnGmMQE1lod.jpg
63668,Podaa Podi,13-11-2012,/yjoOmeP7Tg7X23KmW4Xi1xmmfZd.jpg
146870,Neerparavai,30-11-2012,/qxM15eYyTPHa9o99AQwABYlxSmz.jpg
146582,Naduvula Konjam Pakkatha Kaanom,30-11-2012,/z8zfkQND0z7G5ACgKwv7jBKZNhh.jpg
146591,Kumki,14-12-2012,/kH3TFrfm0xNhZgUS0NgkDUZ5vDX.jpg
116647,Neethaane En Ponvasantham,14-12-2012,/w8iOOYjUioL4zSFmnQl9BuYGePC.jpg
170065,Sattam Oru Iruttarai,20-12-2012,/9dHl0I7X1z8oPehpY3I6fugUHG5.jpg
128074,"Him, Here After",21-12-2012,/howUK9nAs5wgqsz8kA5e0RlC9ti.jpg
155491,Alex Pandian,12-01-2013,/pi5nekESuNU7wAf28IeOUyvj1ms.jpg
161037,Puthagam,13-01-2013,/cFAtpVGds2eJf3rEeIYR1QhGDWI.jpg
149390,Kanna Laddu Thinna Aasaiya,13-01-2013,/acpvWrYsOqVC0E6s2p0E9qCHOI9.jpg
76975,Samar,13-01-2013,/7PRFLHgDXDv7IMmfAdmjfPdBSvE.jpg
117319,Vishwaroopam,25-01-2013,/6j0ie6qImOH0ndS7uaZb4879PwC.jpg
147815,Kadal,01-02-2013,/4iMBITapARh7R0xMh2hXewcm5Fm.jpg
169533,Vana Yuddham,13-02-2013,/m4SBa9VEVT25kkn1Zoo8W3fJVAu.jpg
169526,Sillunu Oru Sandhippu,14-02-2013,/q88r6F60d3Qx9tkdTEWg0CJ0vqE.jpg
179413,Haridas,21-02-2013,/r582k8OmP3FMbFTI2uetpOh0nbm.jpg
69564,Ameerin Aadhi Bhagavan,22-02-2013,/217H02nQ2A8rnkczo5FHfXAyliQ.jpg
192687,Onbadhule Guru,08-03-2013,/lYRfzIf3NC6mzOi51wIgodh8zgD.jpg
148240,Vatthikuchi,15-03-2013,/yyuDrPoQ5DTlJEOQ9m02WG6EPa5.jpg
146584,Paradesi,15-03-2013,/q7ILAFCPI1Xnou55R9ymJXwwvyO.jpg
181268,Chennaiyil Oru Naal,28-03-2013,/NYQNNI3eeUycXthkCHMwg3I3wS.jpg
262574,Keeripulla,29-03-2013,/9rYqFbHJwLHCAbeYUPPmq7kzWZ0.jpg
180682,Kedi Billa Killadi Ranga,29-03-2013,/saiMPCldk01JehObNwRnUPVIrkq.jpg
269838,Vetkathai Kettal Enna Tharuvai,05-04-2013,/kqCRL6dtWueLSlC3F0CGrWbnV3w.jpg
180855,Settai,05-04-2013,/fapd9rqjYtwGnYfwU7F9J28YYu3.jpg
187188,Udhayam NH4,18-04-2013,/qlYCoCnVS7sfKAD0rs6koeKrKJb.jpg
148202,Yaaruda Mahesh,25-04-2013,/5Rt8cFsuzjBQvgNq625c1KQuoxU.jpg
116571,Naan Rajavaga Pogiren,25-04-2013,/qhHb7KYZNxLkpZ4yjHawuS2Il7C.jpg
189227,Soodhu Kavvum,01-05-2013,/xItyli68pnToohrriXVhWlKe15B.jpg
151363,Ethir Neechal,01-05-2013,/i8ZM9Z8EOFb6sQknTuhsvklDXe6.jpg
147153,Moondru Per Moondru Kaadhal,01-05-2013,/iTSSAZo2HY6sPKHCZ2c0MJ8L7hD.jpg
192473,"Nagaraja Cholan MA, MLA",10-05-2013,/p0cwr8mo7uB7MkDaekCztSwTSsZ.jpg
195771,Masani,24-05-2013,/kOgf1D7XprZ0Om88CIfHF2M0Qts.jpg
198063,Kutti Puli,30-05-2013,/uZ7o0zIoQVV9qoG4wR7neEAzGEK.jpg
198264,Thillu Mullu,14-06-2013,/2oJeU9pDYs0XD9lVuk70ZgucyfW.jpg
190663,Theeya Velai Seiyyanum Kumaru,14-06-2013,/hf1kqqTjUrPM6maD6KCgqwU9GNB.jpg
203842,Annakodi,28-06-2013,/9ydbJcDVRptjDUVp8bkzBopoB3g.jpg
191735,Singam 2,05-07-2013,/6ENAxfZz4IY2NPu89R1SGObjiWF.jpg
191805,Maryan,19-07-2013,/f7bIwoSW7B55n2UJqg0z9pYK9aT.jpg
210924,Sonna Puriyathu,26-07-2013,/w8YOC18eYMAVgNvb4bvmQHb7b0f.jpg
209305,Pattathu Yaanai,26-07-2013,/b5BWCv60OHle8z3q3UupFaZo0h7.jpg
194924,Ainthu Ainthu Ainthu,10-08-2013,/84SC1Z51pBjCjG75It3KV95L3Ts.jpg
148255,Aadhalal Kadhal Seiveer,15-08-2013,/qp32CanmgJXVzrdOvne32qta5o.jpg
202616,Thalaivaa,20-08-2013,/5h2SfwKTbbp0T21kjrOPU3QMaHn.jpg
216500,Desingu Raja,23-08-2013,/3y9zdFAbYBL2rNuoNhsAg5P0AQm.jpg
522815,Enemy,30-08-2013,/uRliduDz4zOiN8POcQsQI13Zlff.jpg
218811,Ponmaalai Pozhudhu,30-08-2013,/nvPLR12lfZYtRfQtecu9JyoR3Hv.jpg
218197,Thanga Meenkal,30-08-2013,/bXLqVU2qnKViL3hwDOe45wJucah.jpg
219818,Varuthapadatha Valibar Sangam,06-09-2013,/mWXvOXdvS9j8Va9XFIE993yIGEA.jpg
269658,Arya Surya,07-09-2013,/hT8pWswQYv75iYukRL0v9Poyw3O.jpg
221529,Moodar Koodam,13-09-2013,/62OCurCtXlOX8oPL6WFi3N1LEBu.jpg
269656,Adutha Kattam,20-09-2013,/put98ULh0styCtBPMAc7b45F7Fc.jpg
222981,6 candles,20-09-2013,/ioHzVT2D2d1UYIcRKF5kzcLp2kk.jpg
222979,Ya Yaa,20-09-2013,/1SGbToRpMT94Xo5B8AqreofJrqO.jpg
224339,Onaayum Aattukkuttiyum,27-09-2013,/iiA4VggMIsgeZORP0BXdGUQPFIp.jpg
224330,Raja Rani,27-09-2013,/szdy0Tmyc5zrz025JSTWx6EYICR.jpg
225701,Idharkuthane Aasaipattai Balakumara,02-10-2013,/4RbpRIPtU45lDY1mmJ0gRbusbe8.jpg
227062,Vanakkam Chennai,11-10-2013,/cN5VIYKifPPgDZHa6gv1DOctfdN.jpg
224648,Naiyaandi,11-10-2013,/r4WSqKkC9UXi9WKi9EZofpmznHG.jpg
252022,Ragalapuram,18-10-2013,/jOqDnrL1Z1FISYjVi533xck6Ke8.jpg
1384647,Ilakana Pizhai - II,25-10-2013,/olxsOjHTC7Mc9IW6petc04G2HrN.jpg
230525,Sutta Kadhai,25-10-2013,/cAYn9qnT4i9qXJNCUZi7iUKXSBo.jpg
188540,Arrambam,31-10-2013,/lOMySr9i5HWDduc9qChIwMbkrjp.jpg
231298,Pandiya Naadu,01-11-2013,/j9K3F5e6AHi4Cv6fvwJy7xA5tR6.jpg
233015,All in All Azhagu Raja,02-11-2013,/gtQfcMghGPr3ptEXDbwgbMwdI3T.jpg
236808,Pizza 2: Villa,14-11-2013,/f8RwjY8X6fngtEGzVHF5o1GEpc2.jpg
69510,Irandam Ulagam,22-11-2013,/4iIZotqK2zkbWUADRGkDItwnxiA.jpg
240078,Jannal Oram,29-11-2013,/8rpJhFyicrUBaZzqvsfY1ZdbtfC.jpg
240074,Vidiyum Munn,29-11-2013,/cBimCtb1QcbRWsNojz6l7ktM4jo.jpg
239651,Naveena Saraswathi Sabatham,29-11-2013,/iizANhgvJw7npEd9qJNmM3WXupI.jpg
241555,Thagaraaru,06-12-2013,/34ZW91UnmxyFcEwOtZZ2HPjtRWy.jpg
249082,Ego,07-12-2013,/yj2x8KyJmmXzytfkUJWUJoSDzSz.jpg
241563,Kalyana Samayal Saadham,07-12-2013,/7eejQLAR6YpbXEm9K2PVKWA52EC.jpg
242640,Ivan Veramathiri,13-12-2013,/cXVKVA7cZ0mYCPtYMJ5rRQ5P3Ts.jpg
191741,Biriyani,18-12-2013,/3rQDyj9lAoHKRhJYhb0L2rt3Qun.jpg
243706,Endrendrum Punnagai,20-12-2013,/kggSe3wKy8fOfBO5VLqy4cyODMJ.jpg
246030,Madha Yaanai Koottam,25-12-2013,/7hNcIgRC0bOrOulSmXlVDQwy528.jpg
246016,Vizha,27-12-2013,/cxpXgGxaKScx9SwEes0ndT1b64Q.jpg
505313,Ilai,31-12-2013,/owGNpuNueedKJYGzZEf3QDqOp8G.jpg
1382647,Devathai sonna kavithai,01-01-2014,/sMpSfdxqe5fymOZGW6LxBMHqi9V.jpg
411623,Vetti Pasanga,02-01-2014,/lkUw8zUUNIpDikudpPvAz74Zas3.jpg
247504,Veeram,10-01-2014,/tLeL3TODjce9mC6KxpP45EPxZjm.jpg
246087,Jilla,10-01-2014,/kUBsvLoyzgxTqTvuiE0PmJHpsRU.jpg
710909,Mella Thiranthathu Kathavu,14-01-2014,/78Hs1cjUWLAsb27oJKLtBdAaFGC.jpg
252720,Goli Soda,24-01-2014,/9ki22txHfPsxCoW7FD3l0r0FJZ6.jpg
251635,Malini 22 Palayamkottai,24-01-2014,/sHx3IQ3w3BRoaLnIna0M8rAkn6C.jpg
251639,Inga Enna Solluthu,30-01-2014,/tHjs2V9RmpKk1pWkIPlsoz0Vnai.jpg
252722,Rummy,31-01-2014,/v54OZi2IdN0IzgB3StZd5Uzq47R.jpg
255420,Pulivaal,07-02-2014,/i903a9858A6a5DLrN7u61rZZZsr.jpg
251636,Pannaiyarum Padminiyum,07-02-2014,/ttmmm9CwXX137XcdSZV1X8VLIQO.jpg
267369,Chandra,14-02-2014,/a1KufmPjG1SNMwpmxiOCcwAicWQ.jpg
255421,Idhu Kathirvelan Kadhal,14-02-2014,/cHqW99gUpQmNsKxfn1z1RqFfazy.jpg
259277,Bramman,21-02-2014,/zlKna8jw1I6PDRlIO5HVJ4NEm0j.jpg
251898,Aaha Kalyanam,21-02-2014,/goLTOX7DwyQ3dyVQGaTSFpV8enm.jpg
257423,Thegidi,28-02-2014,/4qgRM6XOk0cNVdeeNAHLbjhKdJ3.jpg
79356,Vallinam,28-02-2014,/fUCiJpNTLMjQ8RyrJhi5Cz209lV.jpg
273213,White nights,06-03-2014,/eVBXsKwfOVsgcFQbRtdd3BhPgHt.jpg
1690183,Endrendrum,07-03-2014,/hL18uEOEzYYa9RsvN2Yg1jKTJ3h.jpg
259282,Nimirndhu Nil,08-03-2014,/w2wWBgLGhPYEhjM1pYf5geDZ889.jpg
260791,Virattu,21-03-2014,/8qORVmCEl52MiXVJr6Gw6vGdfAw.jpg
260619,Cuckoo,21-03-2014,/oZPW7nXLbEj1Hipsf10sgpWoGTQ.jpg
260770,Ceylon,28-03-2014,/58m4zGXWMWuTm9CLdqqUUceP5Wp.jpg
260762,Nedunchaalai,28-03-2014,/vWL5KYpW2tn5jJkhhQKVfC1vBBq.jpg
262699,Oru Kanniyum Moonu Kalavaanikalum,04-04-2014,/t9tmt98vB3vLEeS6BVWLobrkiq3.jpg
259837,Maan Karate,04-04-2014,/42c3XPDLEkbmELwvsbDdan0E425.jpg
240865,Naan Sigappu Manithan,11-04-2014,/t6W70wsZADJHqxubahw4Je4RV29.jpg
264960,Idhuvum Kadandhu Pogum,14-04-2014,/rrGqnixR6mNPrRH8ZuZiMB4ca8Y.jpg
264609,Thalaivan,18-04-2014,/hJbSEYoAo637GuJZPzHDmqz8SNW.jpg
262691,Tenaliraman,18-04-2014,/kzEx7fJ0mwBYlslhVFiCYjP2YKE.jpg
267367,Pongadi Neengalum Unga Kaadhalum,25-04-2014,/9xj4gnJ2yf5QHc218xsvsDT3D5v.jpg
266309,Yennamo Yedho,25-04-2014,/8RqpUpgzfq1ptFZAr54NIrXkJ7N.jpg
263494,Vaayai Moodi Pesavum,25-04-2014,/yMT4jyvnhvl1ZxN3g9hV0uXV5r9.jpg
263428,Anaamika,01-05-2014,/qSW9ovHqKABIBguLVbEBH4gI3eS.jpg
263497,Yaamirukka Bayamey,09-05-2014,/y3W5wJ1dmXsTxhz7OjRQdGPoKbQ.jpg
263512,Vallavanukku Pullum Aayudham,10-05-2014,/gCiXQMfAh4HWePYQeHiMKBV7XP1.jpg
1382610,Nila Kaaikirathu,23-05-2014,/8W2JNVGRCWwq3MOQZblrZ8FZxl7.jpg
256968,Kochadaiiyaan,23-05-2014,/imvahgJM2w1LQnSnZEgaycRbgx.jpg
270767,Poovarasam Peepee,30-05-2014,/99D6v7saicifHZAlw7LmV6qkSuh.jpg
275300,Manjapai,06-06-2014,/nEFV3cOoWea3D3bxLpiJc2P4zLS.jpg
270781,Un Samayal Arayil,06-06-2014,/xWlE7rhcoNmAlaHnaYSYFImJBu9.jpg
270772,Mundasupatti,13-06-2014,/bDTxGNCMWCctxhbtibPFrdeHdzf.jpg
263487,Vadacurry,19-06-2014,/n59O292K35Q5WAuqwaVwv7BkWm7.jpg
262966,Netru Indru,19-06-2014,/T1gnd02hrmu6i8yfciPrY3UJzZ.jpg
279280,Enna Satham Indha Neram,27-06-2014,/N8duAklUTgh7xImdDWxd2S8Zw6.jpg
278259,Athithi,27-06-2014,/pypiDGkc60EEMeUI0hX4HcKomr6.jpg
263476,Saivam,27-06-2014,/3c88kvkbzARWcHTFphfYcf0MvZ2.jpg
997208,Where I Can’t Be Found,01-07-2014,/krpU52F8M2XXUlIkSoOF2VhddKg.jpg
263505,Arima Nambi,04-07-2014,/cNa17TU6CSOKT64GB3MwkKPRMb3.jpg
280871,Ramanujan,11-07-2014,/43d0IzrPaapqrYRHkfKfnpSNEKm.jpg
284133,Irukku Aana Illai,18-07-2014,/axWn12yWfZzVs9inNbCYJLr2RzL.jpg
281992,Sathuranga Vettai,18-07-2014,/z0WAnLRpndYWP7abNv7kzSyhi4W.jpg
262970,Velaiyilla Pattathari,18-07-2014,/fQ8JzXRf68xlzyquLn7TEe3S2Nh.jpg
264058,Thirumanam Enum Nikkah,24-07-2014,/u9RK7MTJgAm9xIsueIZL6GB6bbD.jpg
280174,Sarabham,01-08-2014,/sSe98RrsjU2q7bdnKqf1uCBlG7a.jpg
270766,Jigarthanda,01-08-2014,/oDcQE70RYc78iBYgHRknl64QKTu.jpg
303695,Maindhan,09-08-2014,/lSdkTWQ4Py3gZntvANnIY9XWg0W.jpg
278258,Anjaan,15-08-2014,/b3PM4bEQ1txDR30D2K79gGwvRIJ.jpg
264327,Kathai Thiraikathai Vasanam Iyakkam,15-08-2014,/uuN7qjU4aExWwbJJeIwIu6JOIWj.jpg
273876,Aindhaam Thalaimurai Sidha Vaidhiya Sigamani,22-08-2014,/j9dLDwmG83K15vHUOTX9uTo9Gcn.jpg
280882,Irumbu Kuthirai,29-08-2014,/6mxrEWLLEO0VcOZAbY2Fz1I9jIA.jpg
280873,Salim,29-08-2014,/6wfJOTtf4DqRKutC4bWKJpPWm0.jpg
273880,Amara Kaaviyam,05-09-2014,/cy7FIrINASfzloBIwz9NiCaqipp.jpg
280064,Sigaram Thodu,12-09-2014,/a36CbXuQLV567F3ewtwSK2DhbeK.jpg
263498,Vaanavarayan Vallavarayan,12-09-2014,/xUh9ZyRkAhPTOXsx0M2gNtPTX97.jpg
322288,Retta Vaalu,19-09-2014,/znp3ZN7wVE8nDfBnV9AlFekkwEd.jpg
280846,Aadama Jaichomada,19-09-2014,/qIlbaXpwAbaJtqVpIevDdY2CkTa.jpg
280116,Aranmanai,19-09-2014,/lYeQu0lYBRcg1s5za5hxfF6NFfU.jpg
272519,Aal,19-09-2014,/rvMMyhp2vTQeTvcSUJadMMcPCTf.jpg
294655,Jeeva,26-09-2014,/sLOlBn38T6YcV9bb1I6PAEebZJO.jpg
280948,Madras,26-09-2014,/hbaUw4NzU7Zd6QGj7HMNohfWpIT.jpg
280142,Yaan,02-10-2014,/2nuHMinkBUUnrrH0db1nJJX47hs.jpg
1284135,Aalamaram,10-10-2014,/6DFkpGt5XSucWjp0vZhwPniaqBz.jpg
572320,Kuraiondrumillai,10-10-2014,/k9SbOnINsqlLt8oLv7vaulAwm6A.jpg
476311,9C Oslo,10-10-2014,/mgp2enV1AAL8PbxsZox0h6n267T.jpg
297125,Poojai,22-10-2014,/8ZDix6C0DO8lW10vnEklotMky8K.jpg
263475,Kaththi,22-10-2014,/y8hvai0Y96Fz1yqyvtAG0hnATuZ.jpg
300506,Nerungi Vaa Muthamidathe,31-10-2014,/fzRNpO0r0Ps3QNHm109FllPyzlg.jpg
280959,Kaaviya Thalaivan,07-11-2014,/aIhoQ3UFnRAV4wcJZgEkTWBX1JQ.jpg
280884,Jai Hind 2,07-11-2014,/9lRrhpoTZ7KCJ3iUcwo9g7hvRqg.jpg
317897,Gnana Kirukkan,14-11-2014,/6BgI5Q63inNBtsACFzHxQaRwgK9.jpg
305506,Appuchi Gramam,14-11-2014,/r9fTrD82qSzW2fkkspEgfVWgOmb.jpg
264034,Thirudan Police,14-11-2014,/s8W91lOFoNOarPlVuI21T10ni9N.jpg
306834,Kaadu,21-11-2014,/wRrPgsMYV4rsCmhcW3mZFSXi8uk.jpg
280148,Vanmam,21-11-2014,/boEVtgGCeQCum1H3dHMdOsj0poi.jpg
280106,Naaigal Jaakirathai,21-11-2014,/8xrDcNfzIAD1NqqYuSnMg6qdyA7.jpg
652311,Third Gender,02-12-2014,/uK0VGbNn3v4wZfQlNgug0aE4tWg.jpg
324010,13 aam Pakkam Paarkka,05-12-2014,/d9qHHID1WATPPKorWK5dbWTV3nL.jpg
242361,RA,05-12-2014,/tJRrmdA1pSMRarEs1ejR0paulja.jpg
300425,Lingaa,12-12-2014,/595P2VmfbSOegsfAWK9A5j9MFoG.jpg
390445,Naleena,13-12-2014,/2tdDpSZjN7mcKjbRlndkvLUOQsj.jpg
311155,Pisaasu,19-12-2014,/u3dLe7SJa7FQeM5LICtkiw6LUA7.jpg
311152,Kappal,25-12-2014,/yI0Uogfz3RpUMvgXrx8pz1h4IJ6.jpg
307000,Kayal,25-12-2014,/3JRDUIDtXlwRkcz2qB8nLIceIZY.jpg
264041,Meaghamann,25-12-2014,/6xI4Mmp1XrkgaTsJOXFWrHj9qaI.jpg
1216964,Silent Tears,31-12-2014,/iEBVWENwjnUEYs2lor1lHaUWv4T.jpg
718312,The Invisible Other: Caste in Tamil Cinema,31-12-2014,/iIxCK9NoKL5Lp5TEiHuxfM9yasG.jpg
280145,Vellaikaara Durai,31-12-2014,/kwPiy0UpMMQgXFMfwToAbwo4zd4.jpg
525461,Pinnokam,01-01-2015,/sK0VrHsSqTkuzdUJakyoOgLlQmp.jpg
263471,I,04-01-2015,/pZioBfNL0BHl8JZ6P9ddqBNnFuj.jpg
318941,Darling,15-01-2015,/teNwhp0L2iPclQcigvgi1qg5GvC.jpg
318572,Aambala,15-01-2015,/jqGe0XmVkLIjRALf3WdDiHEms6r.jpg
300983,Yennai Arindhaal,29-01-2015,/hGQYVXiB16I7pPqQVSGqvgWIMkQ.jpg
329138,Pulan Visaranai 2,30-01-2015,/s78thwPet4HVQhhNVqHUWrqiWX.jpg
280954,Killadi,30-01-2015,/to1N5ooSHilGvbUqbinXQ8q07or.jpg
280883,Isai,30-01-2015,/qFBaSNxt4yboZh1BwUCP8c0oPqI.jpg
262973,Anegan,13-02-2015,/iRmgqZjYktrL74HIHNDiH21VSJA.jpg
280090,Sandamarutham,20-02-2015,/17tgZZiH6MvVzV3vLKqSzZno8VC.jpg
280084,Tamizhuku En Ondrai Azhuthavum,20-02-2015,/zlGeeZEz9X1bINEiaAotcGZsqQg.jpg
280168,Kaaki Sattai,26-02-2015,/A8h5JQpCETjUedYiSk4blar2c3.jpg
280881,Ettuthikkum Madhayaanai,27-02-2015,/lOptgnGARUuA8Og6wmseTyoTU6o.jpg
339366,Maha Maha,06-03-2015,/7w5XBqrBj2Lxp6JKwibeAYh6WBR.jpg
329588,Bench Talkies,06-03-2015,/21bq1w3x2MsWkxDgHWDTDS6nlee.jpg
329146,Rombha Nallavan Da Nee,06-03-2015,/1LGusPQilhT38oUfCNGGjKBWwlB.jpg
307002,Enakkul Oruvan,06-03-2015,/qUvOdFTawfEle7WTuLeukGBNSKu.jpg
330407,Iravum Pagalum Varum,13-03-2015,/u0JNTUCZPRAdtvfKYFNTRCB4a6R.jpg
330403,Vaanavil Vaazhkai,13-03-2015,/ktewElO1tQ5S3QfL6vlcudWLNah.jpg
330402,Ivanukku Thannila Kandam,13-03-2015,/uIkwNbwnqyOs1JHuMWvV3mrkOtj.jpg
330399,Rajathandhiram,13-03-2015,/lleQVSqodyrV0EXPwTlwNeE699y.jpg
932186,Narai Ezhuthum Suyasaritham,15-03-2015,/f3nfmShkZIDtDrHNQmwioZFyQTs.jpg
270773,Kallappadam,20-03-2015,/lq4NhoaxD8yJhRYm59yQMuVDZyt.jpg
343318,Charles Shafiq Karthiga,27-03-2015,/e2lqDBW8KFxOOKvqdOPFqR5AoyB.jpg
327709,Komban,27-03-2015,/su6lzCEDpNNk2dojW5w5LA0TeR8.jpg
280149,Valiyavan,27-03-2015,/wAbfeR2skkcYUke7LMMB552kuTd.jpg
329591,Nannbenda,02-04-2015,/6wK0Iqx0ksSfzuCeiQBt1JV7MCA.jpg
337653,Thunai Mudhalvar,10-04-2015,/vpi60H4RzeumfeC0B6ySKnMvJOb.jpg
330424,Chennai Ungalai Anbudan Varaverkiradhu,10-04-2015,/rbfvnVH9uwK2S9Bv1CCfanTxUtZ.jpg
329135,O Kadhal Kanmani,16-04-2015,/q2uYB5GtoBsgHTedmf2dGOR6vWk.jpg
330425,Kanchana 2,17-04-2015,/oBaVzegjQza23C1XCOMfnQRhplw.jpg
273870,Uttama Villain,01-05-2015,/4mwnjii4zreLDTYIDM2OxcuQUTu.jpg
273866,Vai Raja Vai,01-05-2015,/i83uMY0gieGO529GaeCOh8m0bBJ.jpg
264045,Purampokku Engira Podhuvudamai,01-05-2015,/9L28c6wt0bdk6wv9T618zmuyDK3.jpg
336259,India Pakistan,08-05-2015,/yqLODRtuvqm9jIGAeH4a37OdBwn.jpg
334383,36 Vayadhinile,08-05-2015,/jcG11wt3yKw61vtDgWrpQY0ZfHA.jpg
347438,Kamara Kattu,22-05-2015,/jOrmemeTahRUISXsif2eq4LJUAB.jpg
341420,Demonte Colony,22-05-2015,/4v0rLDCAV0CuZTAoeu8CDPBkksB.jpg
329134,Massu Engira Maasilamani,29-05-2015,/qXJTn2ZMhrbs4TawcZfoI2Ifwws.jpg
901163,Puriyadha Anandam Puthithaga Arambam,05-06-2015,/ifRe2nUhX9tIYaG8lFaFSbquwCO.jpg
344157,Budhanin Sirippu,05-06-2015,/fE1EA0hDYBxKiuO2mjWMSqRWJBo.jpg
264038,Kaaka Muttai,05-06-2015,/xa8EJVtnxq6rMPBplGuv2BAS1pl.jpg
460799,Lavakusa,12-06-2015,/lJqnSDj7VnYtcYiD496zotJd2wZ.jpg
344334,Inimey Ippadithan,12-06-2015,/7e9Y4nLQUfaW7lgXNuA6C1JOygu.jpg
280942,Romeo Juliet,12-06-2015,/3KOmLC3hDwEt0JLjrMqErCiCxyr.jpg
345540,Acharam,19-06-2015,/qjXB67CMXxOrdGvdU0QqkJEAAdE.jpg
342003,Eli,19-06-2015,/ta9wXfeQ4EzSXCO1N4d6tXvwhFc.jpg
342698,Kaaval,26-06-2015,/hahNKVPGwTXiA5HnFvfyIFV49GV.jpg
330418,Indru Netru Naalai,26-06-2015,/ArHCLV73pRLxRQbdYYh9tLOeLUe.jpg
270779,Moone Moonu Varthai,26-06-2015,/4xJfj9ezeBSg8IzhB3lsmjmPDP1.jpg
264049,Yagavarayinum Naa Kaakka,26-06-2015,/tkaEbwZo3HdPL9wU5wdBZDipKHn.jpg
536467,Vere Vazhi Ille,02-07-2015,/85OLEh0yeOGmEyFHz22G1aJHF4F.jpg
347274,Palakkattu Madhavan,03-07-2015,/p3edCv4Szun5elxc0qRJ6YdZ0CH.jpg
330421,Papanasam,03-07-2015,/b756U7HaJF0ooVsxv2YddXIFPuk.jpg
378229,Radiopetti,05-07-2015,/7Z4Ae1Bp6vUSSSYsqwy4ihn4t1O.jpg
311166,Maari,17-07-2015,/hlZIYvuEl6mIEbtJYM4NM7RXSjw.jpg
1156615,The Flame,24-07-2015,/zZxeSYTuNcI8DfLNl41qa7PG704.jpg
352115,Aavi Kumar,24-07-2015,/d1WIwouYMwfC7gpAVSfQUCHZTld.jpg
280107,Naalu Policeum Nalla Irundha Oorum,24-07-2015,/pMTonXMygKAgI185dOIAxt2shb8.jpg
782286,Magizhvan,26-07-2015,/qic8ZktrXaKVCqKvXdLro3BX9vB.jpg
330415,Idhu Enna Maayam,31-07-2015,/z8tZJBYXc8guuE4LJLElkA7FI43.jpg
327915,Sakalakala Vallavan,31-07-2015,/fSTe9o0j20HZ5agRXxLBlTJtmX3.jpg
320906,Orange Mittai,31-07-2015,/qJqUCQeF5gaKJYpr6e02egbeyob.jpg
349198,Chandi Veeran,07-08-2015,/tZEaBVj7oNRkoMnJCA1OkqyY27N.jpg
352113,Vasuvum Saravananum Onna Padichavanga,14-08-2015,/oYatlIfD3Z4lrfNH2phcdVrpOR5.jpg
260778,Vaalu,14-08-2015,/cQ3MxP5yrMfdjSwVq2hjW5oRWKy.jpg
356515,Jigina,21-08-2015,/qwk5qFAGPIxzIxAgN37oseXmNDx.jpg
356516,Thakka Thakka,28-08-2015,/fDRvW4EsdVrVBlqiEtywBJPYQNL.jpg
280165,Thani Oruvan,28-08-2015,/90ZpZw1qZlt0RUVByJATFVUEeEm.jpg
358559,For the Love of a Man,04-09-2015,/2DSxHHu27DhZGd02bV056kRJhAM.jpg
340829,Paayum Puli,04-09-2015,/bFZ1hFL8rHmq54VEHcqTWHMaSxe.jpg
330405,Savaale Samaali,04-09-2015,/a2EgJGyGhzuoegelbsVZHNmaxTd.jpg
1740310,Dark Horizon: Trash Pickup,05-09-2015,/cEzhKM9iYNZTxYFF9DfzuzZqvgR.jpg
384072,9 Thirudargal,07-09-2015,/85RSfNrP9jmvJkBibEEU65QBq21.jpg
359122,Strawberry,11-09-2015,/soeDliBNyJz3Mc28NEAWOHS8ffn.jpg
280140,Yatchan,11-09-2015,/fDIbxlfCHv5240wcGHqD9fQ79fi.jpg
360251,Maya,17-09-2015,/oQ1i56kTu0i4V2hZruov1Y6fzY8.jpg
346667,Trisha Illana Nayanthara,17-09-2015,/dxfph7ywFeqWEx5MMhj505567Iy.jpg
272678,49-O,17-09-2015,/vMEnqX3KHyxQ6d8g7Y1nmJYhmw9.jpg
371933,Thiruttu VCD,24-09-2015,/HkvCYhCg922cZ4x0VEb8pdpYHk.jpg
361756,Jippaa Jimikki,24-09-2015,/dO7WBRJ1XAvJssqHsE49Eq1DHUX.jpg
361494,Unakkenna Venum Sollu,24-09-2015,/6av2OLdmEpxyfBaGT5edyuRc0Dv.jpg
361493,Kirumi,24-09-2015,/jpEnOWnjBBepIjtPwxMJgny0NT1.jpg
330428,Kuttram Kadithal,25-09-2015,/llNCoNjHH2NTDFAfXDR9sKu2hZV.jpg
330420,Puli,01-10-2015,/jOaQRIwweY6pkqp7TEZpklNqrvd.jpg
363183,Sathuran,09-10-2015,/3RlUcjVRwrSQ8NEPtAEPGh7zU8y.jpg
363182,Kathukutty,09-10-2015,/2FThDnEuvYi7FfKHlWKOZCl2HLg.jpg
363181,Masala Padam,09-10-2015,/bFT0317VTnlFufSi62hbbLSYLT3.jpg
270769,Andhadhi,09-10-2015,/iDBBr4R9EFCt7Xq9jGyfQnHAxF5.jpg
855204,The Seed,15-10-2015,/natPqnichZ1JKdnkdAvz6GbMrSH.jpg
384556,Kubera Rasi,18-10-2015,/wM9Cdz50EnfIBTysD9iNhbBRgxW.jpg
330414,10 Endrathukulla,21-10-2015,/jZx7x4JUadJBa8AFZYsc5gN5k8E.jpg
320910,Naanum Rowdydhaan,21-10-2015,/1fWnzmBxZMEJZZATogoMPebazYB.jpg
453964,Pallikoodam Pogamale,30-10-2015,/4ljYZ5H1jFaHxPxOxeqK8Q1A02r.jpg
365811,Om Shanthi Om,30-10-2015,/icheJ1EHmehF8m0a3KA3VvQGufG.jpg
314693,The Strange Case of Shiva,01-11-2015,/iAQVJlYKwBlZjoc3ovPhBvoW9ka.jpg
1137661,uyirvarai iniththaai,06-11-2015,/3aqWs2Gd33YP6snUsKuIspmLUvc.jpg
371931,Injimarappa,10-11-2015,/aN3HwboZVAnQB9a0EMUiZrB9mvq.jpg
363178,Thoongaavanam,10-11-2015,/ydqz82ndB2QTj51ubvl6iG6lQI1.jpg
362150,Vedalam,10-11-2015,/cily2czYaIla7RoPQc8L1KO948e.jpg
368285,Oru Naal Iravil,20-11-2015,/o1EH1DMnbwntbsX7L1hWtr8a7RH.jpg
367846,144,27-11-2015,/lnKfRnMn9rqm6gZq4CdFAve2T3u.jpg
357708,Inji Iduppazhagi,27-11-2015,/rZwIlkdSXEJnuUhZ6mfem5Wyi5Z.jpg
349197,Uppu Karuvadu,27-11-2015,/sch6AR0jHIJSEdCdCblzlSNT4eM.jpg
332083,Urumeen,04-12-2015,/bqkyHGC3qyxwQY9oJFLpvrv5qI4.jpg
329133,RajiniMurugan,04-12-2015,/5gnfBCXjRbx54mThRqGHislrtZn.jpg
370069,Thiruttu Rail,11-12-2015,/eYMjGg9iGVF2QxpSfH2Jxjs7xUp.jpg
280878,Eetti,11-12-2015,/c0ZXuEZiC7nH8ozdLhW15SkEBZK.jpg
376026,Jagat,17-12-2015,/bsrH6WHho9q1TRX2c0C3qfPLLhI.jpg
368017,Thangamagan,18-12-2015,/mRNbc52rDcFrr3EnIcHY1tVTqUB.jpg
369684,Vellaiya Irukiravan Poi Solla Maatan,24-12-2015,/j9Iy6bD6s21zfqq8YB5BovC31aC.jpg
364023,Pasanga 2,24-12-2015,/2mlkY8THWDThDQXb0M1PjejzJeE.jpg
280877,Bhooloham,24-12-2015,/uq9SGIoD5MVHkhdYTmf63jI1ndg.jpg
374117,Tharkappu,31-12-2015,/7MMyyqg14SR3YR3wG3bSiTrrJV3.jpg
375858,Azhagu Kutti Chellam,01-01-2016,/5rrcCPLKfcTCGj8WbRt99b7VL7A.jpg
371109,Peigal Jaakkirathai,01-01-2016,/p0n25SjZUXKoAs9oV54ZI8Fa58z.jpg
370711,Maalai Nerathu Mayakkam,01-01-2016,/vC1EYhZXwuaEOY4IICB6lY9WxFF.jpg
369376,Karaiyoram,01-01-2016,/c9pEL7E2mRCAGFjmwPDaDb6iwdh.jpg
368012,Kathakali,14-01-2016,/fFPLFLH7rgn0f2k5VhUWgG6G1tn.jpg
367778,Gethu,14-01-2016,/m51VXfDtP3JZXELE0X5AwKefYxs.jpg
280163,Tharai Thappattai,14-01-2016,/cKnO6nxdEmR33coLU0Nc0ZLyWt.jpg
1312487,Scars of Tomorrow,18-01-2016,/k4RAOVD6Pu7qr2dGCtErXLoKJv2.jpg
381416,Moondraam Ullaga Por,22-01-2016,/tUQN6t5RgcUhgI3xHgSqEQLD3rQ.jpg
357706,Irudhi Suttru,28-01-2016,/h2cjfz0oDywC9KPTwjWSqubKLob.jpg
367842,Aranmanai 2,29-01-2016,/msZvK0AQ2NsZrz4NF0NXDj9Mfyh.jpg
372226,Visaranai,04-02-2016,/c1C0x8HDShlhaprftf8vDFqYkNo.jpg
371425,Bangalore Naatkal,04-02-2016,/iSt0bggXSNWmD0CEhzEYkpJmfP9.jpg
280049,Saahasam,05-02-2016,/e4ezUn4SrR2J097NGKhicUXixUt.jpg
366148,Jil Jung Juk,12-02-2016,/oYMVaJwHH2Cot5hYQbHT4j28gBv.jpg
349732,Vil Ambu,12-02-2016,/z5dna4cgNTeYkbAHrLRnCi5aFPm.jpg
280115,Anjala,12-02-2016,/gGzBLm1OYFNiuFuh2KDY4T79NAG.jpg
369834,Sethupathi,18-02-2016,/wsJ165gSPgtWK4lkch3bxFuFzMu.jpg
368230,Miruthan,18-02-2016,/kldv5btd1ADwnBetqpasrxtdESg.jpg
349740,Kanithan,25-02-2016,/ab4FydHxwg6vAh4aFLCqliPdmSb.jpg
404720,Oru Melliya Kodu,26-02-2016,/kd4ZlwLvGHK23jUIQMZmcyKw0f7.jpg
382743,Aarathu Sinam,26-02-2016,/bsBl0B3CrvweuJaNLBNglFMB64N.jpg
373908,Nayyapudai,26-02-2016,/hx6c0empCthI5gTDugp6CBLWKWa.jpg
522571,Ais Kosong,03-03-2016,/zOh8PIctOcDvsI6GUOWDRZNt8ri.jpg
382736,Pichaikkaran,03-03-2016,/t3e1ISbom2lJYGBliHL5JEx0w40.jpg
369939,Pokkiri Raja,04-03-2016,/yH3YpF3Pwep6yvG4apk7C7iLEeN.jpg
369819,Sowkarpettai,04-03-2016,/iRAaS9lwt521WBwlV7oXKr3L4gH.jpg
520911,Puthiya Payanam,06-03-2016,/h5gxp0KKyFVtCdLq6M5W5tjtidU.jpg
387252,Kadhalum Kadanthu Pogum,10-03-2016,/4kg3MYk5u5FNRowZypXON1qR1Ji.jpg
388323,Natpadhigaram 79,11-03-2016,/5jMzN61WwsusoKk7cFappGsW2Xp.jpg
388322,Aviyal,11-03-2016,/mTDOxt26Vn4G901jG6NR19itlML.jpg
345454,Mapla Singam,11-03-2016,/vzXqP79brTdGYgGGaYReU2oVkW.jpg
390914,Sawaari,18-03-2016,/uydYrSGXV8Y57WlBdCL1atb0ZJj.jpg
370067,Vidayutham,18-03-2016,/vtDCedGTgCwaTxdEJUeXKwXuCHe.jpg
369940,Pugazh,18-03-2016,/a7WuZYapNm862Wvh1KEB4XjhF3I.jpg
349200,Zero,25-03-2016,/61X7qmMTKVgggLoGZS0OycK4XTc.jpg
280152,Vaaliba Raja,25-03-2016,/mJcXu048xMAj2o7THTSOMOmoV3A.jpg
369936,Darling 2,01-04-2016,/hCoyg94sklvNCw9Y79RADsHSF6Q.jpg
369823,Hello Naan Pei Pesuren,01-04-2016,/sMD1QZEKDwDSGyxZSGIeR6eBZhV.jpg
330406,Narathan,01-04-2016,/fxP0KBQFHfZc5hvn5EPKJFLtwDO.jpg
400921,Avan Aval,08-04-2016,/xySIL5StJZq7XSo8ZjoWjDpONA7.jpg
392382,Oyee,08-04-2016,/bp7YGeKgm0ukF1er2bhxAHi3c8j.jpg
370952,Jithan 2,08-04-2016,/n66CVOpnb6oQdcO5sU6xdzthB1X.jpg
370076,Theri,14-04-2016,/f6BhexotEqO3GejXa3FopBNGL6M.jpg
493881,Oru Nodiyil,22-04-2016,/2JLxPpDbt88wWwToXvnUyDgAn4d.jpg
391059,Vetrivel,22-04-2016,/ewSPmhF6ICIN58DgfZlkqs5I14p.jpg
521901,Kanden Kadhal Konden,29-04-2016,/hm0fK72Zkcr9CYQTXYQMNPO1UHF.jpg
397288,Kalam,29-04-2016,/hDPRVaEqHoaQRxr5g6SvR2EenVO.jpg
391276,Manithan,29-04-2016,/zv30S0xYacaAUPXTTR4C0f24K8Q.jpg
368006,24,05-05-2016,/8d8TTADw3p75Zr4ypNWD66oqUXI.jpg
399135,Unnodu Ka,13-05-2016,/Akcrlq9V5iKWBPocDBIjmybzK1I.jpg
363978,Ko 2,13-05-2016,/szUKplDb21gpR1feOVTkuQJFYdO.jpg
263506,Pencil,13-05-2016,/iTnSku641R2zQ42wsTTSV3Yq1rN.jpg
408467,Kadha Solla Porom,18-05-2016,/tl3PyAgoqL3xqORRWRhnER6J8dI.jpg
396865,A Yellow Bird,18-05-2016,/34wyySgkhoEsbjBBS5RJdL3Pa6S.jpg
371429,Maruthu,20-05-2016,/fTQfQZAOGct9vk8BKJY1klyMeNu.jpg
400962,Meera Jaakirathai,27-05-2016,/i3YEKyaeItS3JtLYDiP1rWmmINI.jpg
400391,Uriyadi,27-05-2016,/3WnTpHtMhJJOVytPwiQGko5KOP7.jpg
318579,Idhu Namma Aalu,27-05-2016,/t0WOwK4DLHcuZSWfc2UMrUzm9XS.jpg
398034,Velainu Vandhutta Vellaikaaran,02-06-2016,/wG8Xhce2VRlJrHBguj5MKfS9hZF.jpg
369094,Iraivi,03-06-2016,/81wvyetBoSvsGobxzClUtoTX1UD.jpg
401628,Mayangaathey,09-06-2016,/rEmMq2UUN02Q4LcUPJp6h6z6U93.jpg
367179,Oru Naal Koothu,10-06-2016,/q8n96x5KQY86d6LNyROEGxeqg78.jpg
402537,Muthina Kathirika,17-06-2016,/7Lpe8bzMoLmT7QjB5SLSXSuihg4.jpg
391616,Enakku Innoru Per Irukku,17-06-2016,/8MMN4xFfc0JAvGZeJbdqHRHmAi2.jpg
402698,Raja Manthiri,24-06-2016,/gc56yo2F6lD3l7gvjk0DFYPHMqt.jpg
402692,Metro,24-06-2016,/coPPxNRT0L93pIl3NsoGGkgCKL7.jpg
243708,JK Enum Nanbanin Vaazhkai,24-06-2016,/2PRBkx1TiRBSNujJeHrCgCgpBB7.jpg
402696,Appa,01-07-2016,/kIocctVaetwA31NX1EPKnpk2CiU.jpg
371815,Jackson Durai,01-07-2016,/v2O6n1tHgDjYRBDKSeo1nUj2Tib.jpg
404711,Dhilluku Dhuddu,07-07-2016,/zI5C4xUnvZuGirocFYjVQKpBaQm.jpg
706112,Arunagiri Perumale,13-07-2016,/qpNGngrRabq4n1b0nuyXYLsFcAu.jpg
391105,Amma Kanakku,15-07-2016,/bEgePjeQ1QViDESDjJSwHYcjJmI.jpg
363314,Nayagi,15-07-2016,/6SSNegvgK5MRMd44xYTtXedRHci.jpg
1124067,Normalcy,22-07-2016,/qZXRKvktbCkzMV94MItTuPlVHiM.jpg
366080,Kabali,22-07-2016,/va0M1xhP3sUUERWfHeSKGVhtJHW.jpg
367756,Thirunaal,05-08-2016,/jSGFvpo0LKk8cBGT6qP3rCYPxNj.jpg
264054,Tamilselvanum Thaniyar Anjalum,05-08-2016,/aRNXvlxCBNwmKULC5A3PX1gGCjr.jpg
391062,Joker,12-08-2016,/b8SaYgpEItoqaOgd6BUdH1ZvdrA.jpg
353415,Wagah,12-08-2016,/oAferBe4Qyb7vYS7j2O7E2auIzY.jpg
373587,Dharmadurai,19-08-2016,/cmSUOVaaaZsQRjSYpkSuWGbDStT.jpg
280945,Nambiyaar,19-08-2016,/blMyOjBSPQ5Xcx5n9bkiTy74MT1.jpg
415100,Chocobar,26-08-2016,/pft9g2HXIZcQKXPmIH8HV8v5wJm.jpg
412410,54321,26-08-2016,/r2WwEi6TH6DwUfLMC12URPHwNzE.jpg
412224,Meendum Oru Kadhal Kadhai,26-08-2016,/lFBT4EYAP6jtAC138evA1hJIaCo.jpg
408743,Kidaari,01-09-2016,/8CIzUm9V8TJ6Q6a515x2I32dT0M.jpg
371435,Kuttrame Thandanai,02-09-2016,/zj95Y0IcwEljVouFjCpAZ1F5Dls.jpg
391274,Iru Mugan,08-09-2016,/hDXsugXi4fqiQaBWjnfotsqlqAe.jpg
272676,Vaaimai,09-09-2016,/rzSLiAQZSoVHmWNMtvdJKwfw7Xw.jpg
417141,Uchathula Shiva,16-09-2016,/6N5scRzYPR06NlIPkzatzCgrZmi.jpg
416579,Karma,16-09-2016,/s4jlfYJkuWcCVQMjRMGXo3iAu3v.jpg
415529,Sadhuram 2,16-09-2016,/wAqd944sAQL4IM1ENNwJ7BiuwTX.jpg
270776,Iruvar Ullam,16-09-2016,/k1LWrNpvNwkzmKhfPI2VgEJxYdm.jpg
447842,Nila,22-09-2016,/mVQpjbSwFv8VjhoeQIhL8QzeFS7.jpg
417709,Geethaiyin Raadhai,22-09-2016,/4LoLEFD6VsHMBb3C2XnuKQ4ecQP.jpg
376446,Thodari,22-09-2016,/bUCE3kTWr80lYCNiJpV1IonPNCX.jpg
410432,Aandavan Kattalai,23-09-2016,/rtythafvdg795tzwR4jeBMmonkL.jpg
422285,Kallatam,30-09-2016,/dA9zd7S4HE9vIpsPjJFe8lobtWo.jpg
408475,Devi(L),07-10-2016,/jobsilOScv9uCBqOJ6nJ5FaFeBK.jpg
407540,Rekka,07-10-2016,/wahjV8KeTw1oInmCvlj2ZwcjQ8K.jpg
402778,Remo,07-10-2016,/sACb5UVRdVbgEZklS5Wu5gNlmVF.jpg
371075,Ammani,14-10-2016,/9CasTBjmKXrMYHnpRMaixIaA49U.jpg
444861,Kagitha Kappal,21-10-2016,/whkXVV8oEng4FevxSd13c9seqZ7.jpg
423197,Revelations,22-10-2016,/aQfMqZagv7OkGsxSJOTiT7iaQvQ.jpg
411491,Kadalai,28-10-2016,/Ab2l4cqp7OXN1aofwCjZ8UUWg0G.jpg
376455,Kodi,28-10-2016,/2Axrtv2WGDAGsZSgnWZm07nNKz6.jpg
371420,Kaashmora,28-10-2016,/bTYbSIkPavrvjy09C4TRUAAeghN.jpg
410627,Meen Kuzhambum Mann Paanaiyum,10-11-2016,/m7JsxoVFB3yYQzxLSRneCEXdxrd.jpg
330417,Achcham Yenbadhu Madamaiyada,10-11-2016,/lxTQc8uFNroe5CaFXho4uK9tuHk.jpg
260625,Uyir Mozhi,15-11-2016,/f3DkVgyITEKAs3Jxgov67ltow.jpg
412193,Kadavul Irukaan Kumaru,18-11-2016,/9wXjfax2AdYvmFrlf7cxVi1JMXB.jpg
371810,Kavalai Vendam,24-11-2016,/muuUSDp4F3SKoOyYYIiRddmTJmW.jpg
430620,Pattathari,25-11-2016,/z43fifeoOXG5r16uFTHnio0Qio7.jpg
427727,Kannula Kaasa Kattappa,25-11-2016,/ycwW1NW1h8wYXh2hhy9QZm1bQBy.jpg
399171,Saithan,01-12-2016,/7YMDnIzP2yFLDETSYoRXIkkx7Ys.jpg
433135,Pazhaya Vannarapettai,02-12-2016,/mb2n6LEjmqUS48s2fZU2ODZ5Dyd.jpg
412017,Maaveeran Kittu,02-12-2016,/ce6k07EJt6BSbw1QMdGD4DlvMQu.jpg
410562,Chennai 600028 II: Second Innings,09-12-2016,/vSlBmLzEne3kGNZTPnZZCGZvKBC.jpg
370962,Veerasivaji,16-12-2016,/soaGQUnR2fhphLScY5b0qOoIBSl.jpg
433253,Nermugam,23-12-2016,/3OGfG4XRjEnQepaoCrz3Pg67e16.jpg
430475,Balle Vellaiyathevaa,23-12-2016,/2dNCbgxyDtaTD3oFXtel46rD9Q3.jpg
415850,Manal Kayiru 2,23-12-2016,/yuDHx6QCX5m2yzU2n5kGIzt1xBi.jpg
410480,Kaththi Sandai,23-12-2016,/vdk2fl4rgV1VUu98aCNHkXFB6bb.jpg
414523,Dhuruvangal Pathinaaru,29-12-2016,/3Zye7j7eunhb7jLdL8mj8xvFw5G.jpg
433676,Meow,30-12-2016,/jkvrP7M57aebijsOt47smCOnqUz.jpg
412998,Mo,30-12-2016,/cY71cdcxk3GWIFrRDnEkUt9ysX6.jpg
410617,Achamindri,30-12-2016,/wPuHutD8uHWhbDcOg8xoFvBhmem.jpg
272671,Sivappu Enakku Pidikkum,31-12-2016,/9M6zHiuZbxUdDit0Sgioa1RL9cc.jpg
263486,Machan,31-12-2016,/4M3mf99h1fOJHEthKzGuacTsUVi.jpg
411852,Sometimes,07-01-2017,/10DiJRI2M1O9NO8bCYsXFOvbj5Z.jpg
411717,Bairavaa,12-01-2017,/qHWdlIGu1uZSgP9xSLg0L7yXuEP.jpg
431769,Koditta Idangalai Nirappuga,14-01-2017,/oapGZuxJhnvnNe6s3yUehcOiN6p.jpg
415669,Adhe Kangal,26-01-2017,/ycpTmCONC036KiSZON6PrTPX7Ms.jpg
376440,Si 3,26-01-2017,/eSSNPcF2FQ0JUQ1OQ8xwibZgNqE.jpg
412583,Enakku Vaaitha Adimaigal,02-02-2017,/f9SoyHcGoaERqDlYFxto6fQuU64.jpg
408921,Bogan,02-02-2017,/myj2yLj5yEoRipdfohp9BsAxu6P.jpg
996841,The Sunshine,09-02-2017,/1PPtyKxOAWJPSNcFFLSNLpAzQ3p.jpg
440658,Lightman,10-02-2017,/4PrA3Qy2lBRVtXzyXqTDjokNAjd.jpg
451162,Kadhal Kan Kattuthe,17-02-2017,/mMfrkwA3q53sCyWUWiVdGu4u5GZ.jpg
442413,Pagadi Attam,17-02-2017,/aSoEXlGKOaCltdL9WbTaEoeVawm.jpg
413028,Rum,17-02-2017,/gdKWwl3ymkb31mq6Be7RozVy4WN.jpg
410851,Ennodu Vilayadu,17-02-2017,/u6z8aYKKxPJlEii4oRg8XJrvPYv.jpg
639852,The Search,22-02-2017,/xcZCckV3wTNHENTJjzoDxLIEmws.jpg
443518,Kanavu Variyam,24-02-2017,/2YKDBHRwLt6onMJR4JRN4lawCCo.jpg
413019,Muthuramalingam,24-02-2017,/qjc6xom9dTWgbEqoIyvKc3jpzL1.jpg
383703,Yaman,24-02-2017,/77fTcQEdfgZ3LOMS062uGZUydYi.jpg
370800,Motta Shiva Ketta Shiva,24-02-2017,/3NhIZvqe5w7GsPG6YV4wrDFEQHe.jpg
410592,Mupparimanam,03-03-2017,/kjIticokmK8c0bzy5ZNSQAgRN2Y.jpg
402781,Yaakkai,03-03-2017,/sCA9EKeVHENuCoqlyOma9M2elBn.jpg
402780,Kuttram 23,03-03-2017,/s1BkwHbHA4iH0vurfZlgTjBdETd.jpg
448773,Nisabdham,10-03-2017,/xzoNF42nmMUudIco00mudBy7G5Y.jpg
412096,Maanagaram,10-03-2017,/vZjFz8O1xy8TSe6EGNsLtUzA1DZ.jpg
462121,Kanna Pinna,17-03-2017,/2bDPheMKFiHSmg7tLrpg7KciRPw.jpg
447833,Oru Mugathirai,17-03-2017,/cF9VRbnQCj4lCnImYECEbDphdJo.jpg
411280,Kattappava Kaanom,17-03-2017,/reEm2t7Lwt6NhWQFAWqweGOeXf4.jpg
369835,Bruce Lee,17-03-2017,/yrgFpZ0LFCeVOjmo4hqwmIqOgfJ.jpg
573347,1 A.M,24-03-2017,/hoajs1jEMik28n8Zl4npaePveQv.jpg
486352,465,24-03-2017,/jocQNmSTuEdrjG9DiQGfrBMm7ES.jpg
449310,Dhayam,24-03-2017,/6BUvXSpAipSvMTBRJw0R18AaWNC.jpg
449196,Vaigai Express,24-03-2017,/wVI1t5sCXtMyS6HUiDKBAprVUdu.jpg
409159,Kadugu,24-03-2017,/bVQGcJA0J4aaalYssj5GAG4LbIC.jpg
372402,Enkitta Mothathe,24-03-2017,/er6Sgtl5q2SBlgSK5jaqVWRPBlI.jpg
363313,Paambhu Sattai,24-03-2017,/nblPWiQGRnoyMhkfRMKWcH6uj44.jpg
452158,Naalu Peruku Nalladhuna Edhuvum Thappilla,30-03-2017,/eg08yrCjITQSmcfyBxxfM7g9g8q.jpg
463486,Arasakulam,31-03-2017,/quij0KEzQ8qj0bvizXph1ixOu08.jpg
450580,Attu,31-03-2017,/ghIPoYN3SztxU0AILItP5tdHian.jpg
449742,Kavan,31-03-2017,/hqePCECNlXBRMAJz9cd5VoP25Lf.jpg
415913,Dora,31-03-2017,/qHPt7ILYzG5nebaaDyxHf4jTMC7.jpg
456228,Julieum 4 Perum,07-04-2017,/zzrpKqwhGZyp51t9aQRFC2OkS3q.jpg
453547,Senjittale En Kadhala,07-04-2017,/c7rAyigUPbILPABNb6sE5qH0K2U.jpg
450496,8 Thottakkal,07-04-2017,/3pGHKLYVj8QTcDFgvrHIRJAnneU.jpg
405684,Kaatru Veliyidai,07-04-2017,/eAhi75mHLylj5J0ZsjhaVTtHhQD.jpg
452250,Sivalinga,14-04-2017,/vUOTPPqEmvYDC2BZJEMJTMp2sMm.jpg
414824,Pa Paandi,14-04-2017,/g1J7jWk5gTuvycRANLb171kxsGb.jpg
411311,Kadamban,14-04-2017,/4YNQr9In80aL8W3PtcjfPnrsRe4.jpg
488968,Sree Hari Hara Sudhan Swami Ayyappan,17-04-2017,/fwSLPwvhd5Gdal6bH7a8LHH8NXW.jpg
455055,Ilai,21-04-2017,/juXJfAh2CwqD3uRDu4og5GK7Vbf.jpg
454122,Nagarvalam,21-04-2017,/jIujJrWCKk5CT5VDGz70zbuYEgX.jpg
458088,Ayyanar Veethi,28-04-2017,/jTEg6YHBl6NoSy6YqYcYVC0SrCp.jpg
455942,Aarambame Attagasam,05-05-2017,/rlrqP9JZUzyTf8MJTSXhSLyAAAl.jpg
455611,Enga Amma Rani,05-05-2017,/vmWmeipr8nHd49ONbfoTbAtLtEv.jpg
1090162,She's No More,06-05-2017,/iwoQZPcbkEr7nQA5NicT000Puft.jpg
457651,Saaya,12-05-2017,/dK9moAEYlVo3parXHVl7blbBPYL.jpg
455923,Saravanan Irukka Bayamaen,12-05-2017,/aOAR0TXe1gGCaHEOmeJZiM357v.jpg
455461,Inayathalam,12-05-2017,/aCWaVV8Iui07VRhqcFTSgXGR0rF.jpg
413750,Yeidhavan,12-05-2017,/gdYX6xSpIvF8FjSqAODahydNGy3.jpg
484264,Keikraan Meikkiran,19-05-2017,/5AyEpFIujlLJVfC5cW0iVGX8WBE.jpg
408914,Sangili Bungili Kadhava Thorae,19-05-2017,/n8PuhJJ9JjbEqsJIjz7VXhAP7N.jpg
454998,Thondan,26-05-2017,/hPj0J3ccsMWF30nrvgJ0RwnlCAG.jpg
413042,Brindavanam,26-05-2017,/rHeHwMz1YeNHPvRUNsuRnnVKVFd.jpg
1381973,Oru Iyakkunarin Kadhal Diary,02-06-2017,/tpZsRKwk66zl8Rh91acMVgbRMJR.jpg
466498,Vilayattu Aarambam,02-06-2017,/xXGYcLFs9w9ITUrbsaQbYQZVkV1.jpg
460269,7 Naatkal,02-06-2017,/vIztR6cQyB0datzvdhVJaBfIMoj.jpg
460226,Munnodi,02-06-2017,/tCKXIPtYM8c9xGQWdXz01UPQaU9.jpg
460223,Tube Light,02-06-2017,/hJx8bLlSwr4YKFGvfQRNdgDddUl.jpg
447557,Oru Kidayin Karunai Manu,02-06-2017,/1nXoANO1zWqaoW9NeIVHNalmCqd.jpg
409521,Bongu,02-06-2017,/fsE2Is7XVItvKVLOFDyuRnBzrDG.jpg
536460,R.I.P.?,08-06-2017,/Ag7GLDATyrEpJRVR6XD0IXIAAgO.jpg
456116,Sathriyan,09-06-2017,/jVPzjuV85sazY313nmVqG8ch9p8.jpg
412991,Rangoon,09-06-2017,/4cczH8oxKFum7YKQ32O9VQT0v4W.jpg
450736,Toilet,14-06-2017,/5iCo0hPvFA1Wzgr2OZqLDKDrv0w.jpg
461971,Peechaankai,16-06-2017,/grGzEDFbmJWdv3gkP2DASeYicTv.jpg
461845,Thanga Radham,16-06-2017,/8PcCFSqTndMPVbV2xyd2RDSjtWg.jpg
455920,Uru,16-06-2017,/vMsw7AD27eux4RmdjU9daKxauL7.jpg
412197,Maragadha Naanayam,16-06-2017,/tJmCAonJK2nhnlnqzM0WXgjyiqz.jpg
466721,Cinema Veeran,22-06-2017,/niuw54p12JbvhsM2wqudAL98B50.jpg
449739,Vanamagan,23-06-2017,/5H4FzkPOVt5zMGmwalgDKliKZ5e.jpg
420055,Anbanavan Asaradhavan Adangadhavan,23-06-2017,/oEc10eVZ1zqd6aXDRae8NipsZQi.jpg
464086,Yevanavan,30-06-2017,/AcWeYmfMA3w2bNLMCUj2HX5M9iW.jpg
464004,Ivan Yaarendru Therigiratha,30-06-2017,/gjThg8jiiBSFqYQ1gXV9cRCk50U.jpg
444540,Ivan Thanthiran,30-06-2017,/dgQKKqHer4w6yyPzDiuG6oXkvMN.jpg
412659,Yaanum Theeyavan,30-06-2017,/txyb8Taf2hAq3uSqYBSyoN10Xlc.jpg
412657,Adhagappattathu Magajanangalay,30-06-2017,/o7TaHv3m0YFWSlE0LMrqpvSNAR9.jpg
462530,Yendha Nerathilum,07-07-2017,/deJtuqudi0rLEjrLTJtrZdpNmSI.jpg
462654,Rubaai,14-07-2017,/vJTEj3Lz7UnQNgtExsv00zlqRzi.jpg
413166,Pandigai,14-07-2017,/zR80yPVwn0HQfqx2Tk08aEdjlhr.jpg
412101,Gemini Ganeshanum Suruli Raajanum,14-07-2017,/13a35ajW4HmVprxAi2rv7bP788v.jpg
411853,Thiri,14-07-2017,/2o3TJOOL0RHmuAi6AoseUjgDV9c.jpg
1190368,Paakanum Pola Irukku,21-07-2017,/zo7HmEP36TLyRP42Vt2RVKhlh3y.jpg
478643,Savarikkadu,21-07-2017,/r1NZ2K2wUZXfVLlATp0zBCG90aa.jpg
432139,Vikram Vedha,21-07-2017,/ob9YxdzRu5lfKgz0PNrlL45dorf.jpg
424336,Meesaya Murukku,21-07-2017,/51YxNae9DC5BG39IgCjsKkTIOdV.jpg
484505,Enbathettu,28-07-2017,/ajosJntFObBTqJQd3iQKoXBWS7J.jpg
411722,Kootathil Oruthan,28-07-2017,/lfLdsIPrwDbWlSlVUJBziEKvGxn.jpg
411612,Nibunan,28-07-2017,/AlMZ6SUGAOY8xp8UEiHTzgIlnnC.jpg
522423,Maama Machan,03-08-2017,/lvZin5543Ie6YtrUNqwtzu6g3zS.jpg
469473,Sathura Adi 3500,04-08-2017,/q7v2S8JnrGHmDWM0AYsC3KwlmbT.jpg
461307,Podhuvaga En Manasu Thangam,11-08-2017,/1lgjmYzNnYUHNz2pHpO6IZOUg51.jpg
456017,Velaiyilla Pattathari 2,11-08-2017,/5PcVo8sQ5FwrEE5uXAksUhRG67U.jpg
280167,Taramani,11-08-2017,/gJiEpvu32Tou3iLGZ8jVUMWuchk.jpg
437677,The Road,15-08-2017,/pL4ATHKEAggLxY4OuNIfxtPnxUR.jpg
482247,Ka..Ka..Ka.. Aabathin Arikuri,18-08-2017,/vF6TMI0JtVagbrio2WtGonHo39q.jpg
508708,Thappattam,24-08-2017,/83o6FCDqt7TsOFwLTByDhTOOKQK.jpg
438731,Vivegam,24-08-2017,/o31Fh66VeAmLWQ3HNObzTjbrWMH.jpg
474582,Pannam Pathinonnum Seyum,25-08-2017,/gwFxARoCUgFRstKu5e0wsvj5iQQ.jpg
522567,Vettai Karuppar Ayya,28-08-2017,/n5haBtK34DEE52owendIE3GP5ia.jpg
270780,Puriyaatha Puthir,31-08-2017,/tc7xXN2eb4n73qzKMQ6ZU647wnp.jpg
455032,Kurangu Bommai,01-09-2017,/pPO8YY9TKZ3bm0jEM7w3N3mLK3q.jpg
597250,Aaram Vetrumai,08-09-2017,/qBy0zgnpP3tKg8NfecxuONPCRdj.jpg
475934,Kadhal Kasakuthaiya,08-09-2017,/7QgK8zuBc9OtfzVqABbcoxlVHl5.jpg
475004,Thappu Thanda,08-09-2017,/hQ5mdFq3zmNLpRYU3o7ec82xqO7.jpg
412018,Katha Nayagan,08-09-2017,/eEQnCK9BdDxO8EaUSEWSsZsY8KW.jpg
410323,Neruppu Da,08-09-2017,/2aCk4sPBY9IlWFctXFw4LEtf7lz.jpg
511063,Teacher: The Tradition Bearer,10-09-2017,/nlZbUhqJdlF8PBAruGI7smQ7JFw.jpg
410481,Thupparivaalan,14-09-2017,/jG10W7dT4tHb4dqJ9sB2miClGP7.jpg
450036,Magalir Mattum,15-09-2017,/nCcDsyvQwiyF6KipXM3Obja6xau.jpg
484606,Konjam Konjam,22-09-2017,/6BsjuEgGQhmHWAIizJJCwriwWpd.jpg
477448,Pichuvakaththi,22-09-2017,/5Y8GwEAZTtccaANoaojsBB8QzrI.jpg
477440,Bayama Irukku,22-09-2017,/ke4HtXlUlCw0F6b1j1q1G1qHDZh.jpg
477425,Kalavu Thozhirchalai,22-09-2017,/xLTkqWcqA4PBYVCglRvvTZEuefY.jpg
477239,Valladesam,22-09-2017,/tVa2EMMc5N7KbyrOFg85e9766dH.jpg
477234,Theru Naaigal,22-09-2017,/ndHe4wdN5kMOJRfjRx7jX3nmTPw.jpg
280173,Aayirathil Iruvar,22-09-2017,/ygdnmTXQFkewOxvykVDNumLsMl9.jpg
452447,Spyder,27-09-2017,/xuNTcRnyR479nZCVKTlRy1OvBwL.jpg
477813,The Farm: En Veettu Thottathil,28-09-2017,/hcIsCAkKW42cuqZE3oIUWWMjwJF.jpg
456226,Karuppan,29-09-2017,/kGRe3SRj1mu2qyXxIl36qaDmh3C.jpg
439977,Hara Hara Mahadevaki,29-09-2017,/bzmKr9pY7FGUtEsxiGxXmT8uXhz.jpg
536454,Vasantha Villas 10:45PM,05-10-2017,/3gAM4Gjc8mJVVWeKdP1EOnjeOj2.jpg
719111,Physicality,14-10-2017,/tA3qpwXS6dW7wJIXKad8Jrotjbp.jpg
476450,Chennaiyil Oru Naal 2,18-10-2017,/cBAhTDIPMRnR0sVTOgFsNnfJBzo.jpg
463293,Meyaadha Maan,18-10-2017,/vmeqTtTbdTFcamhZD2LFxHf7kGc.jpg
456287,Mersal,18-10-2017,/65Q1wpRPZ5E3UVUv2V5JBbJQCcj.jpg
483956,Kadaisi Bench Karthi,27-10-2017,/3UpXEddRtmXMmikK47acuHNVpiV.jpg
483701,Kalathur Gramam,27-10-2017,/jhWIqVe5KaskSP5OprlAOf9UsHb.jpg
480308,Aval,02-11-2017,/rMaUdHC6NzpYSis0YTSVc0gPtVM.jpg
525459,Azhal,03-11-2017,/n4ivbgwaAwDN2ZFcMprS8mMajxg.jpg
485455,Thittivasal,03-11-2017,/qb9YG6iPzQYvufKmOcsVYiXDKwz.jpg
485257,Uruthikol,03-11-2017,/clDNjWJ6luqDBYsY4o82XfVhjr0.jpg
260658,Vizhithiru,03-11-2017,/gQ6I4Xs4oYSGJIhnMnUcFjWE5LE.jpg
520898,Jhangri,09-11-2017,/ijyMRTkPKQ3802Dv6Tia6VDY1XB.jpg
529645,Tharisu Nilam,10-11-2017,/q6tddXIwcj9D96uHLgcDxLawctb.jpg
461448,Nenjil Thunivirunthal,10-11-2017,/plCR5fZjWe5HYH1DzH5L67BZtYn.jpg
458498,Ippadai Vellum,10-11-2017,/wbEulA7nM4e52tJdTo6ad05AyYx.jpg
450708,Aramm,10-11-2017,/d0uYeUwNNg9DvFqb2JSFyhFRuaE.jpg
456296,En Aaloda Seruppa Kaanom,17-11-2017,/oJPNlxMtXd6WZ8QYYzdFXE1UnVk.jpg
456218,Theeran Adhigaaram Ondru,17-11-2017,/ocRAXgjqCO8n4sVNxjKLqr1waMy.jpg
536451,Thottam: The Garden,23-11-2017,/dV5tbMEMboelbD9rYMJxacTvn0M.jpg
463196,Pattinapakkam,23-11-2017,/tMGboHqoaiZH0Plp4RquLABlZs7.jpg
370849,English Padam,24-11-2017,/bi1b0rXY10Vm69b9YVvGUGSmfuJ.jpg
330419,Indrajith,24-11-2017,/wT3hrqexrK0u12eIBWi3lsIYfJ6.jpg
489398,Aasaan,30-11-2017,/2BlGNRxrZt0fhPFHsM7mm7BbYc6.jpg
483533,Veeraiyan,30-11-2017,/dEt4P1iCl4XzC6SnopVeZf0aCZn.jpg
478200,Annadurai,30-11-2017,/ci7XXDlTuSk9jqyeWuY5VVDEtgy.jpg
470133,Thiruttu Payale 2,30-11-2017,/snwOxyhly7D6MaYcRRcINeAYPIY.jpg
458724,Kodiveeran,07-12-2017,/mFJSlO0aVP9trIHlYy5boybv3Rc.jpg
491664,12-12-1950,08-12-2017,/8GmgujWl1zOfU6XS21TtRKMa0HM.jpg
458928,Sathya,08-12-2017,/bv7gs8t3NoZYdGOBuseeNJYUSoj.jpg
410190,Richie,08-12-2017,/dppsLQ9aPxMXSJcJ6gOb0PFbyT7.jpg
555633,Roobha,09-12-2017,/kGvwogvc6wVK6YAcGjg4FrPlPal.jpg
492891,Chennai 2 Singapore,15-12-2017,/8dg1u8Qsdxt0owQTFPFMi5gsuXq.jpg
492868,Brahma.com,15-12-2017,/9EKD0r0QyIzDgzDabSkkA0TgrSV.jpg
486404,Palli Paruvathile,15-12-2017,/udzDC53hSlfXijBL2Hee2gikxeD.jpg
423191,Aruvi,15-12-2017,/dqyDZ3B5R7OrTjioigQ7kqt20eH.jpg
408927,Maayavan,15-12-2017,/5vxSo81VDsCN8QEA11hSA1vcypL.jpg
508703,Imai,22-12-2017,/mqhZmBCCtMVSwtiXGNdUifTpzvR.jpg
481138,Sakka Podu Podu Raja,22-12-2017,/hIbYaQMFQYjLwVwXKxUEhsOqmJj.jpg
456289,Velaikkaran,22-12-2017,/2G17C0aDyKT98s4KZZCvyJ7w3cZ.jpg
463477,143,26-12-2017,/yodTGhbOPG0paxyJVLe8OOXPlQo.jpg
493094,Sangu Chakkaram,29-12-2017,/e0ny9Bod7fqkaHn4TFMWa9YKXpz.jpg
412853,Balloon,29-12-2017,/3kvN3o0FM3wtWMlBkGnlf75zWvZ.jpg
349194,Ulkuthu,29-12-2017,/w3scI8daqjUwBqE90Ys7y89jvdA.jpg
280958,Kalavaadiya Pozhuthugal,29-12-2017,/8kWSVEM7NUiRYU29PFICawpLw9R.jpg
1123841,Dhachka,01-01-2018,/cHAz9MQDkXe27IQaNowQqw5uXzz.jpg
573346,Uzhaikkum Paadhai,01-01-2018,/vNWDwgAIDXSYUbbDvPRmLMAISvE.jpg
521851,Paarka Thonuthe,05-01-2018,/lUcZOpLAL2yaSaG4VFKwImBgCPf.jpg
521849,Dec-13,05-01-2018,/oTha1Czq89nTzqLGgvw2UmCX8Qa.jpg
513665,Onaaigal Jakkiradhai,05-01-2018,/t5OpwwYn5DiH94xhCjUTHu5iJKJ.jpg
498648,Saavi,05-01-2018,/iyURDYLga0tG8gaYfeOCooceMO7.jpg
495105,Vidhi Mathi Ultaa,05-01-2018,/cBxfYHCwBFnwaFvFnqPAbFr0pLb.jpg
463958,Gulaebaghavali,12-01-2018,/7waPOT8OJom9xrCqZqIzWbziI1a.jpg
453068,Sketch,12-01-2018,/meJjODI5tTJAvyxhmnDyW8qLPRj.jpg
433121,Thaanaa Serndha Koottam,12-01-2018,/aBMQTZgjUH5JsfMVApIFNBUXjMt.jpg
521858,Veerathevan,19-01-2018,/CbygZXlqtLpUCXdN1KKRZwKDBm.jpg
521857,Samuga Valaithalam,19-01-2018,/3tlQQwxg6y4Flyu6JHajcn8i48j.jpg
501375,Saranalayam,26-01-2018,/3SB0FGolPSTGkw3wZ4d6azsm4VH.jpg
480158,Nimir,26-01-2018,/pE8W10sjp1hPxpfRZaZcpYYz3d1.jpg
408634,Mannar Vagaiyara,26-01-2018,/4eBgux5FnA3CmnvuOGgZLOLHXEJ.jpg
521881,Visiri,02-02-2018,/6HyxxkBSgda5WIDokxe4JgSa1Zl.jpg
488356,Madura Veeran,02-02-2018,/sBdNuBIvNa16rSdCjcSZcDtuix8.jpg
456625,Oru Nalla Naal Paathu Solren,02-02-2018,/dhFSku2wcKTwHZ34d9tJmzqvzL4.jpg
451434,Yemaali,02-02-2018,/as7p2QsjFVwctc7ShxtqxTsY6UA.jpg
443810,Padai Veeran,02-02-2018,/5pS48fszAicOtTOcVqMdWVdfDDo.jpg
521885,Nari Vettai,09-02-2018,/yCavBpVDCAIWvuuiWB7f7AZ8j0f.jpg
493103,Kalakalappu 2,09-02-2018,/wjZ2QEGfF308VCbCpQ6q35mbmQ4.jpg
462201,Sollividava,09-02-2018,/lIuEtDFiXVeFTZw4ezrdNhOK9T3.jpg
410482,Savarakathi,09-02-2018,/1b0VLewd6pTM0Y9EReUxeKN7cAh.jpg
521888,Melnaattu Marumagan,16-02-2018,/7p7Xj3ZG2Ma5TSxnf7TFxWlcZ94.jpg
505687,Manusanaa Nee,16-02-2018,/421BysQIoLDXsN0rK2Zq1XINtU8.jpg
496903,Nagesh Thiraiyarangam,16-02-2018,/sdkv4ESYFFCeihXtNmEXPBTYTMd.jpg
444516,Naachiyaar,16-02-2018,/yGHZ1Bc2MuPIFC3EvCCiFJyF7Rp.jpg
411303,Veera,16-02-2018,/wq5ZzW10zQbWtIbCUHGjVg81bZ5.jpg
485870,Koottali,22-02-2018,/pCDRH7AuI0O7i3Y3yyYuv6jQbE.jpg
521907,Merlin,23-02-2018,/w0DODa3QPvAwGRtY2i45sBA6e5x.jpg
508705,Tamizhananen,23-02-2018,/uQSxC8QPW4gMWLs9WJmdcdJpCCg.jpg
508217,6 Athiyayam,23-02-2018,/op4TEnI3f7RbbRlYuhu2p0W8PMu.jpg
507111,Kutram Nadanthathu Enna,23-02-2018,/lsR3fXAVrJ8GSEtOS9MfmWhUYlm.jpg
499612,Keni,23-02-2018,/9ibLxADxH2YVNduyI8eWCze0ttZ.jpg
483985,Yenda Thalaiyila Yenna Vekkala,23-02-2018,/rBmOZyDhnqCHdsE3ZpJt9WOAdKi.jpg
412077,Kaathadi,23-02-2018,/tUYaeEc73TxTXBBPJGRe3LxSe0G.jpg
522052,Dharavi,02-03-2018,/iXV4lGRUwXtLaqO9PWhPVYDbIY9.jpg
457871,Kalki,02-03-2018,/ySaE0To11XSHv4aohdaSRMNk9DM.jpg
515981,Power to the Children,04-03-2018,/rSZ6ck0k9Vx3L8eL8EC5NhNx5Ir.jpg
536445,33km From KL,15-03-2018,/4fFqAU0W9EuQA6K22wuMs9IqUFa.jpg
527690,Slumdog Kodisvaran,13-04-2018,/qZ4FybPoWvCDCy1LxMiulg3N5p.jpg
492419,Maniyaar Kudumbam,13-04-2018,/hpzqDs7MY3yzKe0erd7G0N103pw.jpg
463291,Mercury,13-04-2018,/kSFXtRgFlJxJruF3G76OgRfMOUu.jpg
519965,Villavan,19-04-2018,/cQn4Wlnc7mQqofgpFl9jMWn2iLz.jpg
522263,Munthal,20-04-2018,/bXTeGdGKqvirlSePpArCx8C4MeQ.jpg
522268,Paadam,27-04-2018,/tTLxClsvCYXRPQEFeEJJpoOqT6g.jpg
461464,Diya,27-04-2018,/yhHR0CwcWq1KvD6RkfTtjfxuyMx.jpg
456623,Pakka,27-04-2018,/n2qoV0N33hFFZ3XqFrrfkYjzo1J.jpg
527689,Alaipesi,04-05-2018,/4ombrDuQ7BaWfHcGZklJTOvBwbM.jpg
522068,Kathiruppor Pattiyal,04-05-2018,/rjX2FRPsc9ADP8AljejnGRomxUp.jpg
66213,Iruttu Araiyil Murattu Kuthu,04-05-2018,/we48A75rGcNBpXEcLUfUdTBVxCm.jpg
495503,Iravukku Aayiram Kangal,11-05-2018,/1gtw3n7dCYvwga4Kid3a7UJLkp7.jpg
487593,Irumbu Thirai,11-05-2018,/5yDCAvDtgJ9q7Fgs7Jy94nhRbV4.jpg
526079,Amutha,16-05-2018,/S7AxYQpPrihp6gMPI5bTcVUfKu.jpg
525668,Sughamaai Subbulakshmi,17-05-2018,/kmuvrwGrVon07jjzm4uXsTqMZWO.jpg
467117,Bhaskar Oru Rascal,17-05-2018,/sSDoUF1ll8M8hyLJqxcfvF2iC1J.jpg
527688,18.05.2009,18-05-2018,/q6QPkwMdYLAUq4DRdySScIBdpLl.jpg
527687,Paalkaari,18-05-2018,/eZl276YFFQKcQSsLOxz0PbgfQ17.jpg
526421,Seyal,18-05-2018,/wtq1qdBfL1ufHe4Rm5CBZTfm5dl.jpg
478473,Kaali,18-05-2018,/gZvbj1ZeUNi4i96HzSseyWRFWUs.jpg
527676,Puthiya Bruce Lee,25-05-2018,/ruUD5Y09OeEf8cfTCyOAKQcYjzU.jpg
527674,Pei Irukka Illaya,25-05-2018,/5cR2sZxoIo7QLNesHoYosR3MaZE.jpg
526077,Oru Kuppai Kathai,25-05-2018,/cxoqb2LSqT2T14bkYgYCzZjYelz.jpg
472947,Abhiyum Anuvum,25-05-2018,/aBr1kD22g3gW8NaXjnyhYTyNSRK.jpg
460549,Sema,25-05-2018,/avt99HU2fdgTO15T5njb1XGxLE.jpg
410611,Kaala Koothu,25-05-2018,/4AcgFvUnh13uIFvNRBsCxpA38AJ.jpg
527670,Vayakkattu Mappilai,01-06-2018,/vy1yJswmmCTDK4GRz5y3Bzjn0ga.jpg
527668,Mohana,01-06-2018,/hF8FBY8SskaieWV7AdPykteVGww.jpg
527666,X Videos,01-06-2018,/59Q5ixNPM0o3TK0taNRKtz2chGf.jpg
527665,Antony,01-06-2018,/80KxmbZDKrQC0SJTUZH2ntObrup.jpg
409015,Panjumittai,01-06-2018,/a4989bUMQf86BRMuZRMErM6XZer.jpg
459008,Kaala,07-06-2018,/xVAZZN4Av3e6YxwLgUWTYDNtta1.jpg
855138,Sea,12-06-2018,/dDnPVlhIi2bOdtzV5Lji4LG5g5P.jpg
507574,Goli Soda 2,14-06-2018,/3lILfSf26IMQGwtaYTNYJm8V0uk.jpg
532432,Kannakkol,15-06-2018,/jG33eWOz6h25wqRsYEjZu2YfjMX.jpg
532427,Ennodu Nee Irundhal,15-06-2018,/eFUrU4zV0yvsKiBGpQCBR3HTL0N.jpg
530649,Kilambitaangayaa Kilambitaangayaa,15-06-2018,/dufd6n0MuPZVIMnR8As4AeY1KX3.jpg
532430,Kargil,22-06-2018,/soziIwnjvx5qvmWgeeBQ6wsSu9p.jpg
504195,Traffic Ramasamy,22-06-2018,/q1SvwdOxC3OhZii5pagDTJGsU6V.jpg
461311,Tik Tik Tik,22-06-2018,/1CeVwJfKwIMqyiVUkE5MxU2IbLC.jpg
416358,Andhra Mess,22-06-2018,/yBuWGqhGKEggKXafKW5A2vkDlhi.jpg
534601,Ghora,28-06-2018,/uKC7NTRD53u4kcRubYCDHUevM38.jpg
524025,Asuravadham,29-06-2018,/fmPPD9TfmZXZnCtgl0uXE9rtMLD.jpg
507419,Inba Twinkle Lilly,29-06-2018,/hDHudAkSjw9YMBNt9xf8Vx5rIK0.jpg
412455,Semma Botha Aagatha,29-06-2018,/zIITUtz9SVjz7TZ69AJdh19WonR.jpg
534588,Atcham Thavir,05-07-2018,/xdvioa8dwvw1TB6n7RywWjBhzx5.jpg
534275,Roja Maaligai,06-07-2018,/cvr2b7Ak7VCNMnT31FUGjHRd1KK.jpg
533296,Kasu Mela Kasu,06-07-2018,/fh2plbhRCREsDPdtuOpHDaPHrou.jpg
498366,Mr. Chandramouli,06-07-2018,/oJgHRoykhkE2xJb3kRyEtgszCBT.jpg
527833,Tamizh Padam 2,12-07-2018,/muDTWWwJo3eaRefQ2uTPdo7prfW.jpg
535479,Mangai Maanvizhi Ambugal,13-07-2018,/uKOeo9hDz5xmgZk919et1mG96x7.jpg
498821,Kadaikutty Singam,13-07-2018,/iNeOevqxOrqwWJUJS2EIuufVf0B.jpg
1371925,Zombie Encounter,15-07-2018,/r9NHuyQWJu6ZgGzPO6UtsZKfvI3.jpg
536937,Ondikatta,20-07-2018,/4PGiTb1gtYUQ9wYBHXHTie99tG5.jpg
536934,Bodha,20-07-2018,/zuCGlm0dnOf3AuwV6kXG4ZBdRWd.jpg
536765,Vinveli Payana Kurippugal,20-07-2018,/35xnmyq57oxjXoHjyYcTyg3JtQu.jpg
534604,Vedigundu Pasangge,26-07-2018,/5hdpMtpfpjoXY1LAEZj8EZhkUmK.jpg
884038,The Boy,27-07-2018,/sqe9HRqhRtDDK24JPx5uI4WRq1s.jpg
493177,Junga,27-07-2018,/w8St0xtX8nc2EnIHhXIwRX45K5e.jpg
412333,Mohini,27-07-2018,/fFTbwRo3vYvewwMDEalgDJcx5F8.jpg
536011,Ilavatta Pasanga,28-07-2018,/91NxktmaVskUwXkdRC8Ka6RrpHa.jpg
541145,Kadal Kuthiraigal,03-08-2018,/e90vRWekRyPyhxFpxm5ROlHGf4.jpg
540950,Nadodi Kanavu,03-08-2018,/A3RgTJXEmV24XrqICJi0KYLMd9Q.jpg
540160,Enga Kattula Mazhai,03-08-2018,/1PIgNNNeJVfNyV786h931buYBZ1.jpg
540108,Kaatu Paya Sir Intha Kaali,03-08-2018,/dLZKzfhsyaqJq3QjNnXfta1GSd5.jpg
494836,Ghajinikanth,03-08-2018,/84UqamGvzFW7FHRwIPXlUORG19v.jpg
474275,Kadikara Manithargal,03-08-2018,/mDXju7uBIF113SzS2yMOi1NIMRd.jpg
512531,Pyaar Prema Kaadhal,09-08-2018,/pZAdJFNTsVGM7ydUGNZs4D6udFs.jpg
278358,Vishwaroopam II,09-08-2018,/ghBzFUq3naFwwInKnDL7QLbbkUA.jpg
542089,Azhagu Magan,10-08-2018,/dUk7DxOz90DNuETuz1BLJbVtvjT.jpg
542073,Moondru Rasikarkal,10-08-2018,/bJUbWsgvVLO5RuSkuTkzjhoTmkA.jpg
538026,Thirudathey Papa Thirudathey,16-08-2018,/7inen5bEdj6P8Yt7XFWdt25qBxc.jpg
542794,Odu Raja Odu,17-08-2018,/4MI38mA1gGahSqKB1b6xGjNpOzH.jpg
533238,Kolamavu Kokila,17-08-2018,/bnbZ4tscBieDg7f14aUJZekqlZS.jpg
487258,Marainthirunthu Paarkum Marmam Enna,17-08-2018,/hLNQYT8dD4gWSqTp4cEI9M9ho5Y.jpg
533889,Lakshmi,24-08-2018,/wnQ1NRP0Oe9f2TahttBi2kG1XQC.jpg
463062,Kalari,24-08-2018,/oUeSrgDGkJXSQUqGqgdILuzFIPi.jpg
459377,Echcharikkai,24-08-2018,/na4nR40cUOK5Ej6murCrvfFWEjV.jpg
413136,Merku Thodarchi Malai,24-08-2018,/eKIXvlp0h1395TF3FdqWssywipR.jpg
415193,Imaikkaa Nodigal,30-08-2018,/mHkeMrAqW4TnRkeI1Xl8qwuGyPg.jpg
544679,Aaruthra,31-08-2018,/kPq8ZrLf5eT8KqfCQUIezCMm99p.jpg
539811,60 Vayadhu Maaniram,31-08-2018,/iJA4z6CAZJbCMLtlk0vetRWaYHx.jpg
66534,Annanukku Jey,31-08-2018,/cDPHug6Gu1C2BJ9M3X8kCLC11dm.jpg
548513,Avalukkenna Azhagiya Mugam,07-09-2018,/1YSPMGlH6RrsrxOHAlLR7L02H2O.jpg
547851,Rajavin Paarvai Raniyin Pakkam,07-09-2018,/1BtQbJVmp7jRcNICTOSpjIZGb74.jpg
547715,Thodraa,07-09-2018,/1pt7gy4d9Ad7XrhX4xNo648fILn.jpg
536461,Torchlight,07-09-2018,/pu8uwi2v7PvaauQUsr47TFedMU7.jpg
505879,Vanjagar Ulagam,07-09-2018,/dQ0DleLeAMWfvP1eySo461L2KtM.jpg
535657,U Turn,13-09-2018,/d5wL2axBtieecnAD6X4HMgrkXGp.jpg
505906,Seemaraja,13-09-2018,/ue3uKN8OBj8whyNCFVY3dMKt7f8.jpg
646518,Neeyum Naanum,20-09-2018,/vGMrBpxuXka63reY42OcwY9DOEe.jpg
550673,Eghantham,21-09-2018,/dkvR4JeTpkkJSDfem4wjdm6cxn9.jpg
549524,Raja Ranguski,21-09-2018,/qjE2TK4wzzyiwTU8tZCRITpAsut.jpg
493107,Saamy²,21-09-2018,/dvyDUclIXYVl6nakOljELf1SqQC.jpg
504184,Chekka Chivantha Vaanam,27-09-2018,/kzwMj4FZdeH37I9u9FIbmkmI2Jx.jpg
462718,Pariyerum Perumal,28-09-2018,/78YoIO3gzkZPC1jotfDmolNDmgT.jpg
441717,96,04-10-2018,/nrVloCa2hCFOztRF1DZU2jnWIiQ.jpg
552389,Yaagan,05-10-2018,/dcPSMj5AKogBZtQbJK2duAULkwN.jpg
512534,Nota,05-10-2018,/gjmtKSwVTCwhp00Rxg58VauqKG0.jpg
412862,Ratsasan,05-10-2018,/mruUFlrVKiL994y3vvQBT8R2Vnf.jpg
553236,Koothan,11-10-2018,/gBCERV5XcHE3g0lR7rTgw6GZrbV.jpg
553676,Amaavasai,12-10-2018,/rncn3Am3ZhI9IuM9dPaWeSXJmAH.jpg
485085,Manusangada,12-10-2018,/8dSJMrqeH6kqDvufMFqnJUmkyMw.jpg
462391,Aan Devathai,12-10-2018,/9gq4D54I5lgmVvp5F5TS2qzhock.jpg
410331,Vada Chennai,17-10-2018,/4Pa7SriYtq4BdoS2BAPm6w66vLi.jpg
560805,Ezhumin,18-10-2018,/6CMjj7Ec6laAd9ESbmhfP1MzmKM.jpg
500366,Sandakozhi 2,18-10-2018,/fcagy4oHw5SyXEPvcVwjmyrKf3T.jpg
1372707,312,19-10-2018,/3z4ogxyiKdhx5Hm7sxirsZVsxD6.jpg
1372636,TEN RUPEES NOTE,19-10-2018,/2uuewY5C7djybTWs5gKdgLK8UOp.jpg
557119,Genius,26-10-2018,/qQnzWXcS9aBI6K8Be6wtJN17SF4.jpg
505943,Jarugandi,26-10-2018,/71c72cQB2p6rhVmLOoVe085wO2m.jpg
507409,Billa Pandi,06-11-2018,/6lLLMZfuoPTbpSw679TSRRBWk21.jpg
504233,Kalavani Mappillai,06-11-2018,/4cBlCqMTC53ZLInQQ453hjIXcRf.jpg
504231,Sarkar,06-11-2018,/plaMZ1r11u7D9JTd4vkmhQJlYfa.jpg
562458,Variyavan,11-11-2018,/jhieSDojw6Ww8sqLCbSmKnHO5TK.jpg
534953,Kaatrin Mozhi,16-11-2018,/xbYdUeLrJkEKxDOcjpw6pucOI9k.jpg
504227,Thimiru Pudichavan,16-11-2018,/3Wj2mfRTOqvDzJVdyJibrPkYiz.jpg
586095,Baaram,22-11-2018,/lZzh6CWEyMUydKq1VzVchREVetx.jpg
413036,Sei,23-11-2018,/iIpdkxmyCnkNHegdmCAhZxeL03Y.jpg
570073,Vandi,28-11-2018,/mQ3qF4HObHoV0rvegrStTDz0iWw.jpg
373449,2,29-11-2018,/6EYb9c707fTGrsM3bA0zKk3jNBq.jpg
607280,Dhoni Kabadi Kuzhu,07-12-2018,/xbsilVgYenXmcFUq2n04yxgmpSZ.jpg
564144,Ivanukku Engeyo Macham Irukku,07-12-2018,/4SoP5HIxJUVw2J1TOmUnXUnAx8t.jpg
495814,Pakshi,07-12-2018,/axMlomfXS3394hbDRUCeoYdYM8J.jpg
1632847,Prabha,14-12-2018,/odYLjjxCmSmCp94WLeDWXdwOpcd.jpg
568026,Johnny,14-12-2018,/qLXhqhkHznsU6ghUdqix3qvejaF.jpg
499362,Thuppakki Munai,14-12-2018,/sPVs1vowAKEGqsrPZiAGeTgNd3m.jpg
497227,Seethakathi,20-12-2018,/klSRQv1l8Bd8A1n7SOfGb4wbmEp.jpg
536595,Kanaa,21-12-2018,/2Pse0omNBOQcWhrp8gZpgu6Crhc.jpg
500971,Adanga Maru,21-12-2018,/favl3yUhjCC5BkR86IGtBR52TnH.jpg
493178,Maari 2,21-12-2018,/tThalcNdwf4RLwMis5RMXebtQzI.jpg
461693,Silukkuvarupatti Singam,21-12-2018,/iIPbuINYWjvRZhXVrA5TDcKDuCy.jpg
462952,Kattam,22-12-2018,/7SV5jOBZHZG4w3KqOPBFI62put3.jpg
494918,Utharavu Maharaja,28-12-2018,/8ztemohrAOHccj8VIpTifZTXEJy.jpg
496687,Ticket,31-12-2018,/4l5Z4RbiNkgWItvA3J6NayC3HYC.jpg
455429,Meendum Vaa Arugil Vaa,31-12-2018,/8MIO8Do3XaAo1tIGXSbr96jHk1N.jpg
411714,Papparapaam,31-12-2018,/rb8aXc3a92YEMfOhjwIkVZzm8HF.jpg
644271,2 Glasses of Milk,04-01-2019,/bhVgCg7pGPrASA61lnW4gvwfqH7.jpg
572461,Maaniik,04-01-2019,/9Wqg5NPlw04TGLsi3HI8lrmast5.jpg
469240,Sigai,09-01-2019,/7rXhPGangT1FazqmGR2m44f2fcq.jpg
534993,Petta,10-01-2019,/icrS7HzjT9DsionJLSnYFfjR9rW.jpg
503356,Viswasam,10-01-2019,/9XXABbZY62OWkkjUDPVysMTs7fc.jpg
603176,The Mosquito Philosophy,18-01-2019,/aOAm8iUnt5WaWCb81FMoKyuDpWM.jpg
577757,Kuthuoosi,25-01-2019,/8Fvh9uZbO1tB2LF8lfs7Iwa7mPS.jpg
496412,Charlie Chaplin 2,25-01-2019,/2Zo9FskJYlkHT5gUjWN2VvjpT7N.jpg
409266,Simba,25-01-2019,/dwz5a9JSvJKNY8Sg0t6Fw3OEXIY.jpg
579233,Sagaa,01-02-2019,/5mQbObxVzBKL4rPQy5FHxjEfanz.jpg
579185,Pei Ellam Pavam,01-02-2019,/3SiiSyJzIt3uzY88tQsrKF7DyiH.jpg
565885,Vantha Rajavathaan Varuven,01-02-2019,/iZew5hsN6zKyOkBl2a0U5oqlkEO.jpg
504437,Sarvam Thaala Mayam,01-02-2019,/2LreMDJBdGC55Ngbs8EDvyAVWX4.jpg
412865,Peranbu,01-02-2019,/uogOObqRReG91niJ2X7WNMpRkH8.jpg
579417,Dhilluku Dhuddu 2,07-02-2019,/tPXDp3RPjtqh8I6wz76Lev5vOa5.jpg
580545,Podhu Nalan Karudhi,08-02-2019,/t5fF396JW2dWUvmOxCnbFmESL18.jpg
414012,Nethraa,08-02-2019,/ZgQk99wIZtlEPaZoGtM2lyvEn0.jpg
463423,Kalavu,09-02-2019,/k8twzuxBHhYohxHZ3WDWvwqUiRe.jpg
1373085,Ghost Story,10-02-2019,/1VvepQKZcXe9FlD6RrPddWmM3bY.jpg
582288,Goko Mako,14-02-2019,/uqoMB4HmYUxD5VK8OdDBlEgERfX.jpg
539315,Dev,14-02-2019,/AgvDjOzWMISPYmFsW42ZOpzPrCc.jpg
582072,Kadhal Mattum Vena,15-02-2019,/2HXfsDBHJ4SWKJD5u7te00DOPtk.jpg
273872,Chithiram Pesuthadi 2,15-02-2019,/st4dg8pI3XzzFVlzavO4j9e0L0r.jpg
525162,To Let,21-02-2019,/4EZMSwTeYxQxIs1eEpNqpCbNeFB.jpg
583999,Arandavanukku Irundathellam Pei,22-02-2019,/ysiJ0HC0bRdwb0OKxwuHEn43jyJ.jpg
582333,Pettikadai,22-02-2019,/4ilNBFEUxHEYDfOyk8d3aYI9zDy.jpg
530957,Kanne Kalaimaane,22-02-2019,/z25mYB8Ffdv4UKLvl2tytKNfh4t.jpg
526191,LKG,22-02-2019,/yQGBOpGCR6Ne0pgRNrBBqeeScgJ.jpg
585280,Vilambaram,01-03-2019,/sIZRmhAxMeAKCSS7KEQwzbuYSBI.jpg
585248,Thirumanam,01-03-2019,/mhxDBF6eDpq7nmxe6nxHRoqWqJ2.jpg
553918,Dha Dha 87,01-03-2019,/4UXXajMNEdjXg3BborS0s7DnZxx.jpg
505971,Thadam,01-03-2019,/mR1Rf4ZaE4iDbvYKwZsvmg2mrBN.jpg
505929,90 ML,01-03-2019,/xNsMXr4cYj1DRS67XcYtvOb1WNH.jpg
586659,Kuttram Seiyel,07-03-2019,/h7e49UniogRTgcN2Kd6nQIqpqGn.jpg
596420,Spot,08-03-2019,/eSNdFPfHk9DU1rr8aU0NULwA0KR.jpg
505686,Boomerang,08-03-2019,/j2xBTyW17VkNGNQGNMjscOEWExo.jpg
471113,Sathru,08-03-2019,/tw7MXERmNWb8sAreAiJkiU5wuz1.jpg
409157,Pottu,08-03-2019,/hT2hfqPYIemdqhxrrC52NEMaXAu.jpg
950264,Scissors,14-03-2019,/AqKCnhlG8Mni4f5vcuGD8JeAdzq.jpg
588951,Gilli Bambaram Goli,15-03-2019,/34qumN2xSrZrjZIgD7W3i2gn7HJ.jpg
588471,Nedunalvaadai,15-03-2019,/yaD3E4cU68E8vBMVKaxlnt2jmIg.jpg
588302,Aghavan,15-03-2019,/n5TPNScGszwFhURgkMjD01sE58T.jpg
588280,July Kaatril,15-03-2019,/ixXzDWYp1PBAR5xTHOHgzjYdnWt.jpg
580430,Ispade Rajavum Idhaya Raniyum,15-03-2019,/AsiChegfsDU0nfrF8vl5LfiVpw0.jpg
591068,Saaral,22-03-2019,/Aes3BqWLjqgyY8k5TnOQmmklEGI.jpg
589908,Maanasi,22-03-2019,/wfLnPzDdEhfVGSd5889BIFHbrei.jpg
589703,Neerthirai,22-03-2019,/k9h8Iyc04YgtPQIjhJSJjzk9tOK.jpg
589698,Pattipulam,22-03-2019,/dr4MkkcEFkld33xxt5iTiX3P7lr.jpg
589184,Embiran,22-03-2019,/5zEdypLWKckZkGRM8PlX1cIqgTQ.jpg
566104,Agni Devi,22-03-2019,/ilR7tFAPqTPGqGI2YJtYgoOZ0Np.jpg
553889,Airaa,28-03-2019,/axlTEfbaGxnTq0QAwEkBQN8doFY.jpg
432011,Super Deluxe,29-03-2019,/rTsYDdFWyw87CTk4YgJO6nYmVcJ.jpg
590548,Natpe Thunai,04-04-2019,/5CL4HpQGiYPD7sv1eQMHOArkSlU.jpg
592895,Kudimagan,05-04-2019,/6hDj4Hpkt7U2xe38fmjHYDo7iLU.jpg
592892,Ganesha Meendum Santhippom,05-04-2019,/yaG7L8JaW88tjYS4I3REmfYfY2s.jpg
592875,Uriyadi 2,05-04-2019,/s4A1TOGg5US0GwpM1tnP3KJxr5j.jpg
460539,Kuppathu Raja,05-04-2019,/x7ZTIUpcR3NZAO9JoCRF51wrEK2.jpg
713242,Soundless Dance,07-04-2019,/1iuUx2wIwNCjongyZIvq5LILBwl.jpg
594431,Rocky: The Revenge,12-04-2019,/eYnSsQRnLCv9jqWDvTuO0COzfgM.jpg
594176,Zhagaram,12-04-2019,/A8cWrJN85cTYcdJHycK6HSI8ebd.jpg
591086,Watchman,12-04-2019,/9algOEtuBhdvkmyalaeZglxdacb.jpg
584030,Gangs of Madras,12-04-2019,/bkvbHxgHcLnfZQm4tK92nHvYM4k.jpg
595490,Mehandi Circus,19-04-2019,/y6oPRplYgKqukGoBQbzCmMzYSqu.jpg
592675,Vellai Pookal,19-04-2019,/luD1w7nim7jejDlOBYkX7ARBLhB.jpg
498580,Kanchana 3,19-04-2019,/r01e7wDHHFl2WaXBBzMhGoZg50t.jpg
599943,Catamaran,23-04-2019,/vHlhOManoEOFVxWLUPMnrKBI3O8.jpg
644034,Seemathurai,01-05-2019,/p20792qrSRJ9sjb7auxl46aVvjS.jpg
599418,Devarattam,01-05-2019,/8ZMuLTZ6kxRJPUf8Zh2REzx8AxO.jpg
599653,K-13,03-05-2019,/o4RQopmnovt3oBDs25FK3XqO29o.jpg
597797,Thanimai,03-05-2019,/uk3E0hsN9c3qU9MliiT5PswzTn0.jpg
688368,Sethum Aayiram Pon,08-05-2019,/p7YlKNQfkySBu9H7gmAv1iIlco7.jpg
602143,Unmaiyen Velicham,10-05-2019,/wxmHW58toWr0rF5GxhPfg8KsfgX.jpg
602142,Kaadhal Munnetra Kazhagam,10-05-2019,/82oSvciRYt2v3nH7znowCskmTHy.jpg
534963,100,10-05-2019,/pcoFv7JbnaGZehKT0qMLQQFU8Le.jpg
412177,Kee,10-05-2019,/enMQ5OwSio2uaZBLIWde1B7SlSp.jpg
581104,Ayogya,11-05-2019,/gXBPfX7or3KCapbyuYemjTR7ZPS.jpg
582759,Mr. Local,17-05-2019,/vbqcjryEgTNZFys3taYQJJkMIfl.jpg
562696,Monster,17-05-2019,/rimsU3RY7PpiDC7uG0iUUI3M6tv.jpg
507390,Natpuna Ennanu Theriyuma,17-05-2019,/9KmzIv9gZnbirWSiVfaNbPbRdeB.jpg
605241,Perazhagi ISO,24-05-2019,/n84ffnyw1eCvahWmYLBgdOgc8es.jpg
579388,Lisaa,24-05-2019,/34aNwKuQSjL3vLPIjB8Yz2GZmhL.jpg
533674,Neeya 2,24-05-2019,/dOxVrLdlo7FQaqyAAJIXh5lTEOk.jpg
608518,Thiruttukkalyanam,31-05-2019,/aOsvbrLnzzuO2I0HGeSuBNsdTFB.jpg
584795,Devi 2,31-05-2019,/wLlXtwfrydDRFibqsa5zKRLiiOu.jpg
532869,NGK,31-05-2019,/1gp5SMTcs8KSF2fnv0RBZBRcydL.jpg
586893,Kolaigaran,05-06-2019,/pUiufr7oTVWsrXzBAUg5ChPyIGN.jpg
608576,Nenjamundu Nermaiyundu Odu Raja,14-06-2019,/zrPqRukYAcKbOcMHz0U3saqNYq7.jpg
553456,Game Over,14-06-2019,/cuC482gXCEGY9iDkAWp8OZmEU5L.jpg
508376,Suttu Pidikka Utharavu,14-06-2019,/mIjglzVOeQRvI85eox9GqZdCDFx.jpg
610263,Mosadi,21-06-2019,/kAWhz88u3lSzGshZAR8GYPxjkvI.jpg
589120,Thumbaa,21-06-2019,/aSyduFhvAjQMMJYJjWwRPBR3IHn.jpg
611377,Azhaggiye Thee,27-06-2019,/yVsa6Ltc5MZKBGh8CuyBRJ54Lui.jpg
576988,Sindhubaadh,27-06-2019,/efTeAJefK3cdBrstAGfbKG4h8k5.jpg
536613,House Owner,27-06-2019,/bP4mfEAO5XTwxhtBVr4ZhMHXDzw.jpg
610301,Dharma Prabhu,28-06-2019,/i7fI7KhsBOZRMAKPHbssXGfBz9I.jpg
610296,Jiivi,28-06-2019,/4zrEE81GHnehhLOKUfc9oCDdOAK.jpg
606559,Kalavani 2,05-07-2019,/2md6sk92ztaKK3n6hwE2mJ6vcth.jpg
606157,Raatchasi,05-07-2019,/uwGChfkDcxljj4pgb53A7JonOqU.jpg
613512,Bodhai Yeri Budhi Maari,12-07-2019,/k2swYeSXGzwUw9M0cghXWTlTthC.jpg
612593,Thozhar Venkatesan,12-07-2019,/ohO5KyOKWsuOsqb2tBzikjv75Lg.jpg
598017,Gurkha,12-07-2019,/v8q8vjZUHEcMA2d5Cl0nHXgdRek.jpg
511161,Vennila Kabaddi Kuzhu 2,12-07-2019,/m3KwlHlh24fssAh11EqkCwlTJiX.jpg
505677,Gorilla,12-07-2019,/5IdVjGmsvufD5AqYPkG56WWtzA5.jpg
1373673,TIGER,14-07-2019,/ng1oxwqtTitiJynL4wYUhDTCtid.jpg
616367,Igloo,17-07-2019,/jJizli6DkzmerHWHBd4xc1L9gU4.jpg
616164,Kali Muni Tharisanam,18-07-2019,/dpTsruBtPM1MKl6gHYlxqiInOxN.jpg
615856,Unarvu,19-07-2019,/gr0QGSIKkqFdeKmBpSQQWN9NTi2.jpg
561295,Kadaram Kondan,19-07-2019,/5iQxWYv6PE1KibL4rBFnAphhh6.jpg
553869,Aadai,19-07-2019,/1GROIc6QPe8rZdzEPglzQZxhHZs.jpg
1132466,The Flowers and the Gemstones,26-07-2019,/1j3f1eT4S2fl4aSRA2K02hel3ql.jpg
618880,Chennai Palani Mars,26-07-2019,/1zl4n4BLcpplr6INnROk0lEkLHt.jpg
617953,Nungambakkam,26-07-2019,/5dhUUJBBos6TCtaNBcMjpqUVur1.jpg
587233,A1,26-07-2019,/5XmeqodVpiQFP4ayq1oVqtvNVy9.jpg
414698,Kolanji,26-07-2019,/pePpbbplPqRWHz4F7zPJJA8igkn.jpg
618205,Thorati,01-08-2019,/aLeM0OKei2s7gN5JAKh4fQwTOh2.jpg
536617,Kazhugu 2,01-08-2019,/rtwlCj0rGbGtdoPFyibI4af8by.jpg
619829,I-R 8,02-08-2019,/6EUdLmahIsLROSpO4JJpw4g4b4m.jpg
602276,Jackpot,02-08-2019,/w4mMRIbFDaXnZbeu7EH05XZAbcL.jpg
586291,Nerkonda Paarvai,08-08-2019,/8Ttg8jI3rOG6RSAj195MwdXlnc1.jpg
496029,Kolaiyuthir Kaalam,08-08-2019,/1TShKeGprzxHnBMtCpEKvq2z9KS.jpg
591102,Comali,14-08-2019,/a6ruupinOM7HwjcR3Uafx9YfwM8.jpg
626145,Alexander Babu: Alex in Wonderland,23-08-2019,/2J5xWR727bJyPGNDeU7naVi4Zmc.jpg
615639,Kennedy Club,23-08-2019,/dhChgtAxB3HgxpvXgjEbzBTsBww.jpg
597485,Mei,23-08-2019,/cWYq0Ft9huEl5dfP3YV4dcLdkOq.jpg
545238,Bakrid,23-08-2019,/avJUiAcp7XvFr7IL27iVVqhJmXi.jpg
646008,Kaanal Neer,30-08-2019,/svQffaeTYvwSoy3Aok1bGSAUrsh.jpg
622739,Sixer,30-08-2019,/Cw4fcELKfH62GwHHTNLylpSuv8.jpg
619811,Mayuran,30-08-2019,/5gGg4sS5J4xuhI6cJl5SSmrjoxI.jpg
656081,Stories at 8,31-08-2019,/mVeJqNG7TJQQwqx3fOHRZHjBG5F.jpg
606563,Zombie,06-09-2019,/7EH6X1muH9YD1smwljFNcGxQG0C.jpg
603110,Magamuni,06-09-2019,/iU8ulKl4M9jdoHx6E0td08VMqXR.jpg
596652,Sivappu Manjal Pachai,06-09-2019,/iiipCUNieXTIhzRF4fDH4S8rb8J.jpg
634040,Ungala Podanum Sir,13-09-2019,/f0085aeB1aXPZNqBV8RDevp9QEG.jpg
633479,Venpa,19-09-2019,/bbhjQOcJQEwmmuTW5rT7Nn2leEK.jpg
533885,Kaappaan,19-09-2019,/vfw7EO15wqhzf9pWrVhjqn53YKg.jpg
636621,Super Duper,20-09-2019,/tNoFgWIEvLnKvU5c09bOaieVnHi.jpg
598254,Oththa Seruppu Size 7,20-09-2019,/9DHX4Ip2Kp7jkL7EHYWCw5H9HZ5.jpg
412076,Thittam Pottu Thirudura Koottam,27-09-2019,/s8riytIQ74UtGFsrE7csEdYWtQm.jpg
310421,Namma Veettu Pillai,27-09-2019,/4v4lArw7kpFBmipcJYghFpP1WHx.jpg
641413,Hope,28-09-2019,/aARJ1kaFmnEmowogNfO3GAWZR7H.jpg
576928,Asuran,02-10-2019,/Elnp3XrAlMM30dil8rbL7D9XeP.jpg
480852,100% Kaadhal,04-10-2019,/5f8ywBhL3MGuGuLeb3Niui0Et9l.jpg
635106,Maadathy,06-10-2019,/sNLBDbvyWRvpbiOMvdeMvh5Xywy.jpg
607693,Aruvam,10-10-2019,/i6wx0LlqYbFO8qb2CuZcfj7dfW9.jpg
616896,Petromax,11-10-2019,/m8LQrSxh3I8FDZ2erJsqK4cGnyI.jpg
591114,Puppy,11-10-2019,/3beXGxV9X3j16SqiH2CUes3orOy.jpg
563309,Bigil,17-10-2019,/bk6x3PHpTC3zpVHedGFfygHxbll.jpg
639749,Bow Bow,18-10-2019,/fMRDXikZ0bpImMlEcDiFDbx25oL.jpg
484582,Kaaviyyan,18-10-2019,/1Rky9LgnbFuFA77gZuxw55yMSKl.jpg
587030,Kaithi,24-10-2019,/hOF9CgPsy9aLr5GJEBESC8MEXFy.jpg
684130,Thavam,08-11-2019,/xWFHuTOarZU3NCmVSCRNxGl2tzJ.jpg
646341,Butler Balu,08-11-2019,/kqMO8qn2lk4ndcNDRLykRQnOSgv.jpg
533901,Miga Miga Avasaram,08-11-2019,/wkWgzJY8lQBcdbI1GtkuCEc4ahp.jpg
647650,Pulanaivu,14-11-2019,/im4YsU8sX5KRqI2CiOTF5SXxeK.jpg
623364,Action,15-11-2019,/9PpaVbWWyVYJZSdof8P3lIDylbE.jpg
601249,Sangathamizhan,15-11-2019,/1kfP7KCrqcU2P3C1Z1h8rzGTeAa.jpg
585561,Adithya Varma,21-11-2019,/eIMrAFd7Ei0dzEnzGJZgiM4Depv.jpg
589964,K. D.,22-11-2019,/7xwBhwz89UtTgp8KiCbwz7QP2Xs.jpg
651790,Metro Maalai,28-11-2019,/t6MRL6Basxp0x8b6CsnkFsQnGHA.jpg
622775,Adutha Saattai,29-11-2019,/5MAlFS8vRARcYmwVhPetxhPfgHW.jpg
602287,Market Raja MBBS,29-11-2019,/3NblkZMUwCeVS4uoSo66LFI3O5f.jpg
428378,Enai Noki Paayum Thota,29-11-2019,/sFs2upNXyv3tbYyVpJX1AVUpMjJ.jpg
413135,Azhiyatha Kolangal 2,29-11-2019,/pRiSTZf3s01HQ2gc4gZpommW7yu.jpg
653852,Irandam Ulagaporin Kadaisi Gundu,05-12-2019,/63Z2ag053jXXtVIcNx495OtOmPH.jpg
653848,Dhanusu Raasi Neyargalae,05-12-2019,/5LvkAomjW8UcaZqJHpMkqJa6eGb.jpg
649077,Iruttu,06-12-2019,/nzLRg5s1kzvxWLQCBluCzLeRRZE.jpg
624124,Jada,06-12-2019,/a2nLPIJ8cDCAeFNOB3NeJ71LyMD.jpg
1372774,Back To School,08-12-2019,/tdb0VIgCouhIJpU0GC2lNjb37g7.jpg
1310987,Singapore Rajini,12-12-2019,/kSoxArLiIvEyEm52OqlSJsCsF5m.jpg
733732,Thirupathisamy Kudumbam,13-12-2019,/6KipaQPlqMhxEuiBl3yQdeSS8C9.jpg
682097,Marina Puratchi,13-12-2019,/7Arg3TlL6XUCv3ANxAtDYm9hdSj.jpg
676244,Karuthukalai Pathivu Sei,13-12-2019,/eyAPHCSZy57A65aohc9EwC58Lev.jpg
663005,Chennai 2 Bangkok,13-12-2019,/tbGiLRCtbIEaiE0xqO0c9HqbU1v.jpg
655905,Capmaari,13-12-2019,/aXaKwrBT1rlGI2zWD9m9XrFTouH.jpg
655815,Champion,13-12-2019,/aNREAumpEoT5HjdQwuWoW13X1Je.jpg
536013,Kaalidas,13-12-2019,/6AZDC6LU2R9YTFakav7AS08A28.jpg
530217,R. K. Nagar,17-12-2019,/tFZ4MgXyeEtyaxQmiB7E2DCT7pY.jpg
617385,Hero,18-12-2019,/5353SqWG4xlTVs1YLk1OzmGMdOg.jpg
648698,Thambi,19-12-2019,/fAEziBYH3XwLmFwjZC4fDk77wHp.jpg
703378,Khyla,20-12-2019,/AqUlhFMhQ0kPFXlwCqBZh9dPueo.jpg
659086,Sillu Karuppatti,26-12-2019,/zMrLXaRbbdSmRiQZo2byeVMmvzU.jpg
568829,Pancharaaksharam,27-12-2019,/lI8g6SZ2pXKSwOZwvIZPrKD4ZtZ.jpg
493102,50/50,27-12-2019,/anqjt3Djsx7EeLLARxPJQ3F8gP7.jpg
1169732,Thedu,03-01-2020,/geQZuV1yDgPLUMc868NbA6KnIxB.jpg
1169726,Pachai Vilakku,03-01-2020,/g0iw0p7rsP1sGfygYtIzwyDTi5l.jpg
750105,En Sangathu Aala Adichavan Evanda,03-01-2020,/gSNdN7RDYWb8OxmlZOw1hmqNuff.jpg
659687,Pizhai,03-01-2020,/Imxdjajvl858sP7tbp0fxIKIXO.jpg
1446075,Kadhal Ondru Kanden,05-01-2020,/iibVLHYYZ0CDjXR7mRu7XegbnKq.jpg
594139,Darbar,08-01-2020,/39kVh9CWrY8cE6rIzRqwo6Dn1cZ.jpg
619188,Pattas,14-01-2020,/A7sFExysd0q4QkiB6kglSJdDd6h.jpg
642889,Psycho,24-01-2020,/cTHrUUSqTNc1nyBzVGD4SbpqaIe.jpg
640485,Rajavukku Check,24-01-2020,/jHuiruivxMeElmivJQxlCLHodXA.jpg
618151,Taana,24-01-2020,/ftOJJlYLUP35sig0i1mU6hJNFAP.jpg
607138,Dagaalty,29-01-2020,/5FGBBT761M6bTu1rm5lb5ZmCybt.jpg
704277,Utraan,31-01-2020,/pZy0ftbBO4T7cHoHU3cnt13HnN1.jpg
669117,Maayanadhi,31-01-2020,/9Uulxvotydl2DOSLrMqZA6mFTPF.jpg
586040,Thatrom Thookrom,31-01-2020,/A8cUguHlZp84DZfm4QuAPX1wall.jpg
791820,Paramapatham,01-02-2020,/oHEplXGKGluxpQG27n2dy1YqT5d.jpg
504409,Naadodigal 2,01-02-2020,/p3iByvyUIy9OummBT3hxaOPRIou.jpg
674273,Unakkagathane,03-02-2020,/4WGTFhZ63Q0cmR64D1zd4uuJXhx.jpg
1169814,Pulikodi Devan,07-02-2020,/rmto8SbX3eJS9o92wbaETmfHHVQ.jpg
683753,Adavi,07-02-2020,/l5H9FXgy8UbztJvcyzM5AMklM5W.jpg
669930,Sandimuni,07-02-2020,/AsSCMVXXDsYQwA0OpvdkOYZy6Fl.jpg
668391,Seeru,07-02-2020,/4sK86QGqPib9rq3Ux8DcUVCkQRj.jpg
617251,Vaanam Kottatum,07-02-2020,/zpBxNtWod48IFIvwyD8M3hfVsNk.jpg
672041,Santhittha Naal Muthal,13-02-2020,/9kuwRsg8O83UUVeBwKrDUk6KwEW.jpg
631637,Oh My Kadavule,13-02-2020,/wuQwtFEm4DlzK3EnZ5VWefVXZvG.jpg
683232,Day Knight,14-02-2020,/vukFR4w7BBdVUnq3Z7Z5STkiP5l.jpg
668393,Naan Sirithal,14-02-2020,/zLV0a7Mod9kyzvRluRi5dWP2An5.jpg
1169820,Kutty Devathai,21-02-2020,/sUH1If6FlamfQhidMK5NfrRp4Tm.jpg
624628,Kanni Maadam,21-02-2020,/hltYb6rPM7DxcEjD5JcLTo29jus.jpg
612644,Mafia,21-02-2020,/ukaXSfyN1RoTKQ34YgjyBOd4ZhQ.jpg
587211,God Father,21-02-2020,/5jwlvdhANpxQtfyxAI5Yd40e7Q4.jpg
543530,Meendum Oru Mariyathai,21-02-2020,/y2YKXNJXl5INOk1w9uPwtsYCxnQ.jpg
679226,Galtha,28-02-2020,/9ZWiPLMaZCMzClBCJrypJK6CtOZ.jpg
679051,Irumbu Manithan,28-02-2020,/9pClViNtO4n7Nk0uOypb6VnU91Z.jpg
639743,Draupathi,28-02-2020,/55ySI8fh0J1KtcpEsj8iYhPiWIj.jpg
505951,Kannum Kannum Kollaiyadithaal,28-02-2020,/mwIdGye0iAmaHCBAqzfiHoRb0f2.jpg
680320,Paakaati Po,05-03-2020,/43vxeEVE6I6We7cNYt8CxLaw9kG.jpg
846330,Indha Nilai Maarum,06-03-2020,/bv77QXXrOdUUAT8jhIELXJdtOJA.jpg
681645,Ettu Thikkum Para,06-03-2020,/irQzJqgrcNpb161aZuQXlbccQYJ.jpg
680988,College Kumar,06-03-2020,/t97JGFIgjTaexOYBIJAyuMLAxdD.jpg
574830,Gypsy,06-03-2020,/vy1XhDlVoygKqELsZvrIlQrk6xH.jpg
541791,Velvet Nagaram,06-03-2020,/toAaGX4hPBX75PWb5nJw0gszO7J.jpg
682569,Athaiyum Thaandi,12-03-2020,/dkIR3hOcT4aN29jpAGxLv4N52ox.jpg
613022,Walter,12-03-2020,/9sbshZnFkQrJ9QfFZA1rjnPm2hE.jpg
1169834,Alti,13-03-2020,/7S5D7uxbZhlVyJ2HKMQUEA5IL7x.jpg
703375,Kayiru,13-03-2020,/iGGKKyV8aSjdD2cyU1iQ1ylPnsd.jpg
680943,Dharala Prabhu,13-03-2020,/57IxA1gh9ExAyiJghElLNOMeyjL.jpg
535223,Asuraguru,13-03-2020,/b4UnX4MjrtXcg9U338XEfIrWd9v.jpg
1647237,Vaathiyar,27-03-2020,/ymhnsNL5eu66r7U7DGPhwX0RTOF.jpg
1373962,AASPATHIRI,29-03-2020,/nfJsy35ntn1xC58C5yAGV1Y6hqN.jpg
1372725,ENPA,01-04-2020,/aKyjJ1HJHTyfI0PXOS98VIRucb2.jpg
1712444,Shanmugam Saloon,01-05-2020,/mgIVCtHDSDDAY5PLtXdYo5lSBdT.jpg
857294,Virus Mairus,08-05-2020,/wdRBk6Iu2RhsDC52I5NNZWZnhiX.jpg
1478789,Electric Towers That Swallow Stories,10-05-2020,/bczXlnPDqPMLHZyCnW0h17mo8z.jpg
855216,Footwear,15-05-2020,/whkGPEQ7gkUtyDUMi2yuob4ko9n.jpg
764750,The Nightmare,23-05-2020,/9aNobaPl1k2O3mnNrsP7L6IgA7a.jpg
1374673,Enthiran Spoof,27-05-2020,/gvisaJMJtRsbXrWY8tvOe3vxCBC.jpg
615911,Ponmagal Vandhal,29-05-2020,/61Tv9lyhcvgmOIJ1vD4PI1tabI3.jpg
710533,Mamakiki,30-05-2020,/lnAt1jdddBblkakn4bsJH6S6bEP.jpg
717217,Yaadhumagi Nindraai,19-06-2020,/eoalfRmG9ImQo0cNehUi6R81bp0.jpg
713496,Penguin,19-06-2020,/7ZreoBmdJKS3o9rBX08xRexq3yc.jpg
703490,Karthik Dial Seytha Yenn,19-06-2020,/rjOnKWTyMOzunmxczcxvf3AbULT.jpg
854384,Kaalam Maari Pochu,25-06-2020,/hAfisnWMN3lRzrKp2GSPwOp5fwb.jpg
723152,Cocktail,10-07-2020,/h3GyIt14dF7BczTNxJdEMggg37P.jpg
725500,Thadayam Mudhal Adhyayam,16-07-2020,/9j5mA97Lq8S1l6pMFJ32bNTuJSK.jpg
617053,Nasir,16-07-2020,/dOYKHBib556nHcrVpBPxd0YCUe3.jpg
733237,Coffee Cafe,22-07-2020,/gbYYupAVpM9dibeqYua3gxhMlv9.jpg
727688,Yours Truly,25-07-2020,/jRQyMgoUQKkuNPjuYDN9gdfK09e.jpg
729053,Karuppankaatu Valasu,30-07-2020,/2zAe9hS3AzhGYYCQr1XY8wrkqHZ.jpg
729057,Hawala,31-07-2020,/zYoWRO1TInexTNkswPYboHrbNBU.jpg
586885,Danny,01-08-2020,/m7LAOhmCWvFtxeM4eRjWmhw6Sm6.jpg
696113,A Reciprocated Lust,07-08-2020,/esXS9jdLhod7gZehUm1RRIaFVGL.jpg
864210,Onbathu Kuzhi Sampath,14-08-2020,/8r3qVvXHPc48L6aYGWcTIE4NQpx.jpg
762642,Insight,14-08-2020,/duEV0nKd3Q1W81QofhTLnpCsTQF.jpg
732927,Lockup,14-08-2020,/j8nDMmpHdZOFqHNEPw5fvVqsotp.jpg
752856,ஆடி / Mirror,19-08-2020,/yIKJUwYjbAfcPk5zAyK4CvwsDBU.jpg
1567019,Anagram,20-08-2020,/py1BscnW392kEhh5jpg4ckamOVC.jpg
742733,Why do flowers die,25-08-2020,/iK4AYJnSpLF2HaC28RGUHgF5jKe.jpg
862168,The Girl with the Red Ribbons,20-09-2020,/4FU2ZHsSlfrTAm5dufk6xsT3RIE.jpg
885969,Dopamine : A reason For Addiction,25-09-2020,/3tW3YP6s2w5SVI2WvhvUKKYDRXh.jpg
740020,Grace,27-09-2020,/zOwXkxWvzGmsLfwn5QssUbtC6oc.jpg
745275,Ka/Pae. Ranasingam,02-10-2020,/gvNft4f5eXidHf7kTlJv8aP1cHI.jpg
523030,Varmaa,06-10-2020,/t1hyYFI0W2L5l0rjDwmIkTkOMsC.jpg
736827,The Tremor,07-10-2020,/eW0YOauqA43ZtkdcJ7f8wroRXNQ.jpg
754977,Tamani,16-10-2020,/9cuifFxjxRUTxiucFV9UtSyBPBO.jpg
749032,Putham Pudhu Kaalai,16-10-2020,/xNKFqFMos6VDvsJCzURAyalnmvD.jpg
837676,B.Selvi & Daughters,23-10-2020,/hYfzVp5yso7AFOhZid2PqeqTFxg.jpg
757776,Patra Vaitha Nerupondru,27-10-2020,/i2XTxysPX06dizdlBZ9yzN94t5J.jpg
746418,Kanya,29-10-2020,/ivP7lgpd6BgW7zK7JpbM6qYuiKw.jpg
1143649,ini,06-11-2020,/pU0z7l4hOPMPIztp7zYDbJLr83G.jpg
1115656,Password,10-11-2020,/dXLPJfJvi1e2VULJ7D6SI785cxZ.jpg
764470,Athigaari,11-11-2020,/9cYClsGgEtf2RtV1NSay5ztkyNi.jpg
595228,Soorarai Pottru,12-11-2020,/5uimlxPCgAei8JfQUDFEUQLoyyh.jpg
998120,Marijuana,14-11-2020,/qAeiaZjngPOqFCkggN9oNdqqPSh.jpg
764245,Naanga Romba Busy,14-11-2020,/8ScJ1TJPNCZ9djkerVg6ksyx2gQ.jpg
764215,Irandam Kuththu,14-11-2020,/394bvwBhHgZDWANG06VLocNXl81.jpg
764135,Biskoth,14-11-2020,/8QZ8G9kcc0Vrdi0tee59FZrdIyB.jpg
757545,Mookuthi Amman,14-11-2020,/4Dra3OG3hmezurQoX5UOI8Mholv.jpg
843153,Battle of the Hearts,15-11-2020,/6G1ggYfYjRMD4gtdNYT6Rgl8sT4.jpg
805342,Routtu,20-11-2020,/sqL7A88Uw0L3n8ounl7ctwIqYpM.jpg
766918,Quota,20-11-2020,/cZW0l1RPDGnGAwT7YNlckZ7cjBH.jpg
759216,Andhaghaaram,24-11-2020,/8sBXVEROEXoRaNEU8TYx26JZyeG.jpg
768529,Theeviram,26-11-2020,/fEnKFXzXeu1FQgbF5YFIgViVrgV.jpg
770996,Dhowlath,27-11-2020,/oeDfsL5d4qg0wviZhxsw2tQEkP6.jpg
770995,Yen Peyar Anandhan,27-11-2020,/pba1c9TkQcCJmCiFPnwnO6eyCdu.jpg
769118,Kavalthurai Ungal Nanban,27-11-2020,/zfjMR8FxMJE3MbJ7W6FBsizOFFC.jpg
505924,Kanni Raasi,04-12-2020,/nPV33K7FzMDurhNXCdHRUSIjcHP.jpg
864235,Kombu,11-12-2020,/gQk7oJVLfHZGOEEyDspqABCJbej.jpg
848549,The Mirage of Dragonfly,11-12-2020,/oEFzOKxp8NY9Vr2mqDucT81HRbP.jpg
810233,Biya,11-12-2020,/4IS2gdRLlaWBrFuyly4TXgGNTHV.jpg
1083651,Thunivu,13-12-2020,/bykENQCCDOXVwyRBbNBV7325HvL.jpg
1217280,Time Up,25-12-2020,/61acCz1tdoSJDSnVkbwx9xNlfIP.jpg
597501,Chiyaangal,25-12-2020,/fhCanOqhTFrWJaSQmOD5piVSBqd.jpg
463462,Oru Pakka Kathai,25-12-2020,/igTnqJR5i8A4dvC5tU3Je40ovas.jpg
614617,Miya,26-12-2020,/5tkAXPQEQcEDG1QezaTNg0FyMR.jpg
532584,Andava Kaanom,31-12-2020,/vFKk6dlV3a2GwIPLKMhHxankhj7.jpg
804614,Pei Irukka Bayamen,01-01-2021,/7SWGHnngsNV14FMhI0skdpKCrvN.jpg
751858,Maara,08-01-2021,/iRseVdrHk4dhmwrYwbtDtxJYwA8.jpg
626392,Master,13-01-2021,/wjbOlovDadOdPKkSAMohLCjbIsc.jpg
790602,Amanuda Bhayam,14-01-2021,/mRyG8p2pYtubpIuwTju3irAUfld.jpg
644468,Bhoomi,14-01-2021,/7nyzGexU2ftCySiwRKqNIJ3CdIJ.jpg
786538,Pulikkuthi Pandi,15-01-2021,/zLV3g0jdEMF427tFEk9pKfzr5Mf.jpg
764179,Eeswaran,15-01-2021,/8JPPP8SPYihm8nsvI7RVlngm6ZK.jpg
789075,E.P. KO 306,20-01-2021,/6pgxN3EjXEy9BiQShbiyC3DNzdL.jpg
791338,Sinam,22-01-2021,/pkDkm8qcgwS7kE6XhaHDiBDnHt6.jpg
791272,Kabadadaari,28-01-2021,/h4wi9r3nH55TOUuwq2uDGDLzbMl.jpg
778660,Pebbles,04-02-2021,/8BkWrWP1L9xbIJMwqwuLb17gYOZ.jpg
832623,Thuyil Tholaithen,05-02-2021,/7OEy0u9mAdussQFDuoXxPLMlGDq.jpg
804580,Chithambaram Railwaygate,05-02-2021,/8Srb3hzJ7lIVmELn78oMq7wdfxM.jpg
794353,Aatkal Thevai,05-02-2021,/ystHRaud7LWFrvxmXJbfwZ3XyVY.jpg
793711,Trip,05-02-2021,/41K5LsBvp5vtpQKx2hqIE8iLDtZ.jpg
621004,Kalathil Santhippom,05-02-2021,/qmuA7oLjLsS5aVRO9fmEw2OUG5S.jpg
1552822,Chentha,11-02-2021,/8On5txGVvkAnwQDj4JCvMNczWWd.jpg
796104,Care Of Kaadhal,12-02-2021,/cc6Lk8nuAxyoJhE1hvhzTdbKs2r.jpg
795158,Parris Jayaraj,12-02-2021,/z2QSEc81u2FRXOxvlgKssNfxGMC.jpg
794113,Naanum Single Thaan,12-02-2021,/xoHs0GIYRBNQT0Qwu7EnphXWol3.jpg
786341,Kutty Story,12-02-2021,/njTuYlB9dXu80ONMEHwTWzIPTsY.jpg
830042,Avanum Nanum,17-02-2021,/xi4RIojutc8KhZFXdYbyCeEDMSI.jpg
1433240,Pazhagiya Naatkal,19-02-2021,/ft10BFirtmeDbQWxinvGo2Wu9hW.jpg
773288,Kamali from Nadukkaveri,19-02-2021,/3j3Lu8CIv4368Lwz2AcQ3t3goYV.jpg
718814,Chakra,19-02-2021,/AanZDH9RHwtfUjoVmht30H0ztkH.jpg
766425,Endravathu Oru Naal,21-02-2021,/yvYvWHhCb6LBhSIpplb4lyh7DX7.jpg
1495069,A Feller and the Tree,26-02-2021,/bnF1K1ggv4v5whMMrZrczp0iY5q.jpg
800770,Calls,26-02-2021,/wY7VdBURwxx2QLa4RsrUZqUsC9T.jpg
800613,Sangathalaivan,26-02-2021,/6i44RWeqcI0LJcJ1spV2hLpdRdc.jpg
458383,Vettai Naai,26-02-2021,/4J4RY201RQPgKxIPvhpi5xq4KMe.jpg
608539,Aelay,28-02-2021,/n3cFWZtVQL4PuIvsqUGoXDlFqJl.jpg
896839,Hiding,01-03-2021,/zFn0eQuvOT32frcxkafYWBWtceH.jpg
829620,Dola,05-03-2021,/17LBMMXVuH0ucZEigTT8AX1X8n7.jpg
801218,Anbirkiniyal,05-03-2021,/hsNWnjQfa8vdVEr76PQvLlbFo0v.jpg
601256,Mirugaa,05-03-2021,/wQv2UNbW6uB5hpRc6yYybGVEt40.jpg
412102,Nenjam Marappathillai,05-03-2021,/bPXGDymWKvqXe8DbfqHM5OCubcp.jpg
1446442,Blue Night,11-03-2021,/i3zlbbCC6rZJc0uXjFuJye5KQCx.jpg
870010,Ganesapuram,12-03-2021,/ibOeL6xKuN3u0whKvaadrlYkBNk.jpg
587186,Teddy,12-03-2021,/cy9UzsNLgCFcmNdrooO5c4D2eF1.jpg
536425,Theedhum Nandrum,12-03-2021,/trqUMuk29dYxhEeujBe58rNOOkN.jpg
847513,Kadampari,19-03-2021,/gZmQ0nA49gGPm0mRWr562yRQ7oc.jpg
808868,Namma Oorukku Ennathan Achu,19-03-2021,/voYIRp4qTzfRhQKyLw5qNd5im8Q.jpg
777614,Thaen,19-03-2021,/8S6uTbnrUN41fMYKCxgr8oc8uXi.jpg
824446,Just Fucked,25-03-2021,/lNYBWii6LGIG0D0wHN8wEYbPl1J.jpg
833388,Engada Irunthinga Ivvalavu Naala,26-03-2021,/8FCHLmKtJGSnXa5DMcpMykF5eEL.jpg
672940,Kaadan,26-03-2021,/cCB6aawJbCIN6AIdGeIEgJI7TUB.jpg
914890,Writer's block,27-03-2021,/fAHzxoKYfSkRPl7mQ2xibyw27B7.jpg
821839,Manja Satta Pachcha Satta,02-04-2021,/6ptDjRJ2iYbZfN6QolbrmXJJgpi.jpg
792334,Sulthan,02-04-2021,/z9TqB7GcyM0tMOFlI5mZuqNq351.jpg
806067,Mandela,05-04-2021,/t9A7nv8ac8VrXDt6tgu4UXi2zAq.jpg
680652,Karnan,09-04-2021,/z5SxDcVWa9nokynVqBHb2IKk78J.jpg
609758,Sarbath,11-04-2021,/1nGq6mLy2fNz7vSODdAtJ2xdLjV.jpg
1133140,Sara,14-04-2021,/n2ZKhESz0FRjwJr1ow3pZgg6K2.jpg
921177,Sithai,14-04-2021,/trov6lNiIEWMe7kSF7Mzdv5N5uN.jpg
818109,Mathil,14-04-2021,/rbUOETYLWY6ht6GNF5j0OxId4GL.jpg
667957,Paramapadham Vilayattu,14-04-2021,/xVkPxeYFszSNE26tGey01EKALEx.jpg
818491,Vanakkamda Mappilei,16-04-2021,/xjY6dyC3u8mEadMJMdL9TwT1XnB.jpg
658032,Chasing,16-04-2021,/7lVh2KVKkPtjJC2NoNOvgLT7SQK.jpg
822821,Naaye Paeye,23-04-2021,/t4dRdRIOv5LKwJpyZZK7rNaUrvZ.jpg
740805,On Floating Bodies,01-05-2021,/18WpNbzAxZGH26Q4qoecq7lAcPd.jpg
831319,Bloom,19-05-2021,/7k5FNXun2nkOaOLndxkTqbW1D2E.jpg
833401,Malaysia to Amnesia,28-05-2021,/2qYIRVDJxTnA9e1SSZ5gK6YKm9z.jpg
842049,Appa's Seasons,04-06-2021,/xaaHu9GWOu9Hv7EwmIpaLjL9Kcv.jpg
841829,First Nights,04-06-2021,/hJnQiNdfwwJoMBrrmLeRsQiM2Hv.jpg
656113,Jagame Thandhiram,18-06-2021,/goLoLNagbnWpPQh4YQE9R2hSLqj.jpg
1010608,Thai Nilam,21-06-2021,/gAEtUjdFleJGelsOG2OE3XKoiyF.jpg
617364,Vellai Yaanai,11-07-2021,/k9LFoicyEPJLQN3e8KbTTDp7d9w.jpg
616448,Vaazhl,16-07-2021,/8vlqoi3stTEsYg4pjXlO3eeufwM.jpg
796011,Sarpatta Parambarai,22-07-2021,/3f2KrEoOTmQxfDWgeqqLQ1rCYWP.jpg
777657,The Nudity,24-07-2021,/7itfEmKRX9EOLkgjdjTzTC2gyA9.jpg
891164,The Dogfather,25-07-2021,/x8XDI4QXyR2mT8x8wPstXEZiViC.jpg
855566,Thittam Irandu,30-07-2021,/akakaWnJMKrhAeNEswjggDWjpr.jpg
875540,Sennai,11-08-2021,/kFBNmKbo8kiq5tY3TM3EN5NqF8n.jpg
844787,Methagu,13-08-2021,/jux7D0r5CA40qcLidxiFZ48xn5u.jpg
791315,Netrikann,13-08-2021,/ptBc2wSha97kvWIDxi0zZX91Zir.jpg
1010920,Uravugal Thodarkathai,20-08-2021,/o8OttM4hQsYkXBIe8Sb5uIrDf3p.jpg
861818,Boomika,20-08-2021,/7zEPGa7pgnD1AQBH4yw50v2Mtzu.jpg
847346,Shivanum-Mohiniyum,21-08-2021,/cGh8UiCUr5bKUmHIxAuFvZoTp0s.jpg
866338,Call Taxi,27-08-2021,/iQejSWIg1VPZJM3oswhah3snBUK.jpg
606517,Kasada Thapara,27-08-2021,/taHSWPck0emMUWQmPIFiPd8HAn0.jpg
869283,Kumar's Cafe,28-08-2021,/zLja4IsBvLidi6vgk2Ncezc06r.jpg
869453,Ashvamithra,31-08-2021,/a5NsYxJgj5czuXqSidXqoK3weTD.jpg
881193,Roommate,01-09-2021,/zeDqBJSrKLKBxJoULpBLLs1qrWm.jpg
881071,Devadas Brothers,03-09-2021,/6SBxiVNXA3i1oxGNUo0lc5F2uDf.jpg
869973,Alpha Adimai,03-09-2021,/1yseoUOHt393CDQUAUMty4nhibK.jpg
613713,Laabam,09-09-2021,/Aqad5Xi7ByTgPPS1Qz60p89p5YS.jpg
865539,Dikkiloona,10-09-2021,/25oAuifiIWv9oQVoY0qdiTtxBsc.jpg
620637,Tughlaq Durbar,10-09-2021,/Ajxa9eE4vojurvYqSmRQVLSh6bt.jpg
590399,Thalaivii,10-09-2021,/uukJCbDHjF6vGRiQfB5Ohmo0KkG.jpg
945552,Valiyor Silar,17-09-2021,/iBvPJiRmBMYoV5nd27RUbDKgygx.jpg
874625,Friendship,17-09-2021,/d5YnDA1Ijvi0ELIIWqPvywacHJE.jpg
873696,Kodiyil Oruvan,17-09-2021,/4ref2SvT2e9PeJ6Jqfd3MovE3JT.jpg
864403,Annabelle Sethupathi,17-09-2021,/1A33SYANAsoRR6wNalk1SviNI7F.jpg
875284,That Thing Out There,19-09-2021,/iVh3Ujhd0R66ocxjhO6INV9Zsks.jpg
1027884,Veerapuram 220,24-09-2021,/j73iRD2T2TupCRrM8k1NRTWuR1V.jpg
877879,Choo Mandhirakaali,24-09-2021,/amXoyxecFhRfPGa65FTdpDCVczs.jpg
877857,Chinnanjiru Kiliye,24-09-2021,/el2JRsc7cCLzH6mjNETkslRAqVa.jpg
877832,Pei Mama,24-09-2021,/eKNMCvfctokzqYhjIS9TBVJi3dp.jpg
877600,Cinderella,24-09-2021,/x3MyvE3aU1sRe5x1bXaXbsRpEr7.jpg
858344,Raame Aandalum Raavane Aandalum,24-09-2021,/hVicsIHfQosu8ST5oAN7R6rygQm.jpg
582465,Naduvan,24-09-2021,/ymorFfQOW6w8KUd4WFFtBSl9LMA.jpg
868535,Sivakumarin Sabadham,30-09-2021,/e9Kqo1eZnkdW3LQHVDJhTDRYdF.jpg
879803,Lift,01-10-2021,/2OLXrzIw6s8F3UgpapxspLcK9mb.jpg
875524,Rudra Thandavam,01-10-2021,/laGleOgbZxESGGzbWD70xnDgRul.jpg
980126,Appavin Parisu,02-10-2021,/sm7JYYSmLYC7amJxFzrYT7N01VT.jpg
870407,The Road to Kuthriyar,08-10-2021,/4GIWWz1SkuIAkhi1rgyOeib8gwi.jpg
785988,Mughizh,08-10-2021,/l0nmCHeiEcRDCGHx8awnTc8JEOM.jpg
616123,Appathaava Aataiya Pottutaanga,08-10-2021,/1100Zpx5xKqyznVeX05JJ6oXl6k.jpg
673692,Doctor,09-10-2021,/ySPT0USsuDFG9pqHjI50GYOeQmj.jpg
881645,Vinodhaya Sitham,13-10-2021,/hAXVMUfrTM9nk8aoEGFq3CDOr7q.jpg
858333,Udanpirappe,13-10-2021,/zVXOgwYa2aqNmezsQLyVnRGtA9E.jpg
858073,Aranmanai 3,14-10-2021,/gyUBWXxRgF2dnnu9bzmLp1Ea5Io.jpg
886020,EVANESCENCE,15-10-2021,/un1bWICiDzcH6gcSFDbSfunk0Q4.jpg
888425,The Way To Be,22-10-2021,/b078zu56UC7KUBoxu5Ecxabe1Fn.jpg
884000,Oh Manapenne!,22-10-2021,/ktnozJlcNH9ffkvuKvn0gvnLxsn.jpg
587204,IPC 376,28-10-2021,/kI5KaUMpJAP05lwQBg4qHvqcFE2.jpg
912471,Maaligai,29-10-2021,/31VmgGeohysj1LjGtoAqVczb4vQ.jpg
892207,4 Sorry,29-10-2021,/aaHO0uhE6Xmt0LmG7SiKUeeIz3Y.jpg
891268,Yennanga Sir Unga Sattam,29-10-2021,/vaICzM7ORxCE38lfQIuJR6ovKhW.jpg
883735,Filter Gold,29-10-2021,/kKEHrufYpiMazgY9fAhuXdft5fv.jpg
855400,Jai Bhim,02-11-2021,/ehybiOtBUtrMkmtB39zQEtq1Jie.jpg
798803,Enemy,04-11-2021,/38CrzUHlPk7QHsBcZigi5MiQLoD.jpg
786572,MGR Magan,04-11-2021,/sBOKr0pS6by4CNLh4eNkg03z7cM.jpg
752961,Annaatthe,04-11-2021,/1T5BAF0RsrQfQik5WtXA30gJlk7.jpg
1144625,Pallavi Bakery,05-11-2021,/McrvWT5aN34RkcohjmrHpaonUG.jpg
959976,TORROT,05-11-2021,/gHXBImxHw4vB4rZLPD8C4Q8UbXZ.jpg
899187,Border,12-11-2021,/nsShyU41418fCMiUnuLN7tprh7k.jpg
900042,Singa Paarvai,19-11-2021,/6sEVxVDxb485ghSR33DeLYSvn80.jpg
895077,Sabhaapathy,19-11-2021,/hGimsV6wpwBygmmP1mN23gqfoiV.jpg
877587,Kadaseela Biriyani,19-11-2021,/q2PRmI0OikPyWT75rDBmXk1Sj3Y.jpg
866370,Jango,19-11-2021,/dEsyVsBnJBEiBi7yBY3BAVZOw2U.jpg
536591,Pon Manickavel,19-11-2021,/qUjulMNcsVSg6QmDzXbxlSyRPqz.jpg
1063476,Pulvaaliraghu,21-11-2021,/3PqcMzliL9951KphjDmnDvtgp8H.jpg
535156,Maanaadu,24-11-2021,/zO4mfRXYwuOYSy4YoXGVxh3oz1p.jpg
921130,Ainthu Unarvugal,26-11-2021,/c2ljyYsIWUckDvenZyxRDGTrLxB.jpg
893955,Vanam,26-11-2021,/3Ez3alwvA3iEvIAMC9yr47jJaTc.jpg
620769,Rajavamsam,26-11-2021,/uh9elPdow0fmDIzhiXHleXIlI20.jpg
412572,Sivaranjiniyum Innum Sila Pengalum,26-11-2021,/tcywbi4nJR6snUSYAKOKlO9CkyR.jpg
919316,Manamagizhselvan,01-12-2021,/mpUP7wimibdnSd9XdfzJtb7WWI3.jpg
921115,Kattil,03-12-2021,/iq60gQ5os5BY6BVU8OsLCbOmPTc.jpg
911560,Parallel Lines,03-12-2021,/gU19rldavrljHsHUY3HVxEXmjrU.jpg
901254,Chithirai Sevvaanam,03-12-2021,/iNHZmpAoyMgxMYHfT6Uq8ZLtwSo.jpg
631632,Bachelor,03-12-2021,/569NxKoT8wFcDOiRokFsbpqfiPR.jpg
912373,Jinx,05-12-2021,/l74rhUHbcahS0QtGZgAi9pemL10.jpg
614621,Jail,09-12-2021,/5JNgNtC5uEvaDewx6Lu2VZNQT5Y.jpg
914032,Oomai Sennai,10-12-2021,/eeuCZ1HOwdDMtTymx6soxFwese5.jpg
913932,Ikk,10-12-2021,/lbR5bcEVxdGBFYFi9wOc7QKkVB1.jpg
898558,Murungakkai Chips,10-12-2021,/77tQNmEjjILjjDanYxe9Z26kCkK.jpg
892121,03:33,10-12-2021,/22S7OBQlcTNa3PdxKrjcVcH1WWG.jpg
829493,Anti Indian,10-12-2021,/uC0uvvPap0iafotOJO56gxM38KI.jpg
1005185,R23 Criminal's Diary,17-12-2021,/5chPAxTx2FRIZHbLj1xrhFH1oQN.jpg
916972,Irudhi Pakkam,17-12-2021,/yR3IwqELSCubAwbpavutJA1jTrq.jpg
636901,Rocky,23-12-2021,/40RJvWXMjXj7csOdZ9FP5Za0Ytm.jpg
914605,Blood Money,24-12-2021,/rnmFxAvXABqXduIqlKdoeXzMOD3.jpg
891398,Anandham Vilayadum Veedu,24-12-2021,/5m8aceyEGpawiJzOChYBLJUhCUr.jpg
874207,Writer,24-12-2021,/oVqgR4mSnKmRKxvLWEGFo8P1Zeo.jpg
624565,Thalli Pogathey,24-12-2021,/dDwmSJmzDrDj3QW84f4GPmlfxi2.jpg
878182,Plan Panni Pannanum,30-12-2021,/6px6e755grnWsZI4dSGzlGrlHZn.jpg
996270,Madurai Manikkuravar,31-12-2021,/2pEvOuPNQdoKIamrNo2pYWcWrTM.jpg
921711,Tamil Rockers,31-12-2021,/hOoMQIANxXhRUPkrtSYHYuZaFSm.jpg
921682,Velan,31-12-2021,/qXLvTpg1kdTEHd1ylAin1LG1gzk.jpg
919229,Theerpugal Virkkapadum,31-12-2021,/pC0xAWvXKOoD4Ja7fvrJIlHz6E5.jpg
915932,Meendum,31-12-2021,/mNZ06fKlUHwMpaUSSgGSn7Nv8Qa.jpg
610265,E.P.Co 302,31-12-2021,/iC3eToHKsZfrs1gCD8L1fyte8ks.jpg
924506,Pen Vilai Verum 999 Rubai Matume,07-01-2022,/2Ro8Jr7QImO9JnxPM3b491ZdAYB.jpg
923767,Anbarivu,07-01-2022,/orTjlOhD7OKVxfdYI0VaxptAbFR.jpg
414177,1945,07-01-2022,/8d3H8zl3ZhXVe3LbM7nNfkm74eu.jpg
1189521,White Haired Princess,13-01-2022,/evMi61GPxII7F6gS5EVKtjyCvo5.jpg
925876,Carbon,13-01-2022,/3IbYPctKq2aftC2yXmM9aC6Z42V.jpg
925818,Naai Sekar,13-01-2022,/814MZgMQb43C9vhjtq5ChZYf74q.jpg
920758,Enna Solla Pogirai,13-01-2022,/UvLa8bM7E9AFnXBWGUc01Tzkp5.jpg
592761,Kombu Vatcha Singamda,13-01-2022,/oierZwShS1L7HWuGTFNK5atWIKB.jpg
591108,Theal,14-01-2022,/qFl6aoRnpgfxWMMooYoznjG6Dtj.jpg
980117,Puthiya Paarvai,20-01-2022,/3ec51tEhaWT1tQ7qoNIWh5ihHV9.jpg
926105,AGP,20-01-2022,/pqJX9Fc7b3UVL9b72pSis4znBMS.jpg
894464,Marutha,21-01-2022,/bxIdlXFI3GskAtfwe9R1eK34QIs.jpg
861996,Mudhal Nee Mudivum Nee,21-01-2022,/6SMQwH8ZRq7iMJdqzg5DkDLTWbJ.jpg
931220,Poochandi,27-01-2022,/tGsrKN6tmJgWPjoBxMeD43MkpLC.jpg
915942,Sila Nerangalil Sila Manidhargal,28-01-2022,/7pfNGX10x08vDG4ERyRev3m8pSx.jpg
1351919,Grandma,02-02-2022,/t8EKx0FqBTEaOcPWyw1OXUxId2i.jpg
934360,Yaaro,04-02-2022,/kpQuH0PCGrUeZ1zpLgwAtjxwupc.jpg
934322,Saayam,04-02-2022,/jGvD4MlIlDv4Fqy4WQo2E8y9Y90.jpg
934292,Pandrikku Nandri Solli,04-02-2022,/gSnv0zw235qfxu0WURMnXKaJXr6.jpg
828827,Veerame Vaagai Soodum,04-02-2022,/lokTyhRjuQpfBHjZv4KLGvuc0NK.jpg
935552,Anbulla Ghilli,06-02-2022,/35LN8HYftN1F2wIdXFtl3XTzLKc.jpg
936380,Aval Thediyathu?,10-02-2022,/8C117AcTH2F0UbcZZUXANvMSWfL.jpg
804337,Mahaan,10-02-2022,/rHcwUUy3gRVUEUepYOd7xkesiNf.jpg
956121,Vidiyatha Iravondru Vendum,11-02-2022,/bDtMZ5XBp4n2DXiq5Zs7TWakUZy.jpg
937331,Koorman,11-02-2022,/ipFWObaHBXAk2Hn1bSEI2wJfURD.jpg
667255,FIR,11-02-2022,/gWzHTCh3ZCUsotpP7zyOBkb2bB7.jpg
613703,Kadaisi Vivasayi,11-02-2022,/8TNnEojAEc8Kt6HMWgQNRPcL9J3.jpg
901225,Veerapandiyapuram,17-02-2022,/wWhcKIMdgu2s01yqWEKmqaKI6CI.jpg
1020739,Viyuham,21-02-2022,/rihBImYqJBp4vZIX1F9jv7V9Wyj.jpg
942426,Narigal,24-02-2022,/foHixiNETaD0Gskvk0we2DJiCB1.jpg
640484,Valimai,24-02-2022,/zlh80l4fmOZy8KL34QVBtVjqYFs.jpg
1085182,Sethaan Da Sekar'uh,28-02-2022,/evFGUml2g6Ui2zDYWnNW9M7TRPG.jpg
803736,Hey! Sinamika,03-03-2022,/3t6kgGJqsSMtKitIXXBPgWSqeCf.jpg
855397,Etharkkum Thunindhavan,10-03-2022,/5BU4qoPUPiOSiLue8ni8VdxNP4U.jpg
759989,Maaran,11-03-2022,/sOFK5KIBJA6JwBt6nijxfYP2F5k.jpg
614437,Clap,11-03-2022,/smk5U1yMKi8ljczDLQm9suAUjba.jpg
949958,Kallan,18-03-2022,/nFln7DeEVcGhumdtPgNkzA2MHP4.jpg
949590,Yutha Satham,18-03-2022,/pjinAhMNYvTgxKlju7Pf5kzScEV.jpg
739034,Kuthiraivaal,18-03-2022,/iZVqLIWUDvjoIPjsaGcCkpZ6h0y.jpg
952769,Viman,24-03-2022,/uDBmVGwNFdFqWFDltV8qgu6ikUN.jpg
952220,Achcham Madam Naanam Payirppu,25-03-2022,/yARPw34kZqX4L4nkvz3F0iJTQub.jpg
910837,Selfie,01-04-2022,/7Su5HR6P73lKUZ7HJU8HmTDneXs.jpg
880780,Idiot,01-04-2022,/2RzgOYP6jMyAKXsi64RKP85ZcXM.jpg
864754,Manmatha Leelai,01-04-2022,/u1RUeWAT32bkkZODm4xRlrNNFYC.jpg
851634,Taanakkaran,08-04-2022,/mkRp4QOvwLw6jI50Wi9eZvOhtU7.jpg
800383,Beast,12-04-2022,/yE8bsjy9hvuSY5JdtFlJGXyaTeH.jpg
961413,Kuttram Kuttrame,14-04-2022,/eDaFfX6sqf7FKYXlWbi1NcYEG2m.jpg
961248,Oh My Dog,21-04-2022,/9mRbPM6EzzfIKSD7PVdwKWFTibF.jpg
828943,Hostel,28-04-2022,/gZTCByLTqBNzDkNieLGvUyZoZPm.jpg
520918,Kambathe Kannemma,28-04-2022,/h8Cm0FbrZmxoY62W4H7XOFvoGfi.jpg
969658,Kathir,29-04-2022,/BxrPENWzqcteaoNY2EHAhMhQNG.jpg
967650,Payanigal Gavanikkavum,29-04-2022,/t7AzQbtJf0SboAN5ztCB2yYkogC.jpg
1373952,HEROIC,01-05-2022,/h40gAj2rtnSahWtckgZn33doko8.jpg
975093,Thunikaram,06-05-2022,/AsJz1POyZYaoxdZtMkRZ7i8n6Yu.jpg
899746,Visithiran,06-05-2022,/aN2bLSiywApPAnEv4FXXYGBxI6l.jpg
866313,Koogle Kuttappa,06-05-2022,/tdntMAqd72ESpMyfXU3grPmsOgy.jpg
799021,Akka Kuruvi,06-05-2022,/x1dBIMKfKFOlMqOiifprqqTzG0L.jpg
755393,Saani Kaayidham,06-05-2022,/5HCd5AwTFcy14RV6R8U3CeeoF0U.jpg
895033,Don,12-05-2022,/fbh3maleH24FiSGlTKvoVVe0txC.jpg
613236,Ranga,13-05-2022,/g7zAUffET6L3IdSfoYHJaHuWgYT.jpg
460401,Ayngaran,13-05-2022,/nDEMetMugPfTxslrCb5pP0EpvKn.jpg
904718,Nenjuku Needhi,20-05-2022,/tNZx007RjEdZlYs63vqMZKpECdp.jpg
980320,Pothanur Thabal Nilayam,27-05-2022,/urw2ifoIBGjGOJpJv7Ak8Q6jwHk.jpg
980116,Vaaitha,27-05-2022,/ubpElrOtYruSjYEaa6bJIQSreUp.jpg
797330,Seththumaan,27-05-2022,/rUKaZJqwB3vRcaTduxKEcOvL6oP.jpg
615967,Grandma,27-05-2022,/xnOADjkFx5dq8m3iB1NelDwHAOf.jpg
743563,Vikram,02-06-2022,/774UV1aCURb4s4JfEFg3IEMu5Zj.jpg
1426156,Kanal,04-06-2022,/x9zOrXWxPmySyNZvLbvMdusm7Np.jpg
987642,Arulmozhi,16-06-2022,/lMQL43QG23y6TGN15oNLOWhwq7Y.jpg
972646,O2,17-06-2022,/7vYTXYsAICtANvrUHNkLG1M6NKP.jpg
927602,Veetla Vishesham,17-06-2022,/ulg3XRanMIZpVtDHIk4K4zCWxWz.jpg
1582512,Naattumirandi,18-06-2022,/1ujCVR6qkDB7pkifBJfPXka6EPy.jpg
1005781,Polama Oorgoolam,23-06-2022,/pCKwKGO1W3nngUSCWp6Ez02qVdX.jpg
752877,Maamanithan,23-06-2022,/msEQk4DTWcPVbHrGKOo4xrCTnBo.jpg
972830,Vezham,24-06-2022,/lNRntU0Ncv7myZPb6EtT9CA9q6e.jpg
926985,Pattampoochi,24-06-2022,/9saYiUjfpoJmh145Govn5foGZR4.jpg
613037,Maayon,24-06-2022,/bdfmTnEyGDN46o6q1gUxuNdoQv8.jpg
1579773,The Final Seconds,30-06-2022,/3qV1SnoIXTm76chLZHzaqIFQc4h.jpg
992402,Vidai,30-06-2022,/lM0EliOPLRWX6BMXNBvVA2GoQ8p.jpg
1386008,Roma Nalla Naal,01-07-2022,/8ALrnMv6ZbT7EuRKl4H4QF1MSNK.jpg
882416,Yaanai,01-07-2022,/gfK7CTnhoFcxRVNk04bUHQjq3AJ.jpg
864909,D Block,01-07-2022,/2fcZVCOHTahmeXABOEaG0lWeMZd.jpg
607145,Rocketry: The Nambi Effect,01-07-2022,/o7A1agEoXvwyyOmIbHnUhfnC34j.jpg
997476,Bestie,08-07-2022,/86ka1sfxL8gd4kDbh19ca4Jewen.jpg
618703,Panni Kutty,08-07-2022,/ky7p7rJv84JlLqeLWqLkID6gqOU.jpg
990315,The House of Brick and Stone,12-07-2022,/9PQ54ENFiXiTfNwukRsTPyAcJ4W.jpg
553261,Aivar,14-07-2022,/4dGyYiD66VHCiNkNCbYvXZbILbM.jpg
973579,Gargi,15-07-2022,/3gN32gdxdXd96Usl1vEzg7RFMQ7.jpg
923003,My Dear Bootham,15-07-2022,/f9CZnF9YGvg7jvDucI37nbjSaiA.jpg
817194,Iravin Nizhal,15-07-2022,/6wuyQ6rmDoHdorGO2wrmxPclqgW.jpg
953052,Dejavu,21-07-2022,/tTeJp8bc8hfq24Hn4nGdXANpBn8.jpg
1002041,Nadhi,22-07-2022,/yddyVu5CEDWP4iGKcyutSVP9aSU.jpg
1002007,Sivi 2,22-07-2022,/w7ZloVQ4RpLDm2g2cdyYkllhhP5.jpg
1001272,Ward-126,22-07-2022,/yM6yjkJSLbyprN8a4WhSDeUGxzc.jpg
567460,Maha,22-07-2022,/taDSvcGv72KTzh7uaoj9ruCa5tQ.jpg
961223,The Legend,28-07-2022,/5FBNGvrUYIhM61XdnY588Vp2oP9.jpg
952510,Jothi,28-07-2022,/9chJkm4KFIXnucL34A3WMdUXSO4.jpg
1002445,Vattam,29-07-2022,/bj6prxFyLKKJ7BpTBiRIBJA6TE1.jpg
998975,Battery,29-07-2022,/yQNsuh9CnVTjP0PSqORMu46BjOk.jpg
968081,Gulu Gulu,29-07-2022,/pJz2CYXftC38whpXbb4hCQfnVJX.jpg
922805,Yenni Thuniga,04-08-2022,/oVRucon7lI7e2Ebf5cuPir1msn1.jpg
1624562,Emoji,05-08-2022,/jpIeZBfbKP9SvnkAlpuV46Kqfej.jpg
1008285,My Dear Lisa,05-08-2022,/wfgY5QxiT9tfcT9nIU8aBlxnJRK.jpg
1006753,Vattakara,05-08-2022,/fdZfARupK4I3CTlO4dnIjTyrlAO.jpg
894074,Poikkal Kuthirai,05-08-2022,/h7hlhN14c4Wkya5q8082GGsxjFw.jpg
886447,Kuruthi Aattam,05-08-2022,/6ZXOTifDxQTGmvq2YoFbhNb6SIZ.jpg
533660,Kaatteri,05-08-2022,/yLx2JWbIyYSJurB9BHIMIPBoq6i.jpg
1006463,Cadaver,12-08-2022,/f7R2AEvAYOUsS5JBFpbZU5915YT.jpg
882577,Kadamaiyai Sei,12-08-2022,/zpI5T7Eiq4s5sWHnyQeGZXL0JH8.jpg
870769,Viruman,12-08-2022,/d6kc9cgm9c3bVa3xWPM7Z15ZJQ0.jpg
858067,Thiruchitrambalam,18-08-2022,/pBRkO5GHJqDB9D0fbumL5235JfJ.jpg
1011736,Padam - The Film,19-08-2022,/dFl2dZGzd6EJ7d5XOtk3PxCtiZj.jpg
946937,Jiivi 2,19-08-2022,/b6fAIyYBA0gUluwg8whx7DJfFIQ.jpg
901521,Methagu-II,19-08-2022,/ne6J9tWNbqifccfey9FXPR8jBsz.jpg
1016300,Undercover Rascals 2,25-08-2022,/z4RY4pAafYuitN0XXGfAbpYuDmH.jpg
807598,Diary,26-08-2022,/nTy3jzjMJAH8i1pwCHwClbPGNc0.jpg
512533,Adho Andha Paravai Pola,26-08-2022,/5iHa0BnlkWaGL9cHGnZxq8qPfec.jpg
856007,Natchathiram Nagargiradhu,31-08-2022,/un3wdT8dfRXcGgxSUwTrGwy4Y2F.jpg
793032,Cobra,31-08-2022,/eriBjgwmiXWqKKZxciLQiWgof1K.jpg
1020844,Yuddha Kaandam,05-09-2022,/zmbZemfbXmNA6cZ88bYteSS9PSL.jpg
899705,Captain,08-09-2022,/dXtU4HbgvJTisY43gyYlbqqXizd.jpg
1022189,Lilly Rani,09-09-2022,/esnfw3BARd4PKtG3fva8uExRGjm.jpg
1017749,Not Reachable,09-09-2022,/5bEt0Yiapdk6SSoBiGQbDtuIWpR.jpg
888319,Kanam,09-09-2022,/hzorfVrtVuRoAQbMPzsvQkf3kQM.jpg
800623,Vendhu Thanindhathu Kaadu,15-09-2022,/7z2D25a4h4hs8PHrTia8pPkHijE.jpg
1022011,Sinam,16-09-2022,/insaaYkngspFTbOuBgZItmsl9Fx.jpg
1049583,Arjun,17-09-2022,/hdRONoLyNrUIv2cIKm8J2kgu5TV.jpg
1114107,Drama,23-09-2022,/28S6P3ysgryzXwvxga8Y4nbb31k.jpg
1029731,Kuzhali,23-09-2022,/gfsxqSAtgZjZJm8Z99gB39uiVGa.jpg
1026883,KADAL,23-09-2022,/zjeRgJ2zndLMVJQuOUCQCVuvf1c.jpg
926882,Aadhaar,23-09-2022,/3IUVB3TtJ5fBHcZFkllcyRsN3Ay.jpg
916472,Trigger,23-09-2022,/tGk1pKoWsNgVHb1k7Rr59Hph9Hh.jpg
826448,Buffoon,23-09-2022,/f46akXMSZyQE1CuSBBs6DhT710k.jpg
785664,Naane Varuvean,29-09-2022,/pfiAftin05Rw8XhIdxG9wkAwJIU.jpg
660046,Ponniyin Selvan: Part I,30-09-2022,/zSNyZUeqDdii0doQ9970E90kCkb.jpg
1032662,Pistha,07-10-2022,/tABn53eQXegv54hyDZUTvVl7DSA.jpg
1032649,Ree,07-10-2022,/wC8Wl5uhSpIAjPMWnGU4JrGyOh.jpg
1035678,Repeat Shoe,14-10-2022,/y4drNXVBT9JKUwPKCY1k2Cnymdu.jpg
1035312,Sanjeevan,14-10-2022,/sXBCLYZUSbyCi7E2ffidSM8nWII.jpg
1035278,Aattral,14-10-2022,/lmpcmkkshvwwCEjilwzq8gfGbJb.jpg
1035769,Oru Nalla Tamizh Paatin Mudhal Vari,15-10-2022,/ioLCNbwta1AQDUz2kIDhrQ596vL.jpg
1036334,Super Senior Heroes,16-10-2022,/o7LvUHMuvatgGXoygR8xEXCm6HR.jpg
922690,Prince,21-10-2022,/clQbK0qqazhySSHYmekPL3gDieu.jpg
858080,Sardar,21-10-2022,/4uyI0nOaIvKw1EN7EbtVpUzod3s.jpg
1039825,Rajavum 5 Koojavum,24-10-2022,/eOqPTIXh9ZlNGThAtEphrB5O4GO.jpg
1041278,Kaalangalil Aval Vasantham,28-10-2022,/tsfH8ZvAxpF59nCCzI6glX5xU4o.jpg
994726,Sembula Cheru,30-10-2022,/uNfnPNwTyfCVYtdvSwAOxZEp7gd.jpg
1251963,Bijli,01-11-2022,/s42FrMh5BbijD4rN7fBVHFBKl44.jpg
1051508,Dum Dum Dumeel,03-11-2022,/pwZe11c6wfNVOPHVri6g7RehrQX.jpg
1162786,4554,04-11-2022,/6sJwyJP7MdTZ7pJTYV5cPD3m5NA.jpg
1032627,Love Today,04-11-2022,/iRfIti4RhDFZ11UyCmz5Mk5wtGI.jpg
984631,Coffee With Kadhal,04-11-2022,/rWzetRMMYxVf6sgIDN6nOidjjRZ.jpg
576982,Nitham Oru Vaanam,04-11-2022,/2ouzgxJO9SYXC3t8TRRDnRqZa3y.jpg
1046580,Parole,11-11-2022,/yxHwyvyVdw7D18u46ugLCtLgHjK.jpg
983025,Miral,11-11-2022,/3UaA5QZ6QQ8So85Yqjz049Bvt0h.jpg
1053930,Valentine @3,13-11-2022,/5xvjxxkT63iKUdQDvyNjn79kEkj.jpg
1108580,Kaarottiyin Kaadhali,18-11-2022,/mmnmRtrZD0KJ65ZNMe0A8oNBYq3.jpg
1004554,Kalaga Thalaivan,18-11-2022,/jlpQp8WPzVyHe97TsNa3GBwuWlw.jpg
974466,Anel Meley Pani Thuli,18-11-2022,/thqzMTWt8I4EoBA4jJmX2MYGTj5.jpg
919313,Naan Mirugamaai Maara,18-11-2022,/fp3qBIXpnVAkA3VHCtB0Zij5buI.jpg
861037,Yugi,18-11-2022,/aP1CsA2K41c3N5lkYnq7N0rUDvs.jpg
1055061,Powder,25-11-2022,/rgZtXzTrxL09oye6sYYKWJ9uiXk.jpg
1046902,Pattathu Arasan,25-11-2022,/9fz37GKiZvM1NerWpKokpnCKDEf.jpg
974756,Kaari,25-11-2022,/d4Yz12Bv7wZbTySJmlpYzSuLbQj.jpg
931853,Agent Kannayiram,25-11-2022,/qfYoM8CrVCXjMCqH1UHdF5QSocy.jpg
605775,Coffee,27-11-2022,/hWkoT0LwETeVIDhyGDwsNDJN9D.jpg
999455,Therkathi Veeran,02-12-2022,/xatMfVM1ggbuEd6FVllgJOrwIpK.jpg
959163,Gatta Kusthi,02-12-2022,/gkKA5pR0Nm0xoqnbfGds7sPdQ4X.jpg
806920,DSP,02-12-2022,/A9U4gIzmu60puzuk59C0viwsHhZ.jpg
1041580,The Elephant Whisperers,07-12-2022,/rRn0Uj2WXal7FkWWyKK0bleQlOy.jpg
1060041,Estate,09-12-2022,/6hy0bOPiE3wk5v8vr0ap1CFAXek.jpg
1055192,EVIL,09-12-2022,/8N7Nlhi0LENcikWcFFZVFmWlKdW.jpg
1054716,Dhadha,09-12-2022,/sps4yM8avuIEptfAEku9YvDiAre.jpg
1049614,Rathasaatchi,09-12-2022,/f5QIIcRXN6YJ6dImBTTkR65ouN0.jpg
1045830,Gurumoorthi,09-12-2022,/9dk8KkPuYmt65mTjXPQVAfsQjLT.jpg
970784,Witness,09-12-2022,/onY1KVwZMPgJdtWo0o8MBnSuQc.jpg
926172,Varalaru Mukkiyam,09-12-2022,/Tx51gugSzdDcZUPnSg8JgR7TDb.jpg
882397,Naai Sekar Returns,09-12-2022,/dUEFAV28aUzHmde24JmlgvBaHSg.jpg
1097405,181,16-12-2022,/l7zUXgOUx365kafeGpFqfMxkg4W.jpg
1062834,Katchikkaaran,16-12-2022,/6u7VtnRaSXmRX5TjQ8HdD7KJ5h6.jpg
915501,Laththi Charge,22-12-2022,/zFrFcSRKZVquY5MGunj03banzaH.jpg
899712,Connect,22-12-2022,/arWsiqz1ZzFCVKqNDJlQ8RXfR2n.jpg
1063218,Enjoy,23-12-2022,/b0kof2AMBisVn0TQEDBlQre6K1K.jpg
1062993,Jasper,23-12-2022,/jkFLDwMR6l5nqlcbA8ZnhGj1peM.jpg
1062399,Project C (Chapter 2),23-12-2022,/mhgbWKpWtazCHhORyvxYNPnVHgH.jpg
1069549,Aruva Sanda,30-12-2022,/9fPMuQE50N23isPPOXvZN3ilqlG.jpg
1067229,Oonkaram,30-12-2022,/9qz2Vkl9Fbbh3iyi0Of5ZrOHCfW.jpg
1054334,Sembi,30-12-2022,/waqlWEPyebrXzD5N0g9YN1p0LHN.jpg
1048819,College Road,30-12-2022,/lTxCUvfwFnASXNTMNqvHdjPiUCb.jpg
1024226,Udanpaal,30-12-2022,/z18QJpZ4ySiAKGXgIPDZG4aNV3Q.jpg
1023568,Oh My Ghost,30-12-2022,/6dZODFnxcUdzlKDCerHanAJ5sBG.jpg
974731,Driver Jamuna,30-12-2022,/cev24xOOl5BFPgKOZCCREkTVW8w.jpg
618907,Raangi,30-12-2022,/zld0TGM1hOzRrbzzzQWWXqqT8v5.jpg
991709,7 ¹/²,31-12-2022,/rs4x1v1CBKaKs5EPHHNLvSfl3lj.jpg
895053,Borrder,01-01-2023,/geydbDS8Lx2OqoDXRz1iwGF7ED3.jpg
1065977,Dear Death,05-01-2023,/ulWgJzu6C3tfehPujqPBvbY4SPc.jpg
1070557,Maatrangale Vidai,06-01-2023,/9trUQTPXvPcGd68LQiSGvDmDARp.jpg
1063556,V3,06-01-2023,/9lQ6mUlSJkAjI9avLIFNh6iMfMo.jpg
1172735,The Failed Artist,09-01-2023,/uAjdDqmRAiO1ZJ2lgI9hvLHUneV.jpg
904557,Thunivu,10-01-2023,/5Cdi9MFxEGsfphvDxV4TyY4znP6.jpg
835017,Varisu,11-01-2023,/iMUIsV6u0pPqfv1j8tGxbJw40sw.jpg
1063981,Trap,13-01-2023,/vYNQcOCx36kaK6cLjRLBhIIwmLf.jpg
1075882,Haiku Love,18-01-2023,/9mcEdVwyi09JlhK3HdtsLyGuEyE.jpg
412581,Vallavanukkum Vallavan,20-01-2023,/zU03B7EcswGLPxYupCR4HRG3dei.jpg
1079069,Beginning,26-01-2023,/1lTlzseAb8iJNaVl08kVwx0YqB8.jpg
1057030,Adai Mazhai Kaalam,26-01-2023,/mvmNgpGWv50YwzobOiKfAogLuU2.jpg
1263431,Kadamai,27-01-2023,/qIJDkCOsNHlXtNY2lVXgeVr3fOg.jpg
1075867,Meippada Sei,27-01-2023,/9QqfW5GQEx89MhbQcd8uWK88rp3.jpg
1063772,Karparaa,30-01-2023,/odrEi0xUukipN94T4s98xxYDV1T.jpg
1072304,Sawadikap Pei,02-02-2023,/4sMsSSlNIua3gnajGWEaEqQs11S.jpg
1081727,Thalaikoothal,03-02-2023,/2mD5OmH58hWaEGEQVGbZcVBVH5D.jpg
1081717,Naan Kadavul Illai,03-02-2023,/zPIAZUHwtwQssdA7MyfHeU6NkYA.jpg
1069953,Bommai Nayagi,03-02-2023,/mY7hQyVcZR1qFlw7vUSO2ltwDGL.jpg
1061597,Run Baby Run,03-02-2023,/ea8IuI1vB8qcrH6MKPu9FP0Xtbh.jpg
880791,The Great Indian Kitchen,03-02-2023,/qoUWbW4XlTp0RHfwbdzMFN4pw33.jpg
866198,Michael,03-02-2023,/1HChuuIpOungXAtotqVfhCBZUBK.jpg
1059409,Thalli Pogathey,09-02-2023,/fsJTZ52YCrVCzZ2BEuFq1wJLs4k.jpg
1236223,Kodai,10-02-2023,/s94yhpSE3KBCa8JR0wVBMxlYkeh.jpg
1084871,Vasantha Mullai,10-02-2023,/85qkXShLwTYZHYFOzaA6MbWqnjG.jpg
965979,Dada,10-02-2023,/x7C2u4oXoMFQBaSJqqcyU3qpwKy.jpg
1072284,Aadhitya Arunachalam,16-02-2023,/9PeLaWVavBzFrMCM9at1zCyOXb7.jpg
918864,Vaathi,16-02-2023,/zG3V1ZGzr9pRnN4y5YjupDEaSAZ.jpg
981371,Bakasuran,17-02-2023,/mwEn3zXAvKiMEt3xmaEynKFCqP0.jpg
1101209,120 KMPH,23-02-2023,/eRCg6jfOB7BRyQA27dRsHwhRYXO.jpg
1091566,Om Vellimalai,24-02-2023,/3ryrm9fYWkxBSk9HX0cWeov1z3n.jpg
1089188,Single Shankarum Smartphone Simranum,24-02-2023,/sy1UH6YEEYYqQFf5W48pqKPpHkO.jpg
1084130,Kuttram Purinthal,24-02-2023,/gLvj9Z8dU8KmitYkPdJUiTwAqqn.jpg
1021792,Thugs,24-02-2023,/pZK0AkM2YT9dNjZfRaNWDu1kkuJ.jpg
1091484,Kuttrappinnani,03-03-2023,/4ZXveoAadx7HGnGo58ia9jMiAhh.jpg
1088783,Vizhithelu,03-03-2023,/fDrCHQw6yRm1Ee4CRuJ3GCjGNWN.jpg
1086474,Ariyavan,03-03-2023,/wQCa5Wfj4W8jxP2x9vxkcEYxTVI.jpg
988275,Kidugu,03-03-2023,/7j5nl5CCZH5mdRtCgcUC4pfpPxP.jpg
901489,Ayothi,03-03-2023,/em8sXeAUjNyWHEK2eG5rpYdoQfn.jpg
882401,Bagheera,03-03-2023,/uaMo3RY1vN2UcT4Wc5xvOfLOrRN.jpg
773271,Pallu Padama Paathuka,03-03-2023,/yyx3ymd2pPc30ud6BZCyVf76TgD.jpg
608550,Kannitheevu,08-03-2023,/1Lzy5T5J4jGMF8VWCPviWdm6h1I.jpg
1097021,Irumban,10-03-2023,/eb8rl3A0Yl7icn0ckvuSWRtlOKV.jpg
1042054,Kondraal Paavam,10-03-2023,/lA5o8XFUlk1MvtuISjuSfs8bKxD.jpg
945106,Memories,10-03-2023,/s9RacyjuAERdecfuHXQ8W2L8MLp.jpg
937702,Agilan,10-03-2023,/9jYssBJkPynlxoTV13BQTZlpfyD.jpg
1005176,Mohammad Saadh,11-03-2023,/2OoA8smBHHhFu12TdTQG1mhsHf1.jpg
1100454,Rajamagal,17-03-2023,/85XTjnbiznaqzXyHYvMbX8hAdyv.jpg
1100440,Kudimahaan,17-03-2023,/bMfPFuOoNjRgbjyvSkvUaQ0fdFN.jpg
1043199,Ghosty,17-03-2023,/8VPfGQDBYA3fldv2C5Cxh3gQ3nR.jpg
1040160,D3,17-03-2023,/mGHnzn564AGAsCTRrJWrGRqSHdH.jpg
904717,Kannai Nambathe,17-03-2023,/8dqgp5gNXYDuwM0GEz8617Rh08K.jpg
1102548,Shoot the Kuruvi,19-03-2023,/lVL7jUibakvvYLJuQfmFqdd0TWB.jpg
1103963,N4,24-03-2023,/lptPcvmtiE1XriB421EWIjeCrio.jpg
1098950,Parundhaaguthu Oor kuruvi,24-03-2023,/7nZXzmZPCbLE8J5jtomderkBoOO.jpg
1095108,Jambu Maharishi,24-03-2023,/v27bjxPzGyZ6h43o14OfNWmj8WF.jpg
1103885,Ellam Mela Irukuruvan Paathuppan,26-03-2023,/znx3OWz5ZSqC6LFeb78x7q904Rr.jpg
882392,Pathu Thala,30-03-2023,/rNI3Y4mfsOUpQidwBtZj9EjwImb.jpg
786345,Viduthalai: Part I,30-03-2023,/oTxPji8PY3PL0SK9e4mkt2laJKg.jpg
1278727,Do Over,01-04-2023,/wq1XXtCBnKENc457ewJDxxOqEpI.jpg
1638379,Eegai,07-04-2023,/3i4SrG71QDtEbuB10LwrMwT2EnT.jpg
1237664,Thalaikkavasamum 4 Nanbargalum,07-04-2023,/jIN7dVBHxaqpJZZJrGGJIQMhbmo.jpg
1106500,Racer,07-04-2023,/rbu0BX7T0QYmt2fByqbU7nnATrB.jpg
1102509,Yevan,07-04-2023,/5IlT24Zt3g58gmHZttgkqkf95c8.jpg
980044,"August 16, 1947",07-04-2023,/75BAvjIU5yAnNAJRF7uVorBnNRd.jpg
972874,Burqa,07-04-2023,/681GLZ7Qdw73igbTCI04Y6LlEQJ.jpg
619329,Munthiri Kaadu,07-04-2023,/k7iEwxmphkr1bwb66CHA4dhyyBF.jpg
1109009,Ripupbury,14-04-2023,/uIDoh7h7VcINhz1RpPnmoUMxl4A.jpg
1089204,Thiruvin Kural,14-04-2023,/i4CZ3AKQlIsd0CJuI7QF9dOatUk.jpg
1021760,Soppana Sundari,14-04-2023,/10gtxHmaHbalVVwCbQggJfK1V6F.jpg
844567,Rudhran,14-04-2023,/pGWoCTdrM4pLbMUSLJ2O6V6XTzi.jpg
1149869,BOYS,21-04-2023,/rFpZpdFkaKFCkCm65ZfUJ3jA49o.jpg
1109203,Yaathisai,21-04-2023,/ky2YIE0BITU7F2Wrtcomx10zimO.jpg
1109057,Yaanai Mugathaan,21-04-2023,/wqgRSOUTtOTqKZ0r8gf4yyWEPvn.jpg
981729,Deiva Machan,21-04-2023,/kjnuXurwCmwuiKeN6kKVr3sSzPl.jpg
587471,Tamilarasan,21-04-2023,/yxRUqbgkcoNGE21hj060wbP5snZ.jpg
858082,Ponniyin Selvan: Part II,28-04-2023,/1fMM5yjLYJNfO3CSQBpfC1kqeIK.jpg
1198674,Jenni,01-05-2023,/33LE7BpbuCdwTxszQylcB41p4Zq.jpg
1122410,Theerkadarishi,05-05-2023,/mmaraLQ42kFF741UM9Yl1Z2F7jz.jpg
1112505,Kulasami,05-05-2023,/oNHofVvUfdzVEkTCWodt87x5VlD.jpg
1100945,Siruvan Samuel,12-05-2023,/c5faZj0rQbrEgnQW0Ws2F4OWxAN.jpg
1090969,Good Night,12-05-2023,/aFTO0tCTxXazstWfhOQHPb3kcMT.jpg
1032553,Farhana,12-05-2023,/pLjgNPF9d78ifCuaY7zb9Xxd9oc.jpg
922007,Raavana Kottam,12-05-2023,/2DxRwdz297FNJ9UTraRuT99mWTw.jpg
1126939,Black 'n' White,14-05-2023,/2lLuSQ1fPILtuBJhSY2GWXcXODf.jpg
1124433,Anbendraale Amma,14-05-2023,/dtyVGp8rgWV4D852njJHgw5SyvT.jpg
1127439,Maruthi Nagar Police Station,19-05-2023,/1ctjc6rGXxg0opjqz4ywmkkqyiT.jpg
1090518,Karungaapiyam,19-05-2023,/6ssa2D45PoAdp9lqb5r9reOsREr.jpg
752883,Yaadhum Oore Yaavarum Kelir,19-05-2023,/i8broKyZelH6nKk92ucxMd7Y9M2.jpg
748917,Pichaikkaran 2,19-05-2023,/sZ6b5VYTZRFI1Q66tsOQXKokre7.jpg
1391547,Ariyaatha Anbu,25-05-2023,/ki75C3LwCj8aNcuIDAahrUWK21m.jpg
1129643,1982 Anbarasin Kaadhal,26-05-2023,/qJ2nb1f0MOfwo1viMbvxuKGI4xK.jpg
1127451,Theera Kaadhal,26-05-2023,/qugVhcpyzGCY0n3RHMmWstxFerE.jpg
1100911,Kazhuvethi Moorkkan,26-05-2023,/AkJu1N9h5bVMZtm3r8kzahT7ssf.jpg
880555,Kasethan Kadavulada,27-05-2023,/gfYw9Ng58ZaUr7KzsCd64RpnrCE.jpg
1124948,Kaaval The Movie,01-06-2023,/i9NgqtybXbVaR81XkQBoLQWDfke.jpg
1170125,Thuritham,02-06-2023,/dDVZWvV1Snpbst7BHIznRDIi0ai.jpg
1132645,Unnaal Ennaal,02-06-2023,/lmkTYtkawfxDkx51A4oy2EeDWG.jpg
1033880,Katharbasha Endra Muthuramalingam,02-06-2023,/72ZO0zs9NuEAEsLOMnoPcKnW6sm.jpg
979801,Veeran,02-06-2023,/9iRNyiT0dlRyaMWOBO1Hc6kaOcc.jpg
1140564,Bell,09-06-2023,/7D5YT0BU3mFPp1S1zpEARPSjEZC.jpg
1137861,Maalai Nera Malipoo,09-06-2023,/5JQPJNIjNVxlHcx9VX5pvKUj3LQ.jpg
1115239,Por Thozhil,09-06-2023,/lZ2BbjGBDRW5Q5Q9jgEknuiEQ0f.jpg
657731,Takkar,09-06-2023,/jEnH2OP8ram32kTaeShZGgkd6zP.jpg
1154520,STRIKER'S GAME,11-06-2023,/44rY0i8PYJaqzlrgelaRcrCua1x.jpg
1141052,Erumbu,16-06-2023,/uEgBO7xnsooVawxsWC1bx2j9i2Y.jpg
660659,Bommai,16-06-2023,/edrf1p9Twd9LyelkjzGyUDJHBMH.jpg
1184552,Aagayam Tholaindhu Pogum,18-06-2023,/6xnJOkpqrri8egii5Bpp5oSlOjT.jpg
1304866,Azhagiya Kanne,23-06-2023,/oVcWwsOkTdN4kmtG3XKq6EHvONU.jpg
1143279,Thandatti,23-06-2023,/avhTPLXG3Gedvu5nc7nFt2eXTNy.jpg
1143235,Marakkave Ninaikiren,23-06-2023,/zq9K2vldEXSGtMOblVyLWFuauQ5.jpg
1137178,Kabadi Bro,23-06-2023,/cycBR2iUtEuyzTBoMrKUnTkMcQY.jpg
1136928,Naayaadi,23-06-2023,/rFLkgtKnspJcQSZyFDfDcGYhoNU.jpg
984992,Regina,23-06-2023,/9YMoUoEkUkh60BnxJG04Neg8Hx8.jpg
926900,Thalainagaram 2,23-06-2023,/kU4HJWiS6qqPtzTtigTRRnTQGaZ.jpg
893514,Paayum Oli Nee Yenakku,23-06-2023,/wR07XZNsWmPGFvitMN1zSk7gFbk.jpg
1113153,Rajathanthiram: The Piano,29-06-2023,/9mMCrDeQ3UnS385aiu4Mu3jfkxs.jpg
1094441,1000,29-06-2023,/dHAZ5vMG9UXfMuqgHdqj0E68qi5.jpg
906223,Maamannan,29-06-2023,/fy2dQecqSo1iR0GxbQ1Y21MdWyw.jpg
1079136,Club House,06-07-2023,/18ZU7d621K5oMQzPqCdl1Fxlrrg.jpg
1153675,Kaadapura Kalaikuzhu,07-07-2023,/t6gvrQ6UzxmXu3iNVKmnntLgaAD.jpg
1149164,Rayar Parambarai,07-07-2023,/tm6m0wz3S9ZZIbWHKcbrhsDjr4m.jpg
1147783,Infinity,07-07-2023,/6jaR4y8fNb3ZvR3OyERufpfmmY8.jpg
1146583,Vil Vithai,07-07-2023,/5KJCwpOGhnjqZ6OQXngWdYkk5hN.jpg
955467,Bumper,07-07-2023,/kv9DMEoZxLTQK0GXOJfRqtBnK0N.jpg
1103932,Baba Black Sheep,14-07-2023,/7fTl07l2xY8wNAbM7EOuHLPR81T.jpg
987895,Maaveeran,14-07-2023,/gl3AeCuuFDsjhN4rKKFQ9O8mzrC.jpg
1156124,Maya Bazaar,19-07-2023,/3gBHjjSb1JSOmgHCpUsXNCfI5xM.jpg
1632755,Aval Appadithan 2,21-07-2023,/crcUDuxf9wCcaWxnIjuympsCyWa.jpg
1154485,Sync,21-07-2023,/pOyAbMS1TEcMPkZ2cKD5NvihaJF.jpg
1153514,Raakadhan,21-07-2023,/6GvxtDemhH0RCU7Q6J1iPnAIUyg.jpg
1149195,Yokkiyan,21-07-2023,/qy1AHbg3oOr0yfler9mUZseItTO.jpg
898976,Kolai,21-07-2023,/lblx8zvMF0NxX62aOGocyOhvDld.jpg
883719,Echo,21-07-2023,/7kaNrlzdG5EEONOHsAyML28JEZg.jpg
875556,Aneethi,21-07-2023,/mBb8HNk1Iz7jeZxqhaFPEWXbLxs.jpg
753018,Sathiya Sothanai,21-07-2023,/jbMJC5CsiFWb1Ge2udEwnwEjndM.jpg
1156115,Abijith's Alone,23-07-2023,/4jhKRqlI5lZJ5TIvSn2QYCvOdsX.jpg
1153886,DD Returns,28-07-2023,/aautnOfweBUF74nmwRI2iSf8VdL.jpg
1153326,Die No Sirs,28-07-2023,/nEsu11WHtfmSxwEL683vGNesC52.jpg
1079221,Let's Get Married,28-07-2023,/4ppK5AGdLuP3aXpjnBAFLW5ihBS.jpg
1034553,Aramudaitha Kombu,28-07-2023,/njRB3caejvJwfjYOZRmwgrG2chf.jpg
965639,Love,28-07-2023,/zXSV9M2DZaVa2T68Jai2Nuwb9Pg.jpg
807606,Pizza 3: The Mummy,28-07-2023,/AozhsNFfa5Qn2ETztnhpALmlWIy.jpg
1155713,Appatha,29-07-2023,/npTv28pyvVI0xkXMtaZETsb4qCb.jpg
1133004,Oda Vittu Sudalama,02-08-2023,/71y997ohsaYANYokfjE0Qj3xFYJ.jpg
1162934,Saandrithazh,04-08-2023,/g361Brc8Lu9Lu9tH5daoB3abHez.jpg
1154990,Web,04-08-2023,/lU1Brm86Ez7JM16HEpH74Sxvtbd.jpg
1137761,Priyamudan Priya,04-08-2023,/r3hnHAAidqVF735KD1bDI4NXb9X.jpg
1225748,Thuvaanam,05-08-2023,/TL6aWk9nsPfeUscnxGjtyEDQSH.jpg
1165360,Junglefowl,10-08-2023,/830RSeTHzIwjZG7b5uSx3FWHnkm.jpg
1156579,COMPANION,10-08-2023,/x3wBRAOPEQnRe43oPx3a83WleqH.jpg
937020,Jailer,10-08-2023,/pTmMxAHqX4vsIDE6HPPxOR0Q6TN.jpg
1161766,Vaan Moondru,11-08-2023,/umVjkLSJEKviuytIAwsoGL8rIND.jpg
1382500,Cookies,15-08-2023,/cXdYttTaDfMXYZbf8K4bh7Byq5V.jpg
1169816,Partner,25-08-2023,/wpL2iA6xYEWKZudrX0Tup6iliNe.jpg
1155082,Oongi Adicha Ondra Ton Weightu Da,25-08-2023,/6Yg4ArLzeornW3RBnrrzhKnCNUw.jpg
1143225,Harkara,25-08-2023,/fIwLD6e0BsoVFMS8aKoPYTlwEEp.jpg
1118801,Adiyae!,25-08-2023,/kynXOnVNi5s1BgLNILii00RJdaW.jpg
681428,Soorpanagai,25-08-2023,/giJALnXMnREZ9HljbfpoJlcvT8L.jpg
1078567,Kalluri Rascals,31-08-2023,/sqpXP8AmW6H1tOPGIzUotiDree7.jpg
1174501,Kadavulukku Oru Kaditham,01-09-2023,/xX84RawZC0U1yLMn1vZ9OuCuXK0.jpg
1171243,Lucky Man,01-09-2023,/wRJRb5gQjQAthgkHxOKXcUEXBNo.jpg
1169883,Paramporul,01-09-2023,/9MeB5UtD7UPT22Vn10d8Ialvk19.jpg
1167842,Rangoli,01-09-2023,/iGkbrUo20knzN57sSicrf81r4q4.jpg
979808,Karumegangal Kalaiginrana,01-09-2023,/82LHVeTwYeVihlh39K9vsBIqEZB.jpg
968070,Kick,01-09-2023,/8s6s8PMGMDHkEPLhHiBLhaEfjFu.jpg
1175103,Tamil Kudimagan,07-09-2023,/6iMKcI2Q6vSG50VhjkiOoLjJqgz.jpg
1476344,Iraiyin Mozhi Mounama ?,08-09-2023,/fXYbSGuVDr9Dwvg3f7k8PWYT1Il.jpg
1232608,Veeman,08-09-2023,/8rXsPyhpytDOgs8Y072j4EjcnO7.jpg
1209784,Striker,08-09-2023,/vkoDOaNLnBISrLoq2YvmMURBDLW.jpg
1170089,Noodles,08-09-2023,/5t2r6cA1WKqB4JDCNshDfapH4GV.jpg
1164853,Angaaragan,08-09-2023,/kPByMKPM4rrOAys32pu76KYIDyu.jpg
981768,Thudikkum Karangal,08-09-2023,/yF08k0Hm0sH0bpOZYJWAmbjqDgi.jpg
955118,Red Sandal Wood,08-09-2023,/e3mAfFdiKrdhQ3lHtzGRYBWDggj.jpg
1177080,En 6 Vaathiyaar Kaalpanthatta Kuzhu,15-09-2023,/jt5yFl9JGMZfG5nHqQ4luJD8306.jpg
922087,Mark Antony,15-09-2023,/3xz1lfMrFlNtZ4H8DQKvYog8ilR.jpg
1218835,Diary,16-09-2023,/cMF5dw6cNpybCSGySwR682W9ydY.jpg
1179921,Narkaram,18-09-2023,/9qi519tNZQTo1aGToG6bQtmPmOs.jpg
1157732,Vinveli Devathai,21-09-2023,/LUirQcu1beAcw6JWn5swZycQca.jpg
1239789,Ulagammai,22-09-2023,/dwlZPBgq0PwiZJ2CQvR0td6CZJ.jpg
1180286,Aima,22-09-2023,/sCLMpHokalpNtLUsZrX8YCAcnf1.jpg
1145622,Are You Ok Baby?,22-09-2023,/3eLw2weWLeVyWw6s1CVWIlEVlj5.jpg
1121284,Demon,22-09-2023,/xvWfaeZpMjBLxwbmKNEaRh9Idrq.jpg
1183149,Uyir Thamizhukku,28-09-2023,/ysNjZfIt6hqPumX1eupplHCSY78.jpg
1115253,Chithha,28-09-2023,/5JdoPaXlLt4fYu2V8Ug12QRiQ89.jpg
990787,Iraivan,28-09-2023,/zRusAvFszxi96hzBfAQWezqnUQl.jpg
987580,Chandramukhi 2,28-09-2023,/3ot1Ujt0UyVaxeP1TNSDqCkQGjY.jpg
1189482,Vaazhvu Thodangumidam Neethanae,29-09-2023,/jXLTWLHw4lMczTiKcAfV4FterVW.jpg
1186417,GR3Y,30-09-2023,/zliWPJTo1TxBWTobHjiimDXOW3x.jpg
1181386,Margazhi Thingal,05-10-2023,/hqd0zzBiBTkHBjmMClaRe7yFScn.jpg
1270243,Dhillu Irundha Poradu,06-10-2023,/g9yw3WL6T3ogM6FRiPwybUzyrFr.jpg
1187512,Shot Boot Three,06-10-2023,/1Lg1mq2qUPjWYdN6FQ48AOYWG0l.jpg
1183230,Enaku Endey Kidaiyaathu,06-10-2023,/jvxj3narg3FVD7mvi2qTvQFNRzu.jpg
1074673,Irugapatru,06-10-2023,/bnxW2Pb0k2n7G7atvBs7wnwaCdE.jpg
967726,The Road,06-10-2023,/A9prlw2TJNZtXaee5Whuk02fZw.jpg
930108,Ratham,06-10-2023,/ArP7qfQtNNBMsrBtqTJlMaVyWjH.jpg
752936,800,06-10-2023,/8IhUIXCoKobODeq3FbTet9gMAfx.jpg
1188355,Pudhu Vedham,13-10-2023,/hIrQiWqL2MRdXCIH5NB4CIv581t.jpg
1188335,Akku,13-10-2023,/v6WoKUTOXYuhQgsxr3H0Pm1oxKK.jpg
1192142,Yellow Cat in Memory Lane,14-10-2023,/ccCVGsEIufCpNdl9lFzLnIXB6dV.jpg
949229,Leo,18-10-2023,/2XUHC4lp3tDsgfFLFygNZ2x2Um9.jpg
1191773,Thiraiyin Marupakkam,20-10-2023,/mmTpAfwV5AR6zWFSlw7CjuPrMkF.jpg
1191310,Today's Sunlight Falls Weakly on You,22-10-2023,/yvTI8ztFeE9OnXZefqJFOuqvZY7.jpg
1190348,Nightingales in the Cocoon,27-10-2023,/vC0SyDS2ClINvfFDvTodTSekdG0.jpg
1232301,Addiction,28-10-2023,/v5igLvGXdWNjJjCNHsw6StAejzg.jpg
1461360,Yosi,31-10-2023,/kWswZiino6YiLB0O6zppEpq9mfS.jpg
1233647,Vivesini,01-11-2023,/vSz8nHo77mObOMogjPHDAghCauE.jpg
1324017,Kapil Returns,03-11-2023,/hrpqyG0TD8Ac1ORYV8QAd0WAf15.jpg
1267436,Karuppu Pakkam,03-11-2023,/nIJoO8plKdBQO3HxsLBCX7nCtQQ.jpg
1199604,Moothakudi,03-11-2023,/ArXFcvt0LcXT4unRNYWJwuo724k.jpg
1198516,License,03-11-2023,/825bMYgKuLuhR2jVIShMP1nwMlh.jpg
1197605,Ra Ra Sarasukku Ra Ra,03-11-2023,/vhbwJHf607jNrpSb2U5QOvIsbA8.jpg
1063673,Sand,03-11-2023,/35uSHIxFZ1jPZpM0mSNrTjbkj5.jpg
1010805,Japan,09-11-2023,/5Z8hNvpenAJJrtTFONoytov7zW9.jpg
1007074,Jigarthanda DoubleX,10-11-2023,/rlPTdgLfgsSv8WiQXRZ2AVIDwAi.jpg
933699,Raid,10-11-2023,/t5Jdv4xt7XK0TdEyjLCx5tH1teC.jpg
1063157,Kida,11-11-2023,/kaihZH3P23B9ty4Xk7mRlLiMtPO.jpg
1115728,Chaitra,17-11-2023,/mL2V6glU3pMGR9jHt6VJUPIb1RJ.jpg
1179499,Naam Katra Isai,23-11-2023,/6eSwnP5mz0uC2p1SVLhXNbfuoIK.jpg
1208898,Kuiko,24-11-2023,/hGzvE0iYCNGVj5Dc3hu10Tk9ln3.jpg
1208217,Joe,24-11-2023,/acPZqREZtRxXrcAG40L7Um2lJW5.jpg
1207847,Locker,24-11-2023,/l86HDx0XbCi6d49HfAWcr3JUxOY.jpg
1198880,Sila Nodigalil,24-11-2023,/qPJ2vdnzAc6W7sJ5zGUJJUNspyF.jpg
1195516,80's Buildup,24-11-2023,/88soUeQuYeBdsrLs28eAJ408qs3.jpg
1211752,Seri... Ippo Enna Panlam?,30-11-2023,/4Wvn5KwU3l6cHTiWJwA5t2xVRf9.jpg
1163485,Ninaivo Oru Paravai,30-11-2023,/mhND0kK3SNDKLMTunhg48gkLKV9.jpg
1111580,Annapoorani,30-11-2023,/hvcSrGLCK3iaJVBc8tJZYOIohee.jpg
1210674,Sooragan,01-12-2023,/ikdqIy7Knl7700UZtGDK9LjsVzI.jpg
1204932,Va Varalam Va,01-12-2023,/bfl7p01xrATsTcN9uAC7O3lnimU.jpg
1174777,Parking,01-12-2023,/xcKk5IILXOzAfY69lvKhhGcIt9J.jpg
1048643,Naadu,01-12-2023,/8AkvjFMjL1P5YU7OmDxuC3frREr.jpg
1239753,Aathmika,08-12-2023,/pb76pXxLjEeo2HxyPx94nN3Sp7d.jpg
1216275,The Copper Story: Untold,08-12-2023,/fW6NZBjRuN9PSsv0oQqDXYOcGaF.jpg
1212917,Thee Ivan,08-12-2023,/ogonPg6kG9g0cQTuxZDhl1peP2Z.jpg
1201126,Conjuring Kannappan,08-12-2023,/rtyWDHQZElXYVETNZ4r8Wb6OZ2U.jpg
1216744,Prisoners,12-12-2023,/ysM8yWy96nLsPJKZrwmPNGS2CUO.jpg
1215931,Aghori,15-12-2023,/dUsrFOH93qVngi6i6JtTUvbcvKR.jpg
1213287,Kannagi,15-12-2023,/zQYsimMQKe8oJXE3JWn5aHB0DHN.jpg
1213076,Fight Club,15-12-2023,/1h6t9nCYVWOLRskB35K51payMok.jpg
1213044,Theedhum Soodhum Endhan Mugavari,15-12-2023,/bF33qv96cZmH9bUcMcyMgFRt2br.jpg
546380,Odavum Mudiyadhu Oliyavum Mudiyadhu,15-12-2023,/5ERUX1SjUaqKBL8FO9cIGDD2UWA.jpg
1217443,Miriam Maa,22-12-2023,/tWKX3pxzJgkVRNsbaKQAxRfuTGJ.jpg
1214378,Jigiri Dosthu,22-12-2023,/p8DBpyvFC9VTLz4MKbmUtZlfDvJ.jpg
1213811,Aayiram Porkaasugal,22-12-2023,/sQbwwsHZ3cjurVa36VxDMW7Czrm.jpg
1118232,Saba Nayagan,22-12-2023,/uYIw5Jt4xkcjObDwJqcgeLFP042.jpg
1324027,Moondram Manithan,29-12-2023,/kvcvuRPOQs2FPtD2UzBUSN01pNL.jpg
1319882,Sarakku,29-12-2023,/6kJT3j3utpXg8kdAxRoiaEzHoCF.jpg
1225033,Route No 17,29-12-2023,/qciSZYl22bmv5Io3kxBb1oA9MLw.jpg
1223985,Mathimaran,29-12-2023,/A5xAsEkHsSPP9ZWUR4vUbQdOeGI.jpg
1223500,Jai Vijayam,29-12-2023,/2otw6SbWMzrOezY0BztSus06iTC.jpg
1222718,Tik Tok,29-12-2023,/vB4XsveBECojmbo3wkx8iAb2w82.jpg
1089220,Vattara Vazhakku,29-12-2023,/sfUGrdvbjWLyxdAAk415cVzCXBj.jpg
1036454,Nandhi Varman,29-12-2023,/uyIuwDjC7roVtusl10kyCkBjOjt.jpg
1448133,Love's Green Patch,01-01-2024,/Af33kyVzf4hb17nuIFbnyiseLKR.jpg
1373984,Ghost Story 2,01-01-2024,/4HkLDVxPInCEYYvrUmBfvG1PvtI.jpg
1248919,Kaazh,05-01-2024,/yCTUQwFu3zzIpwvxcne73LZCwbU.jpg
1225102,Kumbaari,05-01-2024,/vzhRFVVOMs7yXiRumBeqjwtChSj.jpg
1210047,Aranam,05-01-2024,/im52GNQksPZkTWVHuWpk3cAMlDi.jpg
962074,Captain Miller,11-01-2024,/6qKnVaE5BvA2fO1L6r4i1ScX34G.jpg
1281705,Bulb,12-01-2024,/jixmQeefqRbsTW8OOL01cmnaIzf.jpg
1225458,Sevappi,12-01-2024,/kDdiOgmMXmnjH8zwisJTpAzK6ho.jpg
1043311,Mission: Chapter 1,12-01-2024,/cpDtEjfzys5p8f5cv1T9l8Iqjel.jpg
755388,Ayalaan,12-01-2024,/8nryykQqfU7yqTz4FD7uEBjseZp.jpg
1230097,Blue Star,25-01-2024,/8agxJ2Wv8EitO1xwF2HgxnyloCI.jpg
1191434,Rambai Sonna Kadhai,25-01-2024,/2QmrxUXRJBak3QTau0UWsfpshp.jpg
1051379,Thookudurai,25-01-2024,/eL4UwXVauTXF3CTeRxrzhs3UjZ3.jpg
1046924,Singapore Saloon,25-01-2024,/21llDripC24N3UkfNT5wpsjyDBb.jpg
1422285,Malargal Kaeten,26-01-2024,/bGFbxd8GmlQtmm2eMIEcOqXyknh.jpg
1233095,Local Sarakku,26-01-2024,/7ZtyMz8g5k8gkE5CwbtM8Ogn58F.jpg
1201524,Niyathi,26-01-2024,/yjXGYgu5Owiqc7e3RYGZsPKT6SM.jpg
1238522,Birthday Bumps,31-01-2024,/qTAgN07OJFyLJR8wLwKICGcHYW4.jpg
1063245,Kathir,31-01-2024,/z4MrsSIVMoEcVbLnYCmtZ6wa5T.jpg
1237579,Chiclets,02-02-2024,/2Us4nMbsq8TPCUGPMhb37jZRiGp.jpg
1229444,Marakkuma Nenjam,02-02-2024,/obsj0KhkaDJOiDRJTeKAsUZU5S1.jpg
1167205,Devil,02-02-2024,/mKiVRs9qfHoFGHSVqLTohd8lEQm.jpg
1115680,Vadakkupatti Ramasamy,02-02-2024,/9gX8pe70Yb4j6QMHvz7KdjTv5zP.jpg
1240973,The Feast,03-02-2024,/fDG9ZGvoLXUyyRe3Gv0qxrNtNcc.jpg
1219158,Lover,07-02-2024,/5rN7wzvM9oAR35sQVNUt8JuTDFS.jpg
1241204,Ippadiku Kadhal,09-02-2024,/cr8WmSsmwx3lcOSkG5VLnIVcKW0.jpg
1239576,E-Mail,09-02-2024,/gTqW5D4qyPkKL6qFzA1gWsPyff3.jpg
1044552,Lal Salaam,09-02-2024,/65n64KT32r638HD8WS0mGL0vSGc.jpg
1079147,Curry Mee,15-02-2024,/aYGvLZhWVLPtobMj8fYv6hlBZCN.jpg
1244928,Ettum Varai Ettu,16-02-2024,/3kVQMeUtChbuawy53qTXFLtkusq.jpg
1244540,Kazhu Maram,16-02-2024,/8ipf8V84G0xKKFeGA0Sw92gsTGZ.jpg
1019232,Siren,16-02-2024,/gpHjWVPf8h8i40zOLBWKbkZGvW5.jpg
1515599,Avantaa - Event Promotion film,22-02-2024,/wv7xTHB9iHyNcwvyMRSpufrR4Hb.jpg
1245864,Operation Laila,22-02-2024,/5LjepL2VheteoBLeMRcciesRMYo.jpg
1376525,Glassmates,23-02-2024,/yxynatDWA34YLk6SXeDvi3MmcZf.jpg
1248938,Byri: Pagam 1,23-02-2024,/6zzasZEwoFn5cnhYLTJSjglxHB2.jpg
1246021,Ranam Aram Thavarel,23-02-2024,/gwm57m06huc9pdawnbdeOVlWKN3.jpg
1243237,Birthmark,23-02-2024,/rysjyT3lDQ8rbT5u3mrANViQDUz.jpg
1119067,Vithaikkaaran,23-02-2024,/sgKDoOi1xSpyesf4BdhVIfNQGu3.jpg
1055753,Pambattam,23-02-2024,/28xC7skKkfhk0MQ6Z33lVWFdxAK.jpg
1149367,Agrinai,29-02-2024,/7P1sCuOM294qvvTNZglg1UpY0c.jpg
1443674,Por,01-03-2024,/nNEqb8zVpgNNdsw1A8wLD5hoW0D.jpg
1254149,Athomugam,01-03-2024,/Ad3ktJsF9saPUR3WiQ1zL40kfkN.jpg
1248209,Sathamindri Mutham Tha,01-03-2024,/kZ7dW3KLDHpQkv7YKkBTt5jYyvq.jpg
1225852,Mangai,01-03-2024,/WNOvYuaTzFTzIsc3U3pngWGM1u.jpg
652784,Joshua Imai Pol Kaakha,01-03-2024,/8PjG084vpoB8KKB9Bi8vk017xJk.jpg
1255578,Oru Kadha Sollattaa Sir,07-03-2024,/2Sw2GeIjW9eDjmHCze08vDucuSJ.jpg
1330530,Arimapatti Sakthivel,08-03-2024,/3ndmuCq4f8a8MPQh6ciUvGwndiK.jpg
1257293,Unarvugal Thodarkadhai,08-03-2024,/s9DAI5wVa8gPZkrJh9IXzPVDQrM.jpg
1247584,Nalla Perai Vaanga Vendum Pillaigale,08-03-2024,/p2j7h8mCUvZLNmgpEdF4QSDNNDM.jpg
1040137,Guardian,08-03-2024,/swMCOdSysEz1Mzc5jFfoXbFmxkX.jpg
980517,J Baby,08-03-2024,/i5hwkH52FooiGYI0jMap5cJZhP1.jpg
1436911,Robber,14-03-2024,/6nqNTwCGUGtn1lX2ySI6Q0ME0ph.jpg
1079113,Dhanussh,14-03-2024,/9lpVIaY7GjMLnAAis2MKQ3iWZaM.jpg
1409767,Arjun,15-03-2024,/jQ2zha0myOxyQ0k2k26RPaXGe6U.jpg
1259902,Yaavarum Vallavare,15-03-2024,/j03OJ7eWcfngKezZsXBqvTFhXWO.jpg
1258117,Amigo Garage,15-03-2024,/f7t8MHPUwwiOBWhkTHnOpqnce2V.jpg
985333,Kaaduvetty,15-03-2024,/712HpNLHVv3cQrrhSSQ6oV17ICy.jpg
1196856,Rebel,22-03-2024,/4FMVnpnm8oUraL9IUQNOABA7nWJ.jpg
1266959,The Boys,29-03-2024,/A1GbXbQejTgVVaPg9sP5Sptt2cX.jpg
1266734,Hot Spot,29-03-2024,/lBhGZKyF4PVWemPsD5urEOnFiHz.jpg
1258940,Veppam Kulir Mazhai,29-03-2024,/zOGzycGyu67TiXZCves37CDZoL6.jpg
1257416,Idi Minnal Kadhal,29-03-2024,/1q1y0rutBM12M6KZXJczmPymNFv.jpg
1226263,Netru Indha Neram,29-03-2024,/z5fIPUTiMMlTbbyJIq3XNeCWs2S.jpg
1223603,Eppura,29-03-2024,/rLbaWfONqV0VDkWEmkQfpyucq4y.jpg
1054770,Boomer Uncle,29-03-2024,/8oTGnxlMzU1QprZnTybTZqoAQs7.jpg
1150401,Kalvan,04-04-2024,/bI0jXFPXszHjp6AB6DRVzGcQVGz.jpg
1269773,Oru Thavaru Seidhal,05-04-2024,/1B34wmoTt1laqEgw06v1nM14WBf.jpg
1267903,Double Tuckerr,05-04-2024,/6tcbxsth1kOKGl3kvHI6GOiUsQr.jpg
1267253,Aalakaalam,05-04-2024,/2iKeJHU72GqYBFZDX7PEv8sDXpB.jpg
1264048,Iravin kangal,05-04-2024,/t21rFuLSluh9YEf7fMXxezaIJbb.jpg
927917,White Rose,05-04-2024,/y72DvP0CbSEH753exvasEFgMB3K.jpg
1238258,Romeo,11-04-2024,/tvonnJOEIhE5oH3Gfy9kZTHTxOn.jpg
1140905,Aranmanai 4,11-04-2024,/k4d4RmvBVtSF8SGgTGAqPZlsOg1.jpg
1122356,DeAr,11-04-2024,/nGrdWSoaPklsid9POrELW7Ll7dz.jpg
1275125,Kannethire,12-04-2024,/A9Xtwj8dQYXZ6ArxNEAHtS7z7On.jpg
1269642,Vaa Pagandaya,12-04-2024,/iZqrlQzEOKARfT5SM1SlIQNwGwf.jpg
1245285,Enimey Nangadha Head Lines,12-04-2024,/4Fnmx2sDPyxTK0eYXIgM1XUKeoI.jpg
1265508,Pon Ondru Kanden,14-04-2024,/a78gecHhVUkxOtJH24WaAD2KU03.jpg
1277572,Vallavan Vaguthathada,19-04-2024,/iCqNGLSR5RHJg6YcnsXCnioSuK1.jpg
1274124,Rooban,20-04-2024,/mhzBN1CuGCCC6ac8IqqASZavaHm.jpg
1273336,Siragan,20-04-2024,/vTb2IuJSoA9Rs0NGpnRytiDZnQa.jpg
1270750,Never Escape,20-04-2024,/3Mjo9qU33NPaYu1gIgcFyCAHd7A.jpg
1156292,Finder,20-04-2024,/7nHqwBsKarpnyRXZyllbDZvDYPB.jpg
1281459,Oru Nodi,26-04-2024,/jcZl2itDpPLKvMrd8C2hNxifGMp.jpg
1279019,Ingu Mirugangal VaazhumIdam,26-04-2024,/plpHqcZHhTqSQImhJmWROBpCXmn.jpg
1171532,Rathnam,26-04-2024,/j35uUmrMgWNQHrs0Obi8ll0OVfe.jpg
1446089,Rajinikanth,03-05-2024,/bPrQ9uZdlZcVpUnW3su1daOiIx3.jpg
1275781,The Proof,03-05-2024,/qp00MA2D7ORWVaxytrW6HLux1IF.jpg
1091003,Akkaran,03-05-2024,/yDOQNXjEBWTIUKsmFoiUY5IZd38.jpg
1288187,Kayalin Osai,09-05-2024,/aIlXmJHCelzy2UyoMXx7xhoiUyk.jpg
1276338,Star,10-05-2024,/c74qjGjs6XEKYDTYc1bxRzRkigT.jpg
1270345,Oozhi,10-05-2024,/bU4XA2TvNHTDTeTDolIzTuFwjvV.jpg
1226759,Rasavathi,10-05-2024,/olAyrZdHVqmRPKqGQvVBq2HLM5y.jpg
1278884,Inga Naan Thaan Kingu,11-05-2024,/7RUoduIDFJmiRfSmxJSSxJI67xT.jpg
1286651,Padikkada Pakkangal,17-05-2024,/gXcTVZ4CAQVUetWvHne2HVeGqYn.jpg
1283338,Election,17-05-2024,/s8DAlpi299IqfJ7u0P6j0OLgZl7.jpg
1026381,Saamaniyan,23-05-2024,/PHZ4j8qJorSITumHyVIfxawgzW.jpg
1328687,Konjam Pesinaal Yenna,24-05-2024,/juWE7JUJpz4wFAlBA824egKDbJY.jpg
1283474,Pagalariyaan,24-05-2024,/6nKzJVNRwEJ6T8aQiuRnXc276OC.jpg
1073264,PT Sir,24-05-2024,/1nTKDDzcU0M0I4PonmbjAHkIyQE.jpg
950260,Kurangu Pedal,24-05-2024,/sArsk3qz9rP1nRyFEr75Bukeo5g.jpg
1285929,Amma's Pride,26-05-2024,/gpILNIV38fvVKsGeNNCxjOCRNHf.jpg
1298116,Hit List,31-05-2024,/vkuvf6tx5cyJbW2t4WnfY80cPXp.jpg
1296170,The Akaali,31-05-2024,/tP2PeEBybZC8orlVve96DeS7DcY.jpg
1295246,Bujji at Anupatti,31-05-2024,/5vH5uGKz3uFezldUsQBZwvI3a96.jpg
1186312,Garudan,31-05-2024,/xLBfXgJAKYqUQmq8HkD9CUFiaMm.jpg
1299375,OFF-SCREEN,03-06-2024,/veeFUBvAVPtSi4Gx2MyAJN3M9dZ.jpg
1301290,Anjaamai,07-06-2024,/mGGGGa74sCoOugvfvDXBQ16JlLc.jpg
1292141,Dandupalayam,07-06-2024,/lqQYv9hOeLWCjtvOtdLCGmN36Pn.jpg
1220568,Ini Oru Kadhal Seivom,07-06-2024,/baDcllgfDdrI3CZoQIessWt4e4e.jpg
1031979,Weapon,07-06-2024,/fdt3P8CO2OpawTlzvTtvsECJjK6.jpg
975223,Haraa,07-06-2024,/AwoWCdx0udqe0PCTuvG9RtVIpqr.jpg
1299467,Journey,13-06-2024,/2xNrLEHcLKXlXwNAOYjZdVAjMQh.jpg
1118224,Maharaja,14-06-2024,/s0m4TM1XRAftQStgKpw024RvkJo.jpg
613662,Pithala Maathi,14-06-2024,/a0eEun5XYwxlZiuT0i5knTGNZkr.jpg
1305285,Time,16-06-2024,/oEbv0XJQQCIXtQa4x0QauKm37sj.jpg
1256581,Singappenney,20-06-2024,/a5szAOgIpKY144rxqlAntZ4xLH2.jpg
1308200,Bayamariya Brammai,21-06-2024,/3m1J3MeXNNJW4qGADZaNheHlTjq.jpg
1307942,Laandhar,21-06-2024,/3JtVZ8gr85czU7ipwffiXpFa34i.jpg
1305576,Rail,21-06-2024,/1C328go52KtMVWc8fPTg0kLL5p6.jpg
1311392,Naanum Oru Azhagi,05-07-2024,/7m6Pj8h7TseCHIme4gDvs4ZiCuP.jpg
1311247,7/G,05-07-2024,/us7y8JTKNBs15JrVPntrcLVMyQg.jpg
1307764,Emagadhagan,05-07-2024,/mdLZ5CoPdAr2x0vIpEKzwTCMPYQ.jpg
1320764,Unmai Kadhai,08-07-2024,/mUeZlO1o5rKf1TruG7urLbA1Jzg.jpg
1313462,Teenz,12-07-2024,/887dYySg0NJfL00mlnqoza8SIq6.jpg
1312591,RK Vellimegham,12-07-2024,/rcvfr6THVhSxmc10qnlG51ueDSI.jpg
552398,Indian 2: Zero Tolerance,12-07-2024,/fPoiIfqmVfNYZRVUtfTSyuAj8Tw.jpg
1319148,Crime Reel,19-07-2024,/4Os076DE0A6WUmuIiz0te0w40xv.jpg
956103,Maya Puthagam,19-07-2024,/ioowXGeKNk8oMPZbCv5GbNfgcOc.jpg
1142657,Crimes and Diamonds,24-07-2024,/hSNMfVVROr5iCJCyfeNtXGHnTL1.jpg
1320909,Pitha 23:23,26-07-2024,/hugfymIOs76KyjhDboj78pdxNoj.jpg
1136418,Raayan,26-07-2024,/dHMbqpG7vZk1iEJaEkCCyixFbos.jpg
1321821,Pechi,02-08-2024,/6Pla6xHgD0kep7S9z6KfXzi6B4l.jpg
1316912,Boat,02-08-2024,/1YIMZZQchpgfx6l5nrjqu6oDwK9.jpg
1316911,Jama,02-08-2024,/zWOwRCoSxtdSWpFhdEary3mgKlD.jpg
1190904,Nanban Oruvan Vantha Piragu,02-08-2024,/yszVzY7sK08XFvTfrx4AIgdB910.jpg
935526,Kanmani Paappa,02-08-2024,/4UYr3TsHr9FFIUPZWa69Mm8NjVw.jpg
926027,Vasco Da Gama,02-08-2024,/qYOdDztFRDumlUObHyv4csKytXT.jpg
896954,Mazhai Pidikatha Manithan,02-08-2024,/udYR53s43JCHzqCLqDbIK5rGuGj.jpg
1495363,Point to Pointless,05-08-2024,/za3NnZOizg4hTJLnYtwPb8aDkCr.jpg
1327015,Kavundampalayam,09-08-2024,/xRXHPlTfPkV7HkP1J1pwiTD7fbT.jpg
1326926,Light House,09-08-2024,/bPyMOWzCkMF2w8PwSGzpnND8rHb.jpg
1326711,P2,09-08-2024,/dG8Z3xl5XL7YUNvVgbrGrVu50md.jpg
1324888,Veerayi Makkal,09-08-2024,/cm58CNnES6Vv2azZoM5flWeZnBl.jpg
1321874,Minmini,09-08-2024,/haY7lrwLHN3Nai2BdUy0JLsknvX.jpg
1321835,Park,09-08-2024,/iKXvvz1P6fyZdHTJwISmkRFbmNC.jpg
904704,Andhagan,09-08-2024,/ztEH7dqo35aVt4UTTdRaTRKatcK.jpg
1327958,Kaalam Darrr - Short Film,10-08-2024,/8Pm9N3qlqLLj2tPsSm0F8bdSQW.jpg
1539028,Strangers,15-08-2024,/wgHt50eOyf0Nj61VcRppGblYdQO.jpg
1132154,Raghu Thatha,15-08-2024,/y3YGrhBEXoV9vGXDfYdBwhrm2jx.jpg
979250,Demonte Colony 2,15-08-2024,/lZmH9hea8fstTK49fplSQS0NWUd.jpg
910784,Thangalaan,15-08-2024,/dAci50FwevkdWIUzQWpdz7kSKHe.jpg
1480362,The Lefthand Illness,19-08-2024,/cmkqP7oXH1eodPbNA12THLAA6xt.jpg
1338207,Saala,23-08-2024,/snPMaSassBJqbfWoeQyjauykDV7.jpg
1335741,Adharma Kadhaigal,23-08-2024,/7fWjMAffZhe2b8ecDkFwbQpkuKw.jpg
1329956,Pogumidam Vegu Thooramillai,23-08-2024,/t9PskkYrJpFsS2eobDHwNl39T1J.jpg
1329084,Narkarappor,23-08-2024,/4bhl4Ps2jvQU036yzrD2b00DOAH.jpg
1319597,Amigo,23-08-2024,/iaFa47oye1NfO3PoHzPQq2biWQT.jpg
1098332,The Adamant Girl,23-08-2024,/8zsfFnOFSn6fxedlf3dL4ESIsJL.jpg
1051426,Vaazhai,23-08-2024,/4AAd41LHVUxTmLwcPXRpPxpZW3v.jpg
1339691,Katra Thaliya,24-08-2024,/omy2eeY3nfJn4dBQEmx6UI1uO1N.jpg
1341521,Virundhu,31-08-2024,/j3Sh8qtrY3sT0msICgEP6jlfMOL.jpg
1342270,Lemons Are Not Sour,02-09-2024,/sWDSijcBeTa5sjiYlEg9jxyhuJB.jpg
1129608,The Greatest of All Time,05-09-2024,/kk9SmNt6QcP5thvSYELWvO0NWuC.jpg
1202268,Quotation Gang Part 1,13-09-2024,/rPKCt1gX8Yk33AuD9d95pmgbjvd.jpg
1358920,Dopamine @ 2.22,20-09-2024,/vF9MW9NyqwPaLr4dnXeZ8nmdJ1K.jpg
1358787,HMM – Hug Me More,20-09-2024,/dNcNxNjIRSz3O1wI5az3U8gfnr4.jpg
1358582,Poultry Farm Chelladurai,20-09-2024,/lsTZduXemG87iGj3djhF7IGooQX.jpg
1357529,Thozhar Cheguevara,20-09-2024,/iviic5lFx0iXWSY79bog13enNUB.jpg
1355466,Dhonima,20-09-2024,/oeBf0jXniJaeZaHVdpTggYfFlJe.jpg
1318349,Kadaisi Ulaga Por,20-09-2024,/5QMqnVJk2whlN2OB6zxAKHxjxXO.jpg
1097000,Lubber Pandhu,20-09-2024,/jNyLZjIgaYVkBli2JihHwABlAPY.jpg
1060532,Nandhan,20-09-2024,/wrf2idb4fIJUTFvyNs6OGXgS7lM.jpg
1356882,Dhil Raja,27-09-2024,/rP58CB6wbLZgYWHaciIuYoLy9RF.jpg
1317591,Petta Rap,27-09-2024,/pt5Wv7YW6Lv4XbZJ7ZeVrswg2EZ.jpg
1185591,Hitler,27-09-2024,/5xfPlHPrQgVpQHRDYxIIwjMr2Xu.jpg
1136423,Meiyazhagan,27-09-2024,/ngDEH7YqVaMCAD4LpNxRl6ScJnw.jpg
1113768,Maatna Gaali,27-09-2024,/8RCntwgToa7h6U1pW8IfHqLC11L.jpg
962085,Sattam En Kaiyil,27-09-2024,/i0CP708EzebFniHpX5B5zVEMrUr.jpg
1498740,Jillu,29-09-2024,/tbzrBwkLeV4tA2aOAvr0V7waASW.jpg
1362066,Seeran,04-10-2024,/rUXH9mSPogTifJ13crbndO8qAx6.jpg
1356638,Aaragan,04-10-2024,/e35XoiTtuLSpL6We5kx9GmvX4o4.jpg
1166041,Blue Sunshine,04-10-2024,/A16bQWo3qdA5v75DqisyzXqYHnB.jpg
1093966,Vettaiyan,10-10-2024,/1q0dAC3OJZVKQcV2dG5sGvdUGqN.jpg
1509748,Siru Ula Siru Mozhi,11-10-2024,/cS9gDEdYbhG73fIVZq8nWmXbhET.jpg
1340332,Black,11-10-2024,/rIoIQ4JX8wNQWynnwhghtgkAu0G.jpg
1351604,Yellow Fellow,15-10-2024,/zj0f4gyjtD8GNY9oplhtndjX43s.jpg
1467593,NISAPTHAM,17-10-2024,/faoiJHrNNd1HGgNmGPTYCQJ551t.jpg
1372815,Chennaiyil Vaanam Megamootathudan Kaanapadum,18-10-2024,/1IJxoGZh6LMCY3rfA88uw0zWXC8.jpg
1372611,Sir,18-10-2024,/pt1jvwxgZMIVbaJaKUpq4N7MrzS.jpg
1372609,Rocket Driver,18-10-2024,/zDDPm4YdUpmKzVXdxMYdGRVylSp.jpg
1370554,Karuppu Petti,18-10-2024,/6L7yyemi9vmMIUgjcYdXxK701Kp.jpg
1265979,Aalan,18-10-2024,/neA6rZQ437vmaz3ZXHXoLZYtEJO.jpg
1244484,Elisai,19-10-2024,/ahU5VGjimpAgy79sJeA9YGUMNYw.jpg
1413739,Scene Number 62,25-10-2024,/3D8WPc3Mkh5g2ydncHKmvgaVjVy.jpg
1375460,Happy Birthday Luci,25-10-2024,/t13t7X10PCPKf7n4J4aIQ4Mj1VJ.jpg
1375430,Il Tha Ka Sai Aa,25-10-2024,/iMFAFw7rJyaGEKXbeCcd1s3JZcH.jpg
1375396,Deepavali Bonus,25-10-2024,/w6pHnbwOJhRzAcv8WXEgtllyCG2.jpg
1008633,Brother,30-10-2024,/hTVmE8Hou72Es4XQnTR9CDkJgq4.jpg
1382504,Padaiyappa Oonjal,31-10-2024,/neCQsKHXr4UhCQ9BLrS12oaXmsg.jpg
1311073,Bloody Beggar,31-10-2024,/qimSmwXBFQpei25T3FBSTFeN31A.jpg
927342,Amaran,31-10-2024,/eCB06m1KUGilEOlIzb40nkQhVY0.jpg
1382503,Necklace,03-11-2024,/3vqvnmCjAgm3ZokvmHxyorv4k8e.jpg
1381674,Iravinil Aatam Par,08-11-2024,/s4C9zf9A1xJ1M9NpmjHJS7AQtc0.jpg
622792,Kanguva,14-11-2024,/lycbTFBXqFN1kMdPEsnAFutKEEy.jpg
1374761,Black Gold,15-11-2024,/fvhRjEl6XzJRkwznjEPnxwT5bB7.jpg
1371265,Veedu,15-11-2024,/huds3YNJqMORirJyzhohXg83NCU.jpg
1390963,C4 Cinta,21-11-2024,/vZCGXfeAVjJyimFbt7LuC9DvN6D.jpg
1390705,Jolly O Gymkhana,22-11-2024,/yy6D6pVIdTW3C9Vb6rL0d2jig5G.jpg
1390306,Lineman,22-11-2024,/rOaZSn5Z23XBy8X52odSsGA8soG.jpg
1387856,Parari,22-11-2024,/bnlSQPIDgACCCtyew5DdyRYcGNq.jpg
1386625,Emakku Thozhil Romance,22-11-2024,/muCgRYhmB2B52RHafNG0YX0qOQv.jpg
922360,Nirangal Moondru,22-11-2024,/sGzSgkWpNIXooUaiXRObhKqdtaN.jpg
1393301,Thirumbipaar,29-11-2024,/iMgzWlTtp0J0Fk1XTNb2IJcf75B.jpg
1393146,Paraman,29-11-2024,/kVHmDAnAQFWYFB9RafOV6Cn62lj.jpg
1323267,Sorgavaasal,29-11-2024,/9poph8OdbAo2XUy9dJZpZGtOI6W.jpg
582473,Mayan,29-11-2024,/2Bph1WfxncY1pdcWYXzfcwctI9r.jpg
1340950,Blue,05-12-2024,/mYmHSuzrvSTX7tbuwcZLiIpVEkX.jpg
1393972,Dappankuthu,06-12-2024,/AbR2VhIFynbmEnhfHG9Fx5dLaSi.jpg
1383201,Family Padam,06-12-2024,/uN9APj5ad7UIgdmnRZwuxJy9eVA.jpg
1363246,Blood and Black,06-12-2024,/iJ47ysJCZ1jej2U9ZSx8p29FFbN.jpg
1398084,Salliyargal,07-12-2024,/23YYV6nqEkrsBCxpfcNkY1ZUqOc.jpg
1423904,The Mind,08-12-2024,/gkAPqbdB4QiT1y0xLz5Cpi5HqSI.jpg
1403351,Then Chennai,13-12-2024,/hVuyIPLxPK3HNabynBUgZfifIHt.jpg
1398967,Once Upon a Time in Madras,13-12-2024,/waJePev0h6x1zORqCm4A54rfS8p.jpg
1351991,Miss You,13-12-2024,/rahqMPwCY3rLnNFp7fuvwCNO2XF.jpg
1114668,Soodhu Kavvum 2: Nadum Naatu Makkalum...,13-12-2024,/bGf8gAI99KDm53Buwb9hf3ygf4o.jpg
1365528,Tractor,17-12-2024,/kVB24UpxDRdZZEqUtZrnjBx7Uqb.jpg
1020354,Viduthalai: Part II,20-12-2024,/l2LVYzhCuwfPfN80v6lic55DIAc.jpg
1406296,Thanks Einstein,22-12-2024,/bRmsqke1y8s53tAKircC1MmTwOL.jpg
1565351,Agapaduvaan,23-12-2024,/mqF129zPLyFbU7wb9bI1UXXtHcL.jpg
1423421,Bommai (An Island Story),24-12-2024,/p2Ck3jTTGXnHQ8BG0ySsEKXEnAm.jpg
1234471,Navayuga Kannagi,24-12-2024,/a9oG8YI55ybf8Vmr0zhqB8L4WuS.jpg
1420415,Letter,25-12-2024,/mxKkNeqwl6GBVBybRWfDGT4ebCG.jpg
1394958,Vaagai,27-12-2024,/3AtXYz4vaNUh6FUAIiNWgP0wkh8.jpg
1384671,Alangu,27-12-2024,/Rmovt5T8GD3gX8Y6rvWmw6b0Yl.jpg
1276166,Donut,27-12-2024,/x7dM1Ldh9iPtf7yQvDY38W9M8qw.jpg
1199638,Thiru.Manickam,27-12-2024,/84UUyVmkF1GZm878YthNBxaVaIy.jpg
1008226,Rajakili,27-12-2024,/zDHoNtWz5KnhwdGWBsizTSjGumH.jpg
942386,The Smile Man,27-12-2024,/p8J4IroY8tzRrtEckuetnMKLc42.jpg
1426625,Titanic Modhiya Iceberg Ivan,01-01-2025,/mtnhp6v7H3FjBoJJnDrJToVd8ZZ.jpg
1400781,Panivizhum Iravu: The Onset,01-01-2025,/uH1kEyOmIatbCOphzTCiJAgiElI.jpg
1426671,Bioscope,03-01-2025,/ceF28GvibpL0u8WGmPmqZIN2sqS.jpg
1406227,Lara,03-01-2025,/1MqboSx7UZlGKcEpmwyWR8WQslz.jpg
1398980,Xtreme,03-01-2025,/1yyAG5wERtLIzYuCVyjPUK6NvtM.jpg
1367098,See Saw,03-01-2025,/eJ3spwgwoXGylgOZiIeYcLmCEn5.jpg
1470598,CrowShit,04-01-2025,/4HHXhG7uLPot9aAh8MPXvKlEXxs.jpg
1413707,Ajooba - The Unique,06-01-2025,/34btbWtH8EolzrMi1ICZvXuEAGa.jpg
1233332,Madraskaaran,10-01-2025,/zw4imaAGB8cWa4mrwABxHiVS0KR.jpg
949380,Vanangaan,10-01-2025,/3L7lr67HqidLP3SYsLmFq3JZ8lR.jpg
280951,Madha Gaja Raja,12-01-2025,/hrOnr0eIdBI2Zpeh4EMLmWe58XA.jpg
1420161,Kutty Vaathiyar,14-01-2025,/nlmhmxEZYg0SAyCHB22DS225EYR.jpg
1310134,Nesippaya,14-01-2025,/5yDCpURWEXpT7PtKTfYwx0GASTd.jpg
1211999,Kadhalikka Neramillai,14-01-2025,/nSgPlMtvKJGyiUivXDRGANUyP5v.jpg
1137819,Tharunam,14-01-2025,/gSp64XnCL1vEk6IxPENxGXd8U29.jpg
1421487,Tamil School Pasanga,23-01-2025,/2d2luLPlCum25tMn3C9cO2LMTx5.jpg
1421232,Artist,23-01-2025,/dbi1n3npSN4g9iDgDUrxD1AC3Ok.jpg
1427183,Gavanam,24-01-2025,/vWYsRRABmceTTQcwCMcd77hL1HK.jpg
1423330,Vallan,24-01-2025,/jchLUV0Ohm2sQKIOJjW95zNQYTW.jpg
1422297,The Briefcase,24-01-2025,/CvmSdBfR7W27nowTRiadzr7P8F.jpg
1421358,Bottle Radha,24-01-2025,/25xAm0e2Ez5RpTFqd5i2LISD1C3.jpg
1402096,Kuzhanthaigal Munnetra Kazhagam,24-01-2025,/2e0EAtfWaMrBHHDUS6zdbjkfeYj.jpg
1357713,Kudumbasthan,24-01-2025,/xSF6fDlSKI1qrftN9OKOnBLvGZH.jpg
1423185,Tears of a Fish,30-01-2025,/rO3AQuaTC69gVRvROuEjbUn7IcM.jpg
1427163,Ring Ring,31-01-2025,/o8yLMguo0LGo8VM5L0PsjFRxvdB.jpg
553699,Rajabheema,31-01-2025,/9h4BNMzX1RJ0e7gjVQHGpNpLdwP.jpg
949716,Vidaamuyarchi,06-02-2025,/yx7AYFLoupzBfdfEAlDFuOiei2A.jpg
1432647,Un Aasai Mugam,07-02-2025,/ptZ425yc3dGUUcyXTgUhRvkFdLf.jpg
1462710,Badava,14-02-2025,/atRwAOinMJzYlQUcOj4xJu1riZj.jpg
1452794,Baby & Baby,14-02-2025,/rRzhNBizquaaBtTQYCGJYZFnyi3.jpg
1434866,"neram, kaalam; koodum",14-02-2025,/jr9U3b5uKRMrW5TElWEwBZHQeZG.jpg
1433161,Baby & Baby,14-02-2025,/rn2zLW90eooVKuDRt5h8oLZRHwA.jpg
1432145,Dinasari,14-02-2025,/qG6Tu7WWvPLSbVJClDQEU5ZpFQd.jpg
1430470,Otha Votu Muthaiya,14-02-2025,/a5NiTUXJquU42Poh4BSZJdB6AaJ.jpg
1430122,Adhu Vaangina Ethu Elavasam,14-02-2025,/xiAaJ1yKtDPJoMuscrwCnlP4DKv.jpg
1411540,2K Love Story,14-02-2025,/oM1Dkx5oQFjf1VZLDylg1jqSeGM.jpg
1398942,Fire,14-02-2025,/4Nf52vNlQNJpSt2uFodMCdz99Dy.jpg
1123038,Kanneera,14-02-2025,/1VLiB08UZAg4cB7FPt4coi5OdRU.jpg
1031969,Kaadhal Enbadhu Podhu Udamai,14-02-2025,/lryeARt5N2A8KqxKH9FjBrb9pFE.jpg
1440830,Floated By,20-02-2025,/eXNSUXDGibQ0oDWiAd77AXcQ949.jpg
1123851,Simple Manusan,20-02-2025,/6VtGPieBtQIfyOO29WAQIrlMkS1.jpg
1386105,Piranthanaal Vazhthukal,21-02-2025,/fAjsbdRH0VYEGEimbQchpS0dt4W.jpg
1273049,Dragon,21-02-2025,/vKNJPuejtE6Xrp6RK6LKsQcbL8L.jpg
1222049,Nilavuku En Mel Ennadi Kobam,21-02-2025,/j5krlz9U40ZWaspQXa5CtQUikXl.jpg
1131038,Edattam,21-02-2025,/2vR7ncR0LrYgeYXIKgJ9r2UmV9u.jpg
1529276,Kooran,28-02-2025,/p3liIYkE7ZJ3xSTI12em1LJ3Sbu.jpg
1474389,Feast (Virundhu),28-02-2025,/78FZXw8LoLDJvctDJfegKdeQ3C1.jpg
1440249,Butterfly,28-02-2025,/2ZsZPH9FpC5M0ifk2gzTyZYjSER.jpg
1103756,Aghathiyaa,28-02-2025,/gCXjEAJRaZZi5bMowWJQxK0827c.jpg
1062715,Sabdham,28-02-2025,/qx34MnUVrbZVMgWITPvzC4YxLa8.jpg
1457187,The First Puff,05-03-2025,/cF61Wvs2QGvi960xejgz8gazaT2.jpg
1485655,Restart Restart,07-03-2025,/8oYyON1dOQPwbinSZGyKVAg79SE.jpg
1456459,Leg Piece,07-03-2025,/7Tnbmp7ARfKUQGYMJqkUk9B3c6G.jpg
1437273,Manidham,07-03-2025,/mf7OZheMg1R5o34d91cfIVJay0C.jpg
1434988,Murmur,07-03-2025,/p8l5foSB8PNUnLlXrh4ipo4EePW.jpg
1431271,Niram Marum Ulagil,07-03-2025,/wZicaPr8fPFm16Kc3N34LIEQRf7.jpg
1431043,Gentlewoman,07-03-2025,/xbF4NfyaQra7GkGR5OZAWglVhUE.jpg
1411454,Yamakaathaghi,07-03-2025,/kSIDeFZZG1JACozVAnHX4RdXN07.jpg
1393676,Kingston,07-03-2025,/tvSLcd9p8mB1z6EMFDzZP691JGz.jpg
1123042,Address,07-03-2025,/Fe7LmEwG8B7HVtCZvFlYZ7fCIN.jpg
942955,Aalambana,07-03-2025,/8Pko2qvw6g21Sw1V2dDwJZ25F7c.jpg
1447848,Addiction,13-03-2025,/zR6RceJaaBlkwMbXpMsZHq1I2Kq.jpg
1446369,Leech,14-03-2025,/EH1XQo3nUDcTlqIbVAeZCFFaia.jpg
1446308,Varunan,14-03-2025,/zYSi9nyG0SP70yF3kB4UJSva5pj.jpg
1444744,Konjam Kadhal Konjam Modhal,14-03-2025,/4Krf4LofZhh6naXxqTczXmQsDic.jpg
1443002,Maadan Kodai Vizha,14-03-2025,/4WlEM39rC5glXBuGsm5ApqXjbzd.jpg
1422471,Dexter,14-03-2025,/6jLbZlzNOfHQgD0a1wgtBuscriZ.jpg
1416889,Perusu,14-03-2025,/avD34sOjy6KbU1w6Xy9LhHYg60c.jpg
1291321,Sweetheart!,14-03-2025,/bHxP4Mdgc6RwFZi7b1JDPXDus8j.jpg
1467256,Through the window,20-03-2025,/fJjldJmnQylYPtxU8NlqxTQ1atI.jpg
1078769,Hero Friend-U,20-03-2025,/rRfSwkSZwUTJIjDWF8aHQVshm5Y.jpg
1542910,Enai Sudum Pani,21-03-2025,/pgrSjbfhq1zOf8YjVVKOfRiYYwM.jpg
1452088,Pugai Padam,21-03-2025,/AeNLcYgMkW1r2GcZvoEaq4rvtkq.jpg
1439367,Asthram,21-03-2025,/19lIAAGCQ8hocMoB4YHUS6smI5Y.jpg
1415804,Trauma,21-03-2025,/8fbAu4YMvWgYlkOCJDAfNvDjb2F.jpg
1367085,Pei Kottu,21-03-2025,/A1w1wpGGIpr9CQYRXtAIFuJIGXE.jpg
1198208,Veera Dheera Sooran: Part 2,27-03-2025,/6iiWsXJ31BVbypWwzvoPKx24NFQ.jpg
1461114,The Door,28-03-2025,/2fTLOS6y3v8SCbkFFRagmYXVZTm.jpg
1450177,Tharaipadai,28-03-2025,/nhFcLaTmMosAb5FPLEn3nuY1GD.jpg
1324252,Vijay LL.B: The Advocate,28-03-2025,/oeFZhUWEcp2tSdu6bk8njvCuQbJ.jpg
1457217,nee vekkam kori,31-03-2025,/sO6evD0utvSkQqT5LL2f4nSI9Ij.jpg
1453003,Kadaisi Dhum,02-04-2025,/z6rS11Ziu6CnSyS2LFNJKsANcrI.jpg
1474485,Ka.Mu - Ka.Pi,04-04-2025,/cJJpsBHDUTnPDzYb9xqj7nRT4Qp.jpg
1462421,A WISH TO REMEMBER,04-04-2025,/wIZPyzCTcJNrfVtMtoaDrZvBwnF.jpg
1446897,EMI,04-04-2025,/2SwTmgdHdHIda0DhREnhbBwuxNd.jpg
1112417,Test,04-04-2025,/8jZaBr3dTIW8N4D6F4Cprssfm7V.jpg
1005751,Kettavanu Per Edutha Nallavanda,04-04-2025,/tZ5PdiozQVfpL2xc1sBQ0QrS2RZ.jpg
1259024,Good Bad Ugly,09-04-2025,/8DbYYluzdiGDAZzsaP7DWGbwfLd.jpg
1454391,A Cool Summer Time...,10-04-2025,/7ky3cC7n9pDM7LgzdjnTE8c9kEK.jpg
1464359,Seeing Red,15-04-2025,/tWQPDtOmLDfpTlqhR2PCjsWnCuD.jpg
1463544,Kesakambali,15-04-2025,/jryjScQ8TgyAb6j3tAR6CUnpg7W.jpg
1733023,Yaazhi,18-04-2025,/q4qVg2IAP9E4J8ItWJGuvEs6iAV.jpg
1465245,Ten Hours,18-04-2025,/5dYmfe3UtKyWZs4GNlLPS4pweEa.jpg
1437648,Enough,18-04-2025,/rmbIQmdO84EDbJtPCDglCdUe8di.jpg
1219632,Naangal,18-04-2025,/qIjgsO2grsXnpAFlpJrsBKkPf7m.jpg
1320752,Gangers,24-04-2025,/9VOKdmARTbZ8MuYM3quxlBivYkm.jpg
1485818,Vallamai,25-04-2025,/sOJRmkgFi1KOwrT7FOGOLL77twg.jpg
1468382,Vanganna Vanakkanganna,25-04-2025,/4WJCW27wobyXb7GgANETnIHN6i7.jpg
619987,Sumo,25-04-2025,/tKrQb0LEZVCKMGoj3mVVL9mZkd8.jpg
1398359,Tourist Family,30-04-2025,/rEffPihtdQXiXfRdfq7pPM5JDqa.jpg
1265827,Retro,30-04-2025,/pJPK57REXsaLydpOPgHwWAQMdqz.jpg
1429902,Beach,01-05-2025,/ypUaOWnASqzjFVkSiUSHRIbAdLz.jpg
1479615,A Lone Floor,04-05-2025,/hZWNCqBXbZLdjlWv4EiDvGuhBp7.jpg
1509771,Trigger,07-05-2025,/5BtGHScQkj9l3mjCT5t4tNipdAh.jpg
1477701,Amaran,09-05-2025,/tn5SHWRo7mL0r30LpqJUQMjOev7.jpg
1477007,En Kadhale,09-05-2025,/4ISDdcWkNRogncdi082FJWzPmuF.jpg
1475924,Ambi,09-05-2025,/nDcGdLMj8i9RJiImxZ617TgvIyr.jpg
1473098,Yaman Kattalai,09-05-2025,/sFsot83kVfnSR5ueQyJuTAVVgBU.jpg
1469236,Nizharkudai,09-05-2025,/kwZIDwcKj6ltQEBEm9DObJqRWii.jpg
1459683,Vaathiyar Kuppam,09-05-2025,/aDgr57EvtCeTvMFgCWWoKeRjylc.jpg
1062033,Kaliyugam,09-05-2025,/hRKMtcIFzJyi59PtULiKQT4vPoA.jpg
985667,Gajaana,09-05-2025,/4T15krfH63uSTk9wI4yIN7YcqkZ.jpg
1476437,Suttaa Thale Enakku,15-05-2025,/a5j7c8TNwGG721npRPdKL6Dz285.jpg
1646073,Jadugar Ka Badla,16-05-2025,/cl8qaliwax7BvJg1AnxIca832F7.jpg
1477870,Jora Kaiya Thattunga,16-05-2025,/kom0PpAofXsyGzsuL76XApU8Dtr.jpg
1421019,Devil's Double Next Level,16-05-2025,/jS8XroVkuvsdXcCNnWUnaxj9XNX.jpg
1403039,Maaman,16-05-2025,/a0BsRj9qQu8L2arBAHcbbfrVrB7.jpg
1309643,Eleven,16-05-2025,/zrLStjPERNYWIESwlrfBPE3jsDb.jpg
1662329,Ennodu Nee Irunthal,17-05-2025,/tnAUDGw75yB2wDlWNjlw4wikYnY.jpg
1470470,Bleat!,19-05-2025,/lBUH8zstL3PaoNNJ34DMnYMvXi4.jpg
1484304,School,23-05-2025,/2GJ3wFUFpaD3VKNlLyuQbtFVkZU.jpg
1483125,Myyal,23-05-2025,/ollewlZWrgeGcVSGC213JHCuXTL.jpg
1480633,Aagakadavana,23-05-2025,/tvVtIn0Y1aDVSRBFCfWV6b8q7uf.jpg
1477248,Vembu,23-05-2025,/8SjgNhZuUzdgHV83dijsJlpnqQI.jpg
1468864,Alert,23-05-2025,/wbM3TIBijoFT4NQKyhEjGZmTjOF.jpg
1132152,Ace,23-05-2025,/8N9ET0MxfaYi1R2a8my0x3JCAxW.jpg
1483832,KEY,27-05-2025,/2iOXNcZwulOwxMBtrwhViDyeorO.jpg
1481551,Rajaputhiran,30-05-2025,/jgfv5dVORp9GPO42JNCen9n5OFJ.jpg
1475502,Manidhargal,30-05-2025,/9DEFGr3fv4lrqg4C5SnAIXFtD9K.jpg
1468291,Jinn-The Pet,30-05-2025,/gNnp6agOO6KCsEOzo9ll7P9U2VK.jpg
1045021,Thug Life,04-06-2025,/jH2wFFESmlPgfqO5LgCMVFJymFY.jpg
1542106,Sweet Beginning,05-06-2025,/wmlLtrDZxkdRvtSQE4NTXl9jLy7.jpg
1114742,Peranbum Perungobamum,05-06-2025,/b9o0Yjqy0U83zAbc10oAAR0Qm6i.jpg
1493747,Paramasivan Fathima,06-06-2025,/km9Hx9wNVzUeqWpvOhfnLqEFrO0.jpg
1488301,Madras Matinee,06-06-2025,/gydwfpaMZtTdR5zOgLSPRWDoEJg.jpg
1448711,Eternal Quill,09-06-2025,/5oOZjCrENaXL0surdPDthSq7n7H.jpg
1498959,Guts,13-06-2025,/isLwBaC1LEvwqedDHlqTja1kAiN.jpg
1498631,Holocaust,13-06-2025,/vINfN2MehvWLEWcOsvDYVqrAuPZ.jpg
1494648,ALT,13-06-2025,/fnNpnHUoxT2rLnnyPknJ8NIuGO6.jpg
1484999,Padai Thalaivan,13-06-2025,/xucBkyOWF1vt41Y5IZAMj9orahf.jpg
1500526,Mirugasirisham: The Orion,19-06-2025,/5shb61X7vwttv1qOxj6hFVWDuZQ.jpg
1459770,Rekkai Mulaithen,20-06-2025,/rNEhMHR5bxD95lw2XAotwlkTgLg.jpg
1416501,DNA,20-06-2025,/82eWyEvVP01sV5DvBer9QyNgCh2.jpg
1363072,Chennai City Gangsters,20-06-2025,/vbgNOOZgnV9muTYwaAm6QhExhV.jpg
1481505,Unnai Kaanadha Naan,21-06-2025,/hZlBqPvFo45wKkBxUIEjvRIuTnU.jpg
1483184,Placebo,22-06-2025,/ds3KhnykS1ZrrIC1IZLEzcX5xEa.jpg
1504919,Vaaname Ellai,27-06-2025,/thqKeec1mVqQP12HhNXtQNTLtNX.jpg
1503252,Thirukkural,27-06-2025,/8sItzVhAWaSXqiVM1PwAif09t1v.jpg
1499525,Good Day,27-06-2025,/A87qj6W0SGjlGvFWtqf0i0Froer.jpg
1433112,Love Marriage,27-06-2025,/tLYMcBROkhdvUTjrA7Cgi8GlWI3.jpg
1425641,Maargan,27-06-2025,/sgNetedu19Ar9LkUXGNheh9NL1D.jpg
1305736,The Verdict,27-06-2025,/zDf6wYW85LUQiHFMQJe5wGJuc93.jpg
1507659,MANAM,04-07-2025,/1Z45HmV6RGo7ia6pnit8siGOY3E.jpg
1507067,Akkenam,04-07-2025,/1tUVshO5qTfoZZ1lv4AlPFGnTnH.jpg
1502587,Iravu Paravai,04-07-2025,/aVpJEEoyNXhfB4MPL9CiYO1HIVu.jpg
1499814,Kuyili,04-07-2025,/9DR8gZe45bmsGiLW9J51sG0pYOQ.jpg
1498518,Anugrahan,04-07-2025,/sGylaHxR44DUB2Gtw11sLtmN1gw.jpg
1407016,Parandhu Po,04-07-2025,/jrkiG3xdfyRDd2OLJ6zQ5cOIZZ5.jpg
1305322,Phoenix,04-07-2025,/yzAIf1JUVlMzr4THp46GuNonXWs.jpg
1293849,3BHK,04-07-2025,/njq3p81KoTVd0lWqGeudId7WwUn.jpg
1656597,Aaradhana,10-07-2025,/49QyFv7X439mTQXFk9NntQ9WlKE.jpg
1511535,UNAKKU PIDITHA ENNAI,10-07-2025,/yLhlgyENj5kPL7eyHQOiZXw62Bx.jpg
1510433,Desingu Raja 2,11-07-2025,/AaDAWOa1xHYszJmf3YDR3arSjI.jpg
1509983,Mrs & Mr,11-07-2025,/dZVeeyeIl8vfzPSUqZOyV0ConEA.jpg
1508535,Thotram,11-07-2025,/6Z8fwJw4buTOiWWL498PfMYpm8e.jpg
1506415,Maayakoothu,11-07-2025,/gU4rOlvlryJ5ztuQQVd2p6DBbAx.jpg
1329271,Oho Enthan Baby,11-07-2025,/ffnBY54B4Etmu0UCpMXiJNNTlRV.jpg
1514832,Edharkaga Marubadi,14-07-2025,/yEnkX7Wkx8o0QJSIKJkpTWCyNVL.jpg
1569960,Magudi,17-07-2025,/nnQRIETvfvSh1tYMdwL2DrKYWzB.jpg
1514063,Jenma Natchathiram,18-07-2025,/slPH7HCWr6RrfGeVWjlK3nLFbMc.jpg
1512637,Gevi,18-07-2025,/oHnCOMJHAOTBKQEKr2S7MV6u7En.jpg
1509350,Yaadhum Ariyaan,18-07-2025,/cqnTAE5uDQs8Sff2bVOy0gsjJMU.jpg
1495790,Bun Butter Jam,18-07-2025,/bCnVJU1HrQVpk0R68aOw93iIeKJ.jpg
1480619,Central,18-07-2025,/99DKGpMa9YxefB2cnmySMNt15mj.jpg
548437,Trending,18-07-2025,/y6V1mmiMzoLjn4kW05LZ2Rqt3J2.jpg
499371,Titanic,18-07-2025,/96HzElhMpJ1FxMNwWFULRiE49kX.jpg
1593718,Tapes Of Kannimedu,19-07-2025,/t6rCrPDhwCiAueYjZ4nSdfxNiC0.jpg
1637884,Drowning in the screen,20-07-2025,/visz49XqGvgWsPjxj5m4LFrgL9r.jpg
1434580,Thalaivan Thalaivii,23-07-2025,/jfN2iQLfhvziz9YlR9WbB4VVQvk.jpg
1022074,Maareesan,25-07-2025,/c7JGfFgMnNuyF2Q4FSu7Kgip3mK.jpg
1571217,BLACKMAIL,01-08-2025,/3RfBTufJuotin6yRGy51KykFc1Q.jpg
1542905,Mr. Zoo Keeper,01-08-2025,/igRQ2c2XMxyvsD6vL2BjrESVMG.jpg
1517511,Accused,01-08-2025,/rueMH9RZH8G8SUbEDt59Ill5Ce2.jpg
1515780,Bhoghee,01-08-2025,/ocopY7ViBiq1Kf34iKOsPq9mitt.jpg
1514325,Muthal Pakkam,01-08-2025,/rpwPPO0M1WO3AydqkBzyFFqbu2L.jpg
1509804,Usurae,01-08-2025,/80CaCVFGuM9f9yJzw5SripdLlAq.jpg
1508221,Surrender,01-08-2025,/6hO3e3dANv4diElVRZbACxFXAZA.jpg
1505291,Blackmail,01-08-2025,/ppZRUMG5JnQo2JDvgDYRRWHDkje.jpg
1433545,House Mates,01-08-2025,/1HeWmcvzXKyBrUxCFdbvEni4spb.jpg
1525013,Killing the Travellers,03-08-2025,/a6hWNLKCAUvUrynymxgb54Z5xzK.jpg
1527473,Paper Rowdy,05-08-2025,/429Xob86M83QAjxwqHjVieNLc0c.jpg
1500030,Wishes of the Blind birds,07-08-2025,/ynYwBrS0SpZqvIWAwkHyJ83tqOb.jpg
1603780,Raagu Kethu,08-08-2025,/v8HLEY2dfQrzZztID0PHh0eLFX0.jpg
1556782,Naalai Namadhe,08-08-2025,/c1DAu6hecYyF8YME4zubvBIwx52.jpg
1528217,Vaanaran,08-08-2025,/5ugesdSYJMlCH5VQDBjC0WCQXsJ.jpg
1463344,Red Flower,08-08-2025,/qzzYeTPZLQqVsszo5dCBFll2QXR.jpg
1153399,Coolie,13-08-2025,/kr36awqmziEI5mfUElsHB0pj9zP.jpg
1225968,Indra,22-08-2025,/ha0vIE3iVFAMm3M4i5DNCmwSiO8.jpg
1569004,AlExperience,27-08-2025,/cIbecyfHP5G98AFYhpXBxg1EG4D.jpg
456281,Adangathey,27-08-2025,/nEBLsOU0T82JzdCNpUqmHL1dpAy.jpg
1536654,Pei Kathai,29-08-2025,/MCUkfolsJ62xYgvCVEX2vWzEuz.jpg
1534185,Sotta Sotta Nanaiyuthu,29-08-2025,/8X43VSgQ1X7ZQUg5EwSVTL60tI.jpg
1530657,Kuttram Pudhithu,29-08-2025,/cvGwWHmIlRb0qUoVD9AlU6UNc5V.jpg
1478844,Kadukka,29-08-2025,/k4p4QoWK4kdzyEWrD0XapdBS9Tx.jpg
1538920,Pugaiyaadal,31-08-2025,/qnJjMlQwWRXkf0rBbG0urSgmLuC.jpg
1553052,The Savage,01-09-2025,/t9DmXlbS7h8Wwel74DHGWPARW3L.jpg
1297181,Madharaasi,04-09-2025,/dw3Dllz1gV7186m7clqNDnI9R28.jpg
1539325,"Dumb, Dumber& Dumbest.",05-09-2025,/9FQ3X3s2WLyZz2XwhhpE0RXDVvA.jpg
1506282,Gandhi Kannadi,05-09-2025,/1rMps2Io6aRbIuyNEMfPPPUZo6N.jpg
1403839,Bad Girl,05-09-2025,/1vCLv1AyDP5aeNCMJqw7RVCLkSp.jpg
896453,Flashback,05-09-2025,/rH3Svoode1JouAuns60wZqFn6gO.jpg
1543249,Arachioothuna Kuzhambu,07-09-2025,/2uxw76ZuRF78zmjQjjZZZRrqcRV.jpg
1583926,Uruttu Uruttu,12-09-2025,/xV0SIhzhuiKqXBSKKDaTWMfjZLF.jpg
1542842,Andha 7 Naatkal,12-09-2025,/dH7t44SnDNFH230Ju6HmJBdXe9l.jpg
1542183,Yolo,12-09-2025,/hL4YzLimcA8GOsALlxuaf9hxlVp.jpg
1540782,Kaayal,12-09-2025,/2s68KJY86yKZM0S2UjqJ7Cele85.jpg
1540478,Madurai 16,12-09-2025,/jBpK2iiq6FBWGO6LrQhB5BBOqXn.jpg
1534309,Kumaara Sambavam,12-09-2025,/L5wkNEZWBpMY6aq9jtZ3sjInZo.jpg
1499180,Bomb,12-09-2025,/jCS8gu2QiZDUqq3MWVe164ss966.jpg
1090991,Thanal,12-09-2025,/5CVSHJZBlTG5xF7UqrWTHquBLtX.jpg
1549411,Sprout,13-09-2025,/tkMSAiPFXrxkPprWpyPqVBdKSRa.jpg
1501962,Unn Kangalin Vattathil Naan,16-09-2025,/o85D6ERcx9d5lGyhPVZfycBZbMQ.jpg
1538926,Dalit Subbaiah: Voice of the Rebels,17-09-2025,/xm0AfE4X7qyb4KODgc9Db86GNBN.jpg
1425630,Shakthi Thirumagan,19-09-2025,/eKMNqfF6BJZ47O7OklrMgZ5r6T.jpg
1299039,Kiss,19-09-2025,/rLO7zY3JuEwkNSvXDM9rTD3kGg4.jpg
1091043,Thandakaaranyam,19-09-2025,/enkPbejfPmM8o2bgbhnLSX4fCAV.jpg
1551138,Right,26-09-2025,/yA3g7UZeYkku6kfmrbikZ745PTQ.jpg
1548586,Kutram Thavir,26-09-2025,/z6EDR1nsO4oAQ8eeSTxDQqpQubm.jpg
1492963,Kiss Me Idiot,26-09-2025,/e16b4KzHfWqrnebJ1vJo3CLuYWt.jpg
1598608,Wrapped-Oru Arimugam,27-09-2025,/cLg8rRTYtCoFxFbNv1GjBhGb9gB.jpg
1323880,Idli Kadai,01-10-2025,/9ViF6UTWMh14gx77RvFALe5R6AL.jpg
1561399,EMPTY BAG,02-10-2025,/qKWxzCphEDnCkquTK3JUDGsZCHK.jpg
1551146,Maria,03-10-2025,/rzxyi36dgsjgnIyw8RethRBUWC2.jpg
1681077,Kayilan,10-10-2025,/kL6M9mkDxZ0ofBwVYk8ubX9xTf4.jpg
1559092,Will,10-10-2025,/7eUMnu3jsZ9RVsV3nooUebKcinn.jpg
1558252,Irudhi Muyarchi,10-10-2025,/54UDLmD1Ug7fWaUDnu1Ysh2rP1U.jpg
1553472,Marutham,10-10-2025,/aYecxi22s9gDVFfjojhdyZiWUcp.jpg
1433133,Rambo,10-10-2025,/qqlcaDSFv9bPJFLH4TV5iPpXiJ.jpg
1560204,Kambi Katna Kathai,17-10-2025,/h0CqTITsCV52JCiFHahWZDV3qPv.jpg
1321108,Dude,17-10-2025,/oLUbL4RtynlTtKd1byseeOCkIZO.jpg
1257957,Bison Kaalamaadan,17-10-2025,/5IPFJ2XFbYjdIw4912ZufCMolX.jpg
985379,Diesel,17-10-2025,/A3jv9cICPkVHx48h2NZXW4c1ZnP.jpg
1565132,Dear Jeeva: An Unconditional Love Story,19-10-2025,/8t5cXP8e0NJN4wOnwDtJuMBmLxe.jpg
1570608,The Tiffin Box,28-10-2025,/te8uoOVXTsiXCJXuoaHSAn1ojjw.jpg
1578351,Desiya Thalaivar,30-10-2025,/gYdnSQKrPyUW3ZaqFWBm0T7mKTM.jpg
1576690,Irudhi Strike,30-10-2025,/lrhLNwHEOfNURGmOGDVgcL1kxU1.jpg
1565017,The Last Endless Night,30-10-2025,/aJ5F1kviJmaWUHDUFUitR6aRCFv.jpg
1557086,The Well,30-10-2025,/cSRKwFYUJn0i3f4CqGtgGprosxE.jpg
1645649,Messenger,31-10-2025,/o3pi33NfDtGVSrueuMVg1GC6IDa.jpg
1569802,Ram Abdullah Antony,31-10-2025,/8Q2oWlhw5bkbczKWbWuayAQVSGv.jpg
1562718,THADAI ATHAI UDAI,31-10-2025,/kqWfVxa6RO39EvtkZ7te3euWvXY.jpg
1435139,Aan Paavam Pollathathu,31-10-2025,/5eZzBvETRK8uDz3mUK0Feio2T5C.jpg
1318308,Aaryan,31-10-2025,/rRjh3zumdW89fNMe4tdjmALB1xG.jpg
1607699,Metro Kadhal,01-11-2025,/sLyKmQqxz4kbgyAjTLrmanwxjyo.jpg
1575832,Lament,07-11-2025,/zI4XzclZjyJfBVJVSOLF591APX5.jpg
1565129,Cristina Kathirvelan,07-11-2025,/smcFLjNtPgCv6VyKHCb8QveXhG8.jpg
1562299,Parrisu,07-11-2025,/dihLZKIjuKqMwrMGaQEQIukU9bH.jpg
1551992,Vattakhanal,07-11-2025,/kU7x4Ki24zE6i8sFluM6Xf9mcg3.jpg
1531058,Others,07-11-2025,/2rdDxephzH5bpp3Z5aKf55evRbA.jpg
1489510,Aaromaley,07-11-2025,/80YOW8UVr1ublMX2Q638MCdS2Q4.jpg
1404000,Macai,13-11-2025,/8CCADHl6kh3B7YVuBtXbbEUG1yg.jpg
1250508,Kaantha,13-11-2025,/a6A0CvOMUUbQNfgkRSPqf5JMpsU.jpg
1581336,Kinaru,14-11-2025,/umcyeVQ1FfMm6ZRMjAEdfV2FNmu.jpg
1566713,Irul Inithu (Mirk),14-11-2025,/3nWLUCCzfBjHdIgoljD4bylfoQp.jpg
1544976,Kumki 2,14-11-2025,/wBz0uP5urY0JqNERnCCTtSVB0HK.jpg
1544547,Madharas Mafia Company,14-11-2025,/vJQMhRL9gv8qCy6iK10ou7miY5i.jpg
1541503,Dawood,14-11-2025,/nq38CcUlghZjweCK14SLmF7hf4t.jpg
1377961,Spirit of the Flesh,14-11-2025,/vT5FVVOzkPlH9Cs1xAuns5hi6dx.jpg
1567963,Auto Queens,16-11-2025,/uFeMvkREfImHvwuIgqN6UJXwy3o.jpg
1608032,Yellow,21-11-2025,/zC62Ps1vXYoxfrVu7u5RDK1SmyO.jpg
1595756,Poonga,21-11-2025,/5WAdU3WLlxpPxd2kHbzo1oW2bGx.jpg
1584857,Murugesan +2,21-11-2025,/aqKD86ZJTPnM0YrEH3toHzQhSTc.jpg
1578379,Iravin Vizhigal,21-11-2025,/lZv2p2wWfRi6ffNayXpPlm56DH8.jpg
1566666,Middle Class,21-11-2025,/3cn1eQq4xhax9OBLxfyraCizGAp.jpg
1314278,Mask,21-11-2025,/apEDL4eZ5xrEnFeQJvxST6Rm8Ub.jpg
946040,Theeyavar Kulaigal Nadunga,21-11-2025,/aAQ0I4EZUmg7dEyTwxYZi1dYB8Y.jpg
1728546,Adhiran,22-11-2025,/gQ18DXk5rxUYYHylsA73BBb9UNp.jpg
1555298,Rajini Gaang,27-11-2025,/grMIi3H6XrqJQTtJdkzmZtkoYL7.jpg
1680497,Galatta Family,28-11-2025,/wuXE99zta3rMrsrLSZ5yQ785zsa.jpg
1602372,Friday,28-11-2025,/p7b9U8F2XcT40B0kWREN8UCIY1G.jpg
1586508,BP 180,28-11-2025,/xtmiUl8lvjAVlQq0pjVgdzNMlGP.jpg
1565650,IPL: Indian Penal Law,28-11-2025,/vXNuxvpzCkw22wnO9Uvjn7KmV1I.jpg
1074048,Revolver Rita,28-11-2025,/vhllGhZ2TBbyB0f5xjgj181PP5T.jpg
1589864,The Prediction,30-11-2025,/e52bVAruu4TuT2AGNi0QLdmdLoE.jpg
1620037,Joe's Cafe,03-12-2025,/xyivgJS17kIwxyczw8cjnnh5UEG.jpg
1123859,Blues,04-12-2025,/z0loATnDKCR9LdF9lFRjzQ1KuLi.jpg
1730079,Saa Vee,05-12-2025,/pVswY8WgLXOfuiAYlxVqwnNxUf6.jpg
1593062,Saaraa,05-12-2025,/6pvu3azYg8t7w9IhZwAi6aBQaS6.jpg
1591730,Konja Naal Poru Thalaiva,05-12-2025,/oSJlWqRbatnlPmGGB92cNgd52GZ.jpg
1586614,Kannagi Nagar,05-12-2025,/9Wi7mSiQXkAuLWTAfkXIOrRRRFR.jpg
1562008,Game of Loans,05-12-2025,/gEaJ4gBkAzWgsHDGwmnM3dJf6Eh.jpg
1561955,Stephen,05-12-2025,/yUURUJzeSTc47T2VeNw7nZwZ8VJ.jpg
1369654,Angammal,05-12-2025,/40hCB8YcFo2XT8yPUzpFdDmDwgS.jpg
1597781,Pechi,12-12-2025,/xuCihl87Z7GG9KiKNR7BD1DZTwC.jpg
1595744,Yaru Potta Kodu,12-12-2025,/yN3wynYmLDu11STt8AEXWJ00ptQ.jpg
1592043,Mahasenha,12-12-2025,/kQeOxMQ1F8E5vixcLfju3vYRT0U.jpg
1564672,Kombuseevi,19-12-2025,/dHopJETvP974dxkowWbmrr42EKD.jpg
1310458,Saayavanam,19-12-2025,/FfkveUaCib1ukPkBMeU2IFQcqw.jpg
985354,UnPaarvayil,19-12-2025,/3eMbzqxiq4P0KrdQSov2G9x6wyc.jpg
1554304,Francis: Chapter 1,25-12-2025,/tpIRhyx0pIJnAhaZUDBcFQ7cWGl.jpg
1487142,Sirai,25-12-2025,/mltVJD7mBayiw1BubwUL0cx6T1c.jpg
1413333,Retta Thala,25-12-2025,/zlE1oVtfr7MckzDyEMZkF4WIvGG.jpg
1610646,Dear Radhi,02-01-2026,/9m7Bq47NxPxbJrkzu3QaDiv1D1W.jpg
1606938,Kaakaa,02-01-2026,/fl7vU6bo6ShoaxPCC8WXnVZKD3i.jpg
1604186,The Bed,02-01-2026,/6CdtezbuyAOoysNeHacPXxPqXSz.jpg
1603231,Justice for Jeni,02-01-2026,/lxNJzRszqYgRSdWlyyXUJD0RHm4.jpg
1600735,Anali,02-01-2026,/swU1gHR88apVPthor7RVv8AOa1j.jpg
965483,Parasakthi,09-01-2026,/cpKJGYU8Z1iSXzkgDl8vhazk5EQ.jpg
1608579,Anantha,13-01-2026,/y1GAbomStmF8dnvrsYzUGiqBFy4.jpg
1112564,Vaa Vaathiyaar,14-01-2026,/hb1YWskm1H2YwNj2KF2BGWgLA58.jpg
869140,Thalaivar Thambi Thalaimaiyil,15-01-2026,/wqofJvDrFv65QgyVmNI4loi9jZZ.jpg
1620127,Du.Ri.Me,17-01-2026,/cEQXOztRjemAlmKyeIgPA0KoWLf.jpg
1712038,Three Pieces,22-01-2026,/9HThRZw3CchnswMvPe7OUJl1NtD.jpg
1566095,Hotspot 2 Much,23-01-2026,/hyjPxlIfljrzdQes1XAABfYvOsj.jpg
1552952,Jockey,23-01-2026,/69zi48P9NIwPq7qdssxQ8qqbBNG.jpg
1536580,Draupathi 2,23-01-2026,/vojJemS5USdagshMLWS8JyrU8x6.jpg
564338,Maayabimbum,23-01-2026,/6zMiVFdjJ4JXlkeHctHYQQOtEoy.jpg
1628307,Karuppu Pulsar,30-01-2026,/83i18z9j9Pezyfbd9vO2sz74GcT.jpg
1627642,Thiraivi,30-01-2026,/1GKLS6uH0erNZYvZP0pTVXDNxYL.jpg
1623927,Granny,30-01-2026,/eaeKmjzKOKFOGmXOoURrVsLncqF.jpg
1566325,Mellisai,30-01-2026,/tkXbSUHh9XhEwUQkSiCZxUfbtYm.jpg
1298092,Lockdown,30-01-2026,/upUB6qQVrAQ3jUUSUkDFOfGFdQn.jpg
786567,Gandhi Talks,30-01-2026,/p4iQT3s97T3gQOLhTj0UplzYMOj.jpg
1568076,Mayilaa,31-01-2026,/57fdtOf3g6yxfSB322pTMN9Ke0t.jpg
1632340,Red Label,06-02-2026,/4igrj26TQvSCQ60vgVFSEQfIqeF.jpg
1628578,Yogida,06-02-2026,/qG8xiHPIJJqdH9WKpZXaeOaiouk.jpg
1627911,Kadhal Kadhai Sollava,06-02-2026,/5bnBIP6brIVCOgQ6D4lIQ6CbUvs.jpg
1508564,With Love,06-02-2026,/mKVSozOhy9to5AFfIX1tsDDFrFK.jpg
1752306,Dream Girl,13-02-2026,/89Mwr7BvdhgpjysLCxgO1h0NK8e.jpg
1631717,Dream Girl,13-02-2026,/lFGujFFdclNXyqr9Yq2bpUxnLVP.jpg
1629469,Sweety Naughty Crazy,13-02-2026,/8TUdDDC26HQWNS7SdrYHSzyfYgZ.jpg
1571507,Therincha Kadhalinga,13-02-2026,/viW3z1y9RABpkqNyeosLw3JskId.jpg
1560749,Mylanji,13-02-2026,/88CE1iiFGBZWM2JgWaqta7XloXu.jpg
1539987,Pookie,13-02-2026,/6b03JRKA8rSmSq8VTh3ssXSpBfr.jpg
1427157,My Lord,13-02-2026,/4KeSDSdO327dOYcjbkeQPJ9c73I.jpg
587196,Kaa - The Forest,13-02-2026,/awOmezCjTcdyjesrzowHIRYUUbE.jpg
1616817,Members of the Problematic Family,18-02-2026,/nGSxYOikhHaG6LYwk2zVzDz1nyj.jpg
1637915,Siva Sambo,20-02-2026,/7m30qiKershRFUciU4v5YVf6Amt.jpg
1637907,L.S.S: Love Subscribe Share,20-02-2026,/hylzMKvq8X750xOxQnx1Gb0rVWM.jpg
1595203,Arivaan,20-02-2026,/ag9CHUq5KNw4Di19WRQqfAKsqOq.jpg
1324842,Lucky the Superstar,20-02-2026,/fb5ao0wON2Dq3atOy3rikyL8IsP.jpg
1641315,Fourth Floor,27-02-2026,/zWvALKGFD4X8LXVvLIvwIeUfXvC.jpg
1607661,Aazhi,27-02-2026,/1SQ0PL6bf0IHdf2xV8sIiMbc8Wq.jpg
1602783,Thaai Kizhavi,27-02-2026,/21dLAnBhu3dMjQ89UIHGEtkoQ02.jpg
1717473,THIRUPARANKUNDRAM FILES,02-03-2026,/vW814FdfUf8WZAhbAVYnzw5hOlv.jpg
1645748,Chellamada Nee Enakku,06-03-2026,/bR5aPZadKKgOJs4qTTZBc7NAEDb.jpg
1631856,Oh Butterfly!,06-03-2026,/w0g0bhCuxq0VSMVgER9LLhQnil1.jpg
1606490,Andakagasam,06-03-2026,/taJN2jorDasNzD3Uw9dHnXeTMh5.jpg
1595494,99/66,06-03-2026,/ivXQa7KWtotZINFWB9ZsssUSKpU.jpg
1593339,Yaarra Antha Paiyan Naanthan Antha Paiyan,06-03-2026,/dfyjU8XdjWzhVYGEhMYR16wrxu8.jpg
1568600,Kadhal Reset Repeat,06-03-2026,/3xMgvXDquViX50l8rwle5SbShqm.jpg
1524468,Vadam,06-03-2026,/yXLHQ2lhwFXsNyoaZh5OjOUfWaM.jpg
1029483,Aasai,06-03-2026,/AsFIlHLtpwhfebwLSHgH9A0iw9R.jpg
973190,Mustafa Mustafa,06-03-2026,/43f2rZ5GE016leKWIntH3k9CXNN.jpg
1561687,Made in Korea,12-03-2026,/n6gCKjagOFsU4arFngUq2QqR1jv.jpg
1651658,Wait Is All I Have,13-03-2026,/eWzu8bF07peQ4szJIYym8i3wl4c.jpg
1649176,Kolaiseval,13-03-2026,/umwo3WSWZgVEN9Cv5p8uWfizcuk.jpg
1646090,Vowels,13-03-2026,/BqHup9TCZtCJfHx5AmYNuOjMCM.jpg
1642665,Anthony,13-03-2026,/iSTE5UGlQ5YlPiMdsuCOAnChY9X.jpg
1617089,Vengeance,13-03-2026,/smBBimYvcIbVrDNwHY3aUD39dmD.jpg
1597280,Kenatha Kanom,13-03-2026,/4jFuUoddURp94ZvL7haeunK7fsm.jpg
1542352,Youth,19-03-2026,/odMKGyeC2rGuvr3Yy7S8txD0sFx.jpg
1660940,Nee Forever,27-03-2026,/qEYp2LgileilGofZVVLL8Juuh2G.jpg
1634666,Muga Naga,27-03-2026,/bEz9lkKteL4TeBEe9m5xgkYftzL.jpg
1518247,Happy Raj,27-03-2026,/8hmB6KNUFFzChYJxngIp063H2YR.jpg
1506633,Satan - The Dark,27-03-2026,/uFjy89xe1Us6iRfdsKAn05Y1XGX.jpg
1660681,Maragatha Malai,03-04-2026,/lzb1QiuVWSJ89rJWsfJEqWvAfmX.jpg
1652180,Neelira,03-04-2026,/a8HvmTThFuE4lbQ8zCdm7tySgpU.jpg
1536911,Carmeni Selvam,03-04-2026,/1VjWJjNt5jefOJAnxJEvC7B7ulV.jpg
1504848,Leader,03-04-2026,/eitNeP5lMT67piVVA8h31lb5keN.jpg
1445033,Kaalidas 2,03-04-2026,/ApDBzqTF6aroJV7IuMgRwrCET2.jpg
1673757,Guest,10-04-2026,/zHjvG5LwwjfEZzjBnIftFtBfGaL.jpg
1638094,TAXILA,10-04-2026,/glwttqpXxFyFt9wnuSp7I4Cxwo3.jpg
1556783,TN 2026,10-04-2026,/mAX1ujOROXtKsOuIg5MbJbotOyD.jpg
1507233,Manithan Deivamagalam,10-04-2026,/umlG9mq5Zw8LACRpD2FQDB7WLSa.jpg
1209511,Love Insurance Kompany,10-04-2026,/pOWlTPQtU7sBHaNyQtQS4pwLGuf.jpg
1669443,8th Street,12-04-2026,/389dBTTUekSHKg02niYdeoZWr6t.jpg
1126723,Mr. X,17-04-2026,/7aqx7T9FNu1HPCyb0CBjJtjshoU.jpg
1678388,Commandovin Love Story,24-04-2026,/cSMgWqXRVK4Q1q9xDqUpa8fLlgL.jpg
1677611,Breakfast: Accept the Reality,24-04-2026,/xpFEHrivqCbeRem5XQsSmh1TMWi.jpg
1575753,Battle,24-04-2026,/priP1Z204giCpGZDacTMv1JP2jO.jpg
1402008,Paavakoothu,24-04-2026,/o1TTMEVo4wl7ByjcMDK9tK98BLO.jpg
1730982,Dark Face,26-04-2026,/yDC9z6tquPS0Nc4JZaHNjSpGon.jpg
1433117,Kara,30-04-2026,/uIrFdMWlJFdc1jPBP9bxeaISCDj.jpg
1606210,Bromance Kadhal,01-05-2026,/gm8XaKWxu7LKJRrqyQrdABaBJCl.jpg
1766375,Sattendru Maarudhu Vaanilai,07-05-2026,/48cKhtBv7RH2O4mDjT7w9gX0is2.jpg
1688710,டே 11,08-05-2026,/qSlg9ai7x0LFjtfPvIGxfvIsHJD.jpg
1510769,29,08-05-2026,/aQZ4OxzaYTN7cRN7fALi9BhPucp.jpg
1367220,Karuppu,14-05-2026,/4KZXlZ5tTT6ghbW77gS4hSLkCd7.jpg
1696756,Karaa,15-05-2026,/toWMJcEqHIt7Tqk5UoMGElbDSNI.jpg
1507097,Sattendru Maarudhu Vaanilai,15-05-2026,/tTgiNXkrg9LS6Qjvrnksev7ztIo.jpg
1700251,Kaalam 2026,22-05-2026,/4evUmfKBSHCa13WZl700pkByMYB.jpg
1515729,Blast,28-05-2026,/lpsUpXieodUhN6DlK9ZDnjkysLk.jpg
1737178,Ego Raman,29-05-2026,/rFKCzvt5uw7wjG9ZXaUXL8MMq1Y.jpg
1732605,Sannidhanam P.O.,05-06-2026,/1CHaHGqw4DaQppjxKDzOzGJCdv7.jpg
1716785,Manasukkul Oru Mazhaicharal,05-06-2026,/tmWnKifjZWBvlGL7W6XiOmIMbZb.jpg
1602337,Parimala and Co,05-06-2026,/vN2TOTKin83av7hwYnwAKSd3EG8.jpg
1710563,Nizhal,12-06-2026,/sqdnjFOemwhDe6Jeu9K51J8E5RE.jpg
1686580,Moondram Kan,12-06-2026,/zScF00DoAaZoTxysoxTQk7aUge4.jpg
1655049,Habeebi,12-06-2026,/kHU73XK0DHhphgo7U6MUQz8ADYv.jpg
1595789,Valluvan,12-06-2026,/iq9HZqIhcUe3eYwUdiWxqmGzxSu.jpg
1565790,Double Occupancy,12-06-2026,/afwvI8D1SLSMqINJbq0Wi9eCBWt.jpg
1503015,Charukesi,12-06-2026,/vpLFV4vrb5O56ydvnAvuA1QX6Jm.jpg
1715800,Dark Giant,19-06-2026,/jKeyjIdRacMd3iDvSVhdRtF4GJY.jpg
1544326,Nooru Sami,19-06-2026,/1dKmZB9KVSOA6mq6Oa2t6HYd8E1.jpg
1719774,Suitcased,25-06-2026,/xlvXWWT7XSdLeu2Q107vNEVeZDJ.jpg
1738076,Andharan,26-06-2026,/3cy5aVMPcIkEn99lDbgnH7j4QOj.jpg
1596008,Con City,26-06-2026,/pJ4UwvLpek1jK8d540Ho8xI08iL.jpg
1485325,Angikaaram,26-06-2026,/rRyz56Fubfwmre6F5QiYyIzKmnT.jpg
1434102,Heartin,26-06-2026,/7xvMocNLZov64aOU1X3BRWawjD7.jpg
1724890,Find Me,03-07-2026,/7lByW5Hsy1r7NwNNP5B0wECEZTI.jpg
1514180,Dark,03-07-2026,/7IkP3wuH6Sz7xqUHrqDMJZfoVDe.jpg
1509599,Gatta Kusthi 2,03-07-2026,/5U8MWIk9XZ60NALyOTpyX7vXIR7.jpg
1731710,Unsaid,09-07-2026,/tAWIXhjYgf6lruQ6j4Hdza3x8RW.jpg
1620357,Lakshmikanthan Kolai Vazhakku,10-07-2026,/pGS1KRODHNYzR35slcgJp9NzMiP.jpg
1579405,Love Oh Love,10-07-2026,/37svY2bwI83NSHuR6KSQeBhjgOt.jpg
1432631,Idhayam Murali,10-07-2026,/8gfs5OsGINENFAl0h1XZPNup9lI.jpg
1616237,Arulvaan,17-07-2026,/m9KJuxjN0n9VnHDACqLEfltZv8z.jpg
1607634,Anbe Diana,17-07-2026,/201CEvG6ayNj71iSLxxEk7pUv0N.jpg
1607621,Arjunan Per Paththu,17-07-2026,/pZiRQ7hVuDzFkCVmzw9slhjSLhO.jpg
1654365,Sweet Rogue Killer,19-07-2026,/4GO0hCv3AowTaSXlBDyzxlThmez.jpg
1235877,Jana Nayagan,22-07-2026,/jt8pfSIdi47YpFMMWVRr8w5u2S0.jpg
1740837,Oru Kaalathil Aasthireliyavil,31-07-2026,/thJNb4WSErDxaYQyY11P7TUXGeL.jpg
1745623,Iron Farm,06-08-2026,/rXGpAOounp60Z64mLILtnl4UhrC.jpg
1740942,Photographer,07-08-2026,/2viJLcdWykkcagEfHpGZupbZiq4.jpg
1489543,G.D.N,07-08-2026,/f4CJS8MgxHalhCNQQCoHNN7wD0b.jpg
1479832,DC,07-08-2026,/cB6ZAWK70cR5HVnGK6BaCr8W4FH.jpg
1506833,Magudam,14-08-2026,/uPsJfQHRw5QiwQqOoOQWkfBmnhE.jpg
1408162,Vishwanath & Sons,14-08-2026,/mLsvCffzpxxDwC7yVLJSLLjgzoq.jpg
1571138,Equal,15-08-2026,/bROVGsO4GBopYCvEZgfKYIJex2O.jpg
1581313,Ananya's Call,17-08-2026,/y9jYOo9z1FIav4YNAFkGAZDq0HR.jpg
1685882,Modha Rathri,21-08-2026,/lZiTSLDLIkW9YS6CWo8uaXZMcO6.jpg
1590380,Ram and Leela,21-08-2026,/j1X0t57PguWBcaa8LAOaAHGyjcK.jpg
1538273,Pyaar Prema Kalyanam,21-08-2026,/AjaNAeMXOrK9n0YqGqX0Lz5qxYu.jpg
1755757,Poovellaam Kettuppaar,27-08-2026,/wLjlGUQp6xdnlcfdPQ9ZOqqLnmD.jpg
1763029,Manithan Enbavan...,28-08-2026,/rwPdKSpyIoBS8tM5oH0hJqgVbDA.jpg
1709263,IRUL VAAN MUGIL,28-08-2026,/5wAk3VpRBSuBHqb7n5QB76vfoGy.jpg
1318304,Once More,28-08-2026,/ljk9oaU1AtLYZWULmNLtJdtAKzX.jpg
1314279,Hi!,28-08-2026,/4oXPb2fRTWBmIOxyyj2M64Nx33C.jpg
1764201,Yen Ennai Edho Seidhai,04-09-2026,/A5B8tt7aM7SbAKs7I9jRunaAR3Q.jpg
1762080,The Yellow Elephant,04-09-2026,/eUclgdW7wRJfe5NANxtJiagcn3y.jpg
1728047,Delivery Boy,04-09-2026,/5JykVg5yWm5QiFyeEBq3diDmI5.jpg
1542884,4 Idiots,04-09-2026,/zcHMRPurZAF9SOrKIwT2WtjX9JH.jpg
1505305,Immortal,04-09-2026,/8Ev68TZqunJ31uvn7cbchALeDkn.jpg
1764385,No Other Choice,05-09-2026,/8y2oRpWV8FoA7PUzDNJAu8mhLny.jpg
1465943,Mandaadi,10-09-2026,/cDFW9BI1PSqrBWu8W0ZoeUQivEM.jpg
1317872,Sardar 2,10-09-2026,/muGsRtsNrG1gnlF2fPYrBa4TGlr.jpg
1686999,Enna Vilai,17-09-2026,/cfDAwfo6z4KRAe9Cqv7mOzhc2I5.jpg
1766087,Nallapadam,18-09-2026,/9BrzZU201b14LIpw401AYZTM0GT.jpg
1758603,BeeP,18-09-2026,/kZq0kfFErlzl30J5NlfnjxwH3ni.jpg
1618200,The Dark Heaven,18-09-2026,/xFr0Q7j2JmOwBJnvImIgTAWBk4U.jpg
1603779,Paris Cafe,18-09-2026,/gmzszRt3b92LzEzBDwKVJ1SscRZ.jpg
1576223,Rage,18-09-2026,/AkHcgW99FWcbJWKh7zmbxQaIDMf.jpg
1578079,Dorothy,25-09-2026,/3RnxzfJ66aKrb7TIxsozj1DkWtU.jpg
1563192,Lenin Pandiyan,25-09-2026,/qhvvef3ayMfnuA4wQcPscC8em0A.jpg
1538457,Meesaya Murukku 2,25-09-2026,/qD1QwmInB9ezd2peVb5EbhaM4Mo.jpg
1431738,Anbil Avan,25-09-2026,/7DVimX44266Vo88y7n7YrpTSMdg.jpg
1515692,Baththa,01-10-2026,/bsFSlIwsH0Lrqo9TtGv4KwvgKS1.jpg
1404362,Mr. Bhaarath,01-10-2026,/dtCv7ukIeiein6GKpIVjSzn6qA5.jpg
1363286,Demonte Colony 3,01-10-2026,/rtIXvC3ShBY6dyogJYTkoTxB48D.jpg
954445,Yezhu Kadal Yezhu Malai,01-10-2026,/wdWQA1IVCYiTTEZMSnWl1tzhBd3.jpg
1752883,Kitti,02-10-2026,/9TOunLTr9xm3ZjSfdM7pWdxpdcJ.jpg
1395215,Sigma,02-10-2026,/sB9Y4iEpmq2dUzymZqneRGg8DjU.jpg
1723008,Selvi,09-10-2026,/svW7WyOXMvcTgnKqlHLOrs6W53V.jpg
1234139,Jailer 2,15-10-2026,/9tTHcPNt6OgkTVzGu4gwVQDFRWr.jpg
1626806,Seyon,16-10-2026,/kF7zByEOT2zwrmIyfpxcn5byowY.jpg
1384528,OM Chapter 1: Udhiram - The Blood Wood,16-10-2026,/8f1pQYG9UxON4GAKXhNxfeG1rhI.jpg
1593350,Haiku,23-10-2026,/thZGedKvZnnvuLpNWEA1nmalM7K.jpg
1318314,Irandu Vaanam,23-10-2026,/krpKed84YWgXLOUDtvwPnbqIPhB.jpg
1402181,Scene,06-11-2026,/kfc4w3OX8QsFm8f9MPUdmGheNl3.jpg
1306500,Moon Walk,06-11-2026,/r6tHsCtTnLJ7aK6B8yl25jY49Jq.jpg
